Entity,Code,Year,Land use: Cropland
Afghanistan,AFG,-10000,0
Afghanistan,AFG,-9000,0
Afghanistan,AFG,-8000,0
Afghanistan,AFG,-7000,0
Afghanistan,AFG,-6000,39494.934
Afghanistan,AFG,-5000,102111.15
Afghanistan,AFG,-4000,612190.3
Afghanistan,AFG,-3000,1137202
Afghanistan,AFG,-2000,1555634.1
Afghanistan,AFG,-1000,1910775.4
Afghanistan,AFG,0,3525103
Afghanistan,AFG,100,3925457
Afghanistan,AFG,200,4314984.5
Afghanistan,AFG,300,4266201
Afghanistan,AFG,400,4215136.5
Afghanistan,AFG,500,4161437.5
Afghanistan,AFG,600,4104804.2
Afghanistan,AFG,700,3923520.8
Afghanistan,AFG,800,3742308.5
Afghanistan,AFG,900,3600062
Afghanistan,AFG,1000,3455951.5
Afghanistan,AFG,1100,3572701.5
Afghanistan,AFG,1200,3674161.8
Afghanistan,AFG,1300,2505086.2
Afghanistan,AFG,1400,2603808.2
Afghanistan,AFG,1500,2679784.5
Afghanistan,AFG,1600,3206736.2
Afghanistan,AFG,1700,3032549.8
Afghanistan,AFG,1710,3087023
Afghanistan,AFG,1720,3135878.8
Afghanistan,AFG,1730,3184771.5
Afghanistan,AFG,1740,3233588.8
Afghanistan,AFG,1750,3282257.5
Afghanistan,AFG,1760,3330691.8
Afghanistan,AFG,1770,3378742.2
Afghanistan,AFG,1780,3426296
Afghanistan,AFG,1790,3473209.8
Afghanistan,AFG,1800,3519314.8
Afghanistan,AFG,1810,3564420.2
Afghanistan,AFG,1820,3608304.2
Afghanistan,AFG,1830,3688009.5
Afghanistan,AFG,1840,3848756.8
Afghanistan,AFG,1850,4013740.5
Afghanistan,AFG,1860,4182539.5
Afghanistan,AFG,1870,4354577.5
Afghanistan,AFG,1880,4596477.5
Afghanistan,AFG,1890,4900703.5
Afghanistan,AFG,1900,5217840
Afghanistan,AFG,1910,5546356
Afghanistan,AFG,1920,5910383.5
Afghanistan,AFG,1930,6241531.5
Afghanistan,AFG,1940,6533766.5
Afghanistan,AFG,1950,6778733
Afghanistan,AFG,1951,6832311
Afghanistan,AFG,1952,6892083
Afghanistan,AFG,1953,6958013.5
Afghanistan,AFG,1954,7030087.5
Afghanistan,AFG,1955,7108242
Afghanistan,AFG,1956,7192401
Afghanistan,AFG,1957,7282469
Afghanistan,AFG,1958,7378361.5
Afghanistan,AFG,1959,7479961
Afghanistan,AFG,1960,7587188.5
Afghanistan,AFG,1961,7699999
Afghanistan,AFG,1962,7759998.5
Afghanistan,AFG,1963,7809997
Afghanistan,AFG,1964,7872997
Afghanistan,AFG,1965,7874997
Afghanistan,AFG,1966,7912999
Afghanistan,AFG,1967,7978999
Afghanistan,AFG,1968,7979999
Afghanistan,AFG,1969,7995998.5
Afghanistan,AFG,1970,8005997.5
Afghanistan,AFG,1971,8035994
Afghanistan,AFG,1972,8045993
Afghanistan,AFG,1973,8047993
Afghanistan,AFG,1974,8047993
Afghanistan,AFG,1975,8047993
Afghanistan,AFG,1976,8047994
Afghanistan,AFG,1977,8049994
Afghanistan,AFG,1978,8049994.5
Afghanistan,AFG,1979,8048994.5
Afghanistan,AFG,1980,8048994.5
Afghanistan,AFG,1981,8052994.5
Afghanistan,AFG,1982,8053994
Afghanistan,AFG,1983,8053994
Afghanistan,AFG,1984,8053994
Afghanistan,AFG,1985,8053994
Afghanistan,AFG,1986,8053994
Afghanistan,AFG,1987,8044995.5
Afghanistan,AFG,1988,8039995.5
Afghanistan,AFG,1989,8039995.5
Afghanistan,AFG,1990,8039995.5
Afghanistan,AFG,1991,8029996
Afghanistan,AFG,1992,8029997
Afghanistan,AFG,1993,7933997.5
Afghanistan,AFG,1994,7812999
Afghanistan,AFG,1995,7752997.5
Afghanistan,AFG,1996,7751995.5
Afghanistan,AFG,1997,7789995.5
Afghanistan,AFG,1998,7867000
Afghanistan,AFG,1999,7752997.5
Afghanistan,AFG,2000,7752997.5
Afghanistan,AFG,2001,7752997.5
Afghanistan,AFG,2002,7752998.5
Afghanistan,AFG,2003,7910000
Afghanistan,AFG,2004,7911000
Afghanistan,AFG,2005,7910000
Afghanistan,AFG,2006,7910000
Afghanistan,AFG,2007,7910000
Afghanistan,AFG,2008,7910000
Afghanistan,AFG,2009,7910000
Afghanistan,AFG,2010,7911000
Afghanistan,AFG,2011,7909999
Afghanistan,AFG,2012,7909999
Afghanistan,AFG,2013,7909998.5
Afghanistan,AFG,2014,7909998.5
Afghanistan,AFG,2015,7909999
Afghanistan,AFG,2016,7910000
Afghanistan,AFG,2017,7910000
Afghanistan,AFG,2018,7910000
Afghanistan,AFG,2019,7910000
Afghanistan,AFG,2020,7910000
Afghanistan,AFG,2021,7910000
Afghanistan,AFG,2022,7909999
Afghanistan,AFG,2023,7909999
Africa,,-10000,0
Africa,,-9000,0
Africa,,-8000,0
Africa,,-7000,0
Africa,,-6000,6521.631
Africa,,-5000,9717.759
Africa,,-4000,23994.633
Africa,,-3000,95310.98
Africa,,-2000,1571518.6
Africa,,-1000,2360495
Africa,,0,7055692
Africa,,100,7657526
Africa,,200,8333927.5
Africa,,300,8746505
Africa,,400,9280900
Africa,,500,10039552
Africa,,600,11003121
Africa,,700,12389356
Africa,,800,15441866
Africa,,900,18264034
Africa,,1000,22169162
Africa,,1100,23742048
Africa,,1200,25514028
Africa,,1300,28431830
Africa,,1400,30902200
Africa,,1500,34491572
Africa,,1600,40571268
Africa,,1700,46493796
Africa,,1710,46252344
Africa,,1720,46609940
Africa,,1730,47034160
Africa,,1740,47552670
Africa,,1750,48220748
Africa,,1760,48651572
Africa,,1770,49122836
Africa,,1780,49637910
Africa,,1790,50198476
Africa,,1800,50810132
Africa,,1810,51526484
Africa,,1820,52374940
Africa,,1830,54226660
Africa,,1840,56255064
Africa,,1850,58520504
Africa,,1860,62149996
Africa,,1870,64887856
Africa,,1880,68441260
Africa,,1890,72006050
Africa,,1900,76383680
Africa,,1910,81609570
Africa,,1920,87581800
Africa,,1930,95582140
Africa,,1940,107607890
Africa,,1950,133605624
Africa,,1951,135611400
Africa,,1952,138511330
Africa,,1953,141516580
Africa,,1954,144631730
Africa,,1955,147862260
Africa,,1956,151214620
Africa,,1957,154696140
Africa,,1958,158314800
Africa,,1959,162079020
Africa,,1960,165996510
Africa,,1961,169353620
Africa,,1962,169674670
Africa,,1963,173690370
Africa,,1964,176003280
Africa,,1965,179635100
Africa,,1966,177995710
Africa,,1967,180602320
Africa,,1968,182319220
Africa,,1969,189169070
Africa,,1970,187092220
Africa,,1971,187820060
Africa,,1972,183881230
Africa,,1973,189530140
Africa,,1974,185390050
Africa,,1975,186336940
Africa,,1976,187727840
Africa,,1977,182768700
Africa,,1978,182647580
Africa,,1979,181591410
Africa,,1980,183742580
Africa,,1981,181566370
Africa,,1982,183333400
Africa,,1983,183702740
Africa,,1984,188137010
Africa,,1985,192899680
Africa,,1986,198554530
Africa,,1987,198952340
Africa,,1988,200636100
Africa,,1989,202263600
Africa,,1990,204177090
Africa,,1991,207844910
Africa,,1992,210839170
Africa,,1993,214978740
Africa,,1994,217250540
Africa,,1995,222223980
Africa,,1996,225485380
Africa,,1997,226723650
Africa,,1998,227942240
Africa,,1999,230917470
Africa,,2000,231128110
Africa,,2001,230658380
Africa,,2002,233812030
Africa,,2003,241528770
Africa,,2004,243046460
Africa,,2005,247233140
Africa,,2006,248325630
Africa,,2007,251732540
Africa,,2008,256027470
Africa,,2009,257291870
Africa,,2010,262418830
Africa,,2011,267674140
Africa,,2012,277145700
Africa,,2013,278897150
Africa,,2014,279490430
Africa,,2015,279763140
Africa,,2016,281054270
Africa,,2017,282505000
Africa,,2018,282869280
Africa,,2019,283502200
Africa,,2020,283806660
Africa,,2021,284972860
Africa,,2022,285750430
Africa,,2023,286527970
Albania,ALB,-10000,0
Albania,ALB,-9000,0
Albania,ALB,-8000,0
Albania,ALB,-7000,0
Albania,ALB,-6000,7276.2197
Albania,ALB,-5000,11807.891
Albania,ALB,-4000,19083.29
Albania,ALB,-3000,30668.734
Albania,ALB,-2000,48888.62
Albania,ALB,-1000,76938.55
Albania,ALB,0,118283.53
Albania,ALB,100,117200.02
Albania,ALB,200,116062.61
Albania,ALB,300,114866.016
Albania,ALB,400,113603.93
Albania,ALB,500,112268.93
Albania,ALB,600,110852.195
Albania,ALB,700,109343.06
Albania,ALB,800,107728.56
Albania,ALB,900,105886.65
Albania,ALB,1000,103906.836
Albania,ALB,1100,101763.53
Albania,ALB,1200,99422.78
Albania,ALB,1300,96838.266
Albania,ALB,1400,93944.164
Albania,ALB,1500,90642.06
Albania,ALB,1600,86774.11
Albania,ALB,1700,123090.93
Albania,ALB,1710,126941.17
Albania,ALB,1720,130706.94
Albania,ALB,1730,134384.2
Albania,ALB,1740,137968.62
Albania,ALB,1750,141455.42
Albania,ALB,1760,144839.33
Albania,ALB,1770,148114.56
Albania,ALB,1780,151274.69
Albania,ALB,1790,154312.55
Albania,ALB,1800,157220.12
Albania,ALB,1810,159988.42
Albania,ALB,1820,162607.2
Albania,ALB,1830,163619.38
Albania,ALB,1840,171567.94
Albania,ALB,1850,179778.61
Albania,ALB,1860,195759.64
Albania,ALB,1870,211115.38
Albania,ALB,1880,229234.97
Albania,ALB,1890,246486.81
Albania,ALB,1900,266942.2
Albania,ALB,1910,286149.9
Albania,ALB,1920,298804.75
Albania,ALB,1930,304195.34
Albania,ALB,1940,323878.06
Albania,ALB,1950,373611.88
Albania,ALB,1951,379537.12
Albania,ALB,1952,386651.06
Albania,ALB,1953,394690.06
Albania,ALB,1954,403452.5
Albania,ALB,1955,412795.12
Albania,ALB,1956,422625.53
Albania,ALB,1957,432909.97
Albania,ALB,1958,443660.1
Albania,ALB,1959,454916.84
Albania,ALB,1960,466704.2
Albania,ALB,1961,479000
Albania,ALB,1962,487000
Albania,ALB,1963,495000
Albania,ALB,1964,501000
Albania,ALB,1965,522000
Albania,ALB,1966,540000
Albania,ALB,1967,556000
Albania,ALB,1968,570000
Albania,ALB,1969,585000
Albania,ALB,1970,599000
Albania,ALB,1971,610000
Albania,ALB,1972,624000
Albania,ALB,1973,636000
Albania,ALB,1974,652000
Albania,ALB,1975,662000
Albania,ALB,1976,685000
Albania,ALB,1977,692000
Albania,ALB,1978,697000
Albania,ALB,1979,697000
Albania,ALB,1980,702000
Albania,ALB,1981,706000
Albania,ALB,1982,709000
Albania,ALB,1983,710000
Albania,ALB,1984,713000
Albania,ALB,1985,713000
Albania,ALB,1986,713000
Albania,ALB,1987,714000
Albania,ALB,1988,714000
Albania,ALB,1989,707000
Albania,ALB,1990,704000
Albania,ALB,1991,703000
Albania,ALB,1992,703000
Albania,ALB,1993,702000
Albania,ALB,1994,702000
Albania,ALB,1995,702000
Albania,ALB,1996,702000
Albania,ALB,1997,700000
Albania,ALB,1998,699000
Albania,ALB,1999,699000
Albania,ALB,2000,699000
Albania,ALB,2001,699000
Albania,ALB,2002,699000
Albania,ALB,2003,699000
Albania,ALB,2004,699000
Albania,ALB,2005,659000
Albania,ALB,2006,705000
Albania,ALB,2007,698000
Albania,ALB,2008,697000
Albania,ALB,2009,696000
Albania,ALB,2010,696000
Albania,ALB,2011,696000
Albania,ALB,2012,696000
Albania,ALB,2013,696300
Albania,ALB,2014,696000
Albania,ALB,2015,696100
Albania,ALB,2016,703500
Albania,ALB,2017,691100
Albania,ALB,2018,695730
Albania,ALB,2019,695440
Albania,ALB,2020,695150
Albania,ALB,2021,694860
Albania,ALB,2022,694570
Albania,ALB,2023,694280
Algeria,DZA,-10000,0
Algeria,DZA,-9000,0
Algeria,DZA,-8000,0
Algeria,DZA,-7000,0
Algeria,DZA,-6000,0
Algeria,DZA,-5000,0
Algeria,DZA,-4000,0
Algeria,DZA,-3000,0
Algeria,DZA,-2000,0
Algeria,DZA,-1000,0
Algeria,DZA,0,1024402.44
Algeria,DZA,100,1003832.1
Algeria,DZA,200,983674.8
Algeria,DZA,300,963922.25
Algeria,DZA,400,944566.4
Algeria,DZA,500,925599.25
Algeria,DZA,600,907012.5
Algeria,DZA,700,888799.8
Algeria,DZA,800,870952.44
Algeria,DZA,900,947801.2
Algeria,DZA,1000,1024649.9
Algeria,DZA,1100,999033.7
Algeria,DZA,1200,973417.4
Algeria,DZA,1300,863267.56
Algeria,DZA,1400,753117.7
Algeria,DZA,1500,768487.4
Algeria,DZA,1600,1152731.1
Algeria,DZA,1700,896568.6
Algeria,DZA,1710,936658.1
Algeria,DZA,1720,976747.56
Algeria,DZA,1730,1016836.94
Algeria,DZA,1740,1056926.4
Algeria,DZA,1750,1097015.9
Algeria,DZA,1760,1137105.1
Algeria,DZA,1770,1177194.6
Algeria,DZA,1780,1217284.1
Algeria,DZA,1790,1257373.5
Algeria,DZA,1800,1297462.9
Algeria,DZA,1810,1337552.4
Algeria,DZA,1820,1377641.8
Algeria,DZA,1830,1621321.2
Algeria,DZA,1840,1865000.6
Algeria,DZA,1850,2156974.2
Algeria,DZA,1860,2412220.8
Algeria,DZA,1870,2669441.2
Algeria,DZA,1880,2928932
Algeria,DZA,1890,3191030.2
Algeria,DZA,1900,3456120.2
Algeria,DZA,1910,3724639
Algeria,DZA,1920,3997084.8
Algeria,DZA,1930,4274023.5
Algeria,DZA,1940,4556098
Algeria,DZA,1950,4844039
Algeria,DZA,1951,4969380
Algeria,DZA,1952,5104687.5
Algeria,DZA,1953,5252811.5
Algeria,DZA,1954,5416065
Algeria,DZA,1955,5596199.5
Algeria,DZA,1956,5794354.5
Algeria,DZA,1957,6011117
Algeria,DZA,1958,6246570.5
Algeria,DZA,1959,6500550
Algeria,DZA,1960,6773243
Algeria,DZA,1961,7066000
Algeria,DZA,1962,6900000
Algeria,DZA,1963,6810000
Algeria,DZA,1964,6753000
Algeria,DZA,1965,6784000
Algeria,DZA,1966,6784000
Algeria,DZA,1967,6866000
Algeria,DZA,1968,6787000
Algeria,DZA,1969,6787000
Algeria,DZA,1970,6800000
Algeria,DZA,1971,6981000
Algeria,DZA,1972,7111000
Algeria,DZA,1973,7135000
Algeria,DZA,1974,7167000
Algeria,DZA,1975,7495000
Algeria,DZA,1976,7746000
Algeria,DZA,1977,7542000
Algeria,DZA,1978,7542000
Algeria,DZA,1979,7497000
Algeria,DZA,1980,7509000
Algeria,DZA,1981,7510000
Algeria,DZA,1982,7509000
Algeria,DZA,1983,7231000
Algeria,DZA,1984,7510000
Algeria,DZA,1985,7511000
Algeria,DZA,1986,7533000
Algeria,DZA,1987,7624000
Algeria,DZA,1988,7642000
Algeria,DZA,1989,7673000
Algeria,DZA,1990,7635000
Algeria,DZA,1991,7806000
Algeria,DZA,1992,8064016.5
Algeria,DZA,1993,8006018
Algeria,DZA,1994,8029022
Algeria,DZA,1995,8040013.5
Algeria,DZA,1996,8159003
Algeria,DZA,1997,8174008
Algeria,DZA,1998,8192015.5
Algeria,DZA,1999,8192010
Algeria,DZA,2000,8162996
Algeria,DZA,2001,8206004
Algeria,DZA,2002,8244717
Algeria,DZA,2003,8296016.5
Algeria,DZA,2004,8363006
Algeria,DZA,2005,8378031
Algeria,DZA,2006,8390023
Algeria,DZA,2007,8400022
Algeria,DZA,2008,8399038
Algeria,DZA,2009,8411013
Algeria,DZA,2010,8421028
Algeria,DZA,2011,8430535
Algeria,DZA,2012,8435205
Algeria,DZA,2013,8439212
Algeria,DZA,2014,8462404
Algeria,DZA,2015,8465138
Algeria,DZA,2016,8465150
Algeria,DZA,2017,8475428
Algeria,DZA,2018,8487371
Algeria,DZA,2019,8477506
Algeria,DZA,2020,8484991
Algeria,DZA,2021,8492477
Algeria,DZA,2022,8499962
Algeria,DZA,2023,8507447
American Samoa,ASM,-10000,0
American Samoa,ASM,-9000,0
American Samoa,ASM,-8000,0
American Samoa,ASM,-7000,0
American Samoa,ASM,-6000,0
American Samoa,ASM,-5000,0
American Samoa,ASM,-4000,0
American Samoa,ASM,-3000,0
American Samoa,ASM,-2000,0
American Samoa,ASM,-1000,0
American Samoa,ASM,0,0
American Samoa,ASM,100,0
American Samoa,ASM,200,0
American Samoa,ASM,300,0
American Samoa,ASM,400,0
American Samoa,ASM,500,13.772728
American Samoa,ASM,600,20.177923
American Samoa,ASM,700,29.508966
American Samoa,ASM,800,43.06497
American Samoa,ASM,900,62.693672
American Samoa,ASM,1000,91
American Samoa,ASM,1100,131.61223
American Samoa,ASM,1200,189.49748
American Samoa,ASM,1300,271.2788
American Samoa,ASM,1400,385.40512
American Samoa,ASM,1500,541.7668
American Samoa,ASM,1600,749.6413
American Samoa,ASM,1700,1010.6515
American Samoa,ASM,1710,1050.292
American Samoa,ASM,1720,1090.9277
American Samoa,ASM,1730,1132.5062
American Samoa,ASM,1740,1174.9595
American Samoa,ASM,1750,1218.2013
American Samoa,ASM,1760,1262.1235
American Samoa,ASM,1770,1306.5916
American Samoa,ASM,1780,1351.4402
American Samoa,ASM,1790,1396.466
American Samoa,ASM,1800,1441.4203
American Samoa,ASM,1810,1485.9987
American Samoa,ASM,1820,1534.0778
American Samoa,ASM,1830,1581.199
American Samoa,ASM,1840,1626.783
American Samoa,ASM,1850,1670.1052
American Samoa,ASM,1860,1710.2515
American Samoa,ASM,1870,1860.9272
American Samoa,ASM,1880,2017.3774
American Samoa,ASM,1890,2176.8528
American Samoa,ASM,1900,2334.9463
American Samoa,ASM,1910,2484.627
American Samoa,ASM,1920,2788.782
American Samoa,ASM,1930,3077.8618
American Samoa,ASM,1940,3302.0503
American Samoa,ASM,1950,4087.909
American Samoa,ASM,1951,4070.3042
American Samoa,ASM,1952,4021.4805
American Samoa,ASM,1953,3943.3743
American Samoa,ASM,1954,3841.1338
American Samoa,ASM,1955,3716.352
American Samoa,ASM,1956,3579.4934
American Samoa,ASM,1957,3432.8247
American Samoa,ASM,1958,3284.7861
American Samoa,ASM,1959,3142.2173
American Samoa,ASM,1960,3000
American Samoa,ASM,1961,3000
American Samoa,ASM,1962,3000
American Samoa,ASM,1963,3000
American Samoa,ASM,1964,3000
American Samoa,ASM,1965,3000
American Samoa,ASM,1966,3000
American Samoa,ASM,1967,3000
American Samoa,ASM,1968,3000
American Samoa,ASM,1969,3000
American Samoa,ASM,1970,3000
American Samoa,ASM,1971,3000
American Samoa,ASM,1972,3000
American Samoa,ASM,1973,3000
American Samoa,ASM,1974,3000
American Samoa,ASM,1975,3000
American Samoa,ASM,1976,3000
American Samoa,ASM,1977,3000
American Samoa,ASM,1978,3000
American Samoa,ASM,1979,3000
American Samoa,ASM,1980,3000
American Samoa,ASM,1981,3000
American Samoa,ASM,1982,3000
American Samoa,ASM,1983,3000
American Samoa,ASM,1984,3000
American Samoa,ASM,1985,3000
American Samoa,ASM,1986,3000
American Samoa,ASM,1987,3000
American Samoa,ASM,1988,3000
American Samoa,ASM,1989,3000
American Samoa,ASM,1990,3000
American Samoa,ASM,1991,3000
American Samoa,ASM,1992,3200
American Samoa,ASM,1993,3200
American Samoa,ASM,1994,3200
American Samoa,ASM,1995,3500
American Samoa,ASM,1996,4000
American Samoa,ASM,1997,4000
American Samoa,ASM,1998,4699.6206
American Samoa,ASM,1999,4790
American Samoa,ASM,2000,4800
American Samoa,ASM,2001,4500
American Samoa,ASM,2002,4500
American Samoa,ASM,2003,5040
American Samoa,ASM,2004,5000
American Samoa,ASM,2005,5000
American Samoa,ASM,2006,5000
American Samoa,ASM,2007,4800
American Samoa,ASM,2008,4800
American Samoa,ASM,2009,4900
American Samoa,ASM,2010,4900
American Samoa,ASM,2011,4900
American Samoa,ASM,2012,4900
American Samoa,ASM,2013,4900
American Samoa,ASM,2014,4900
American Samoa,ASM,2015,4900
American Samoa,ASM,2016,4900
American Samoa,ASM,2017,4900
American Samoa,ASM,2018,4900
American Samoa,ASM,2019,4900
American Samoa,ASM,2020,4900
American Samoa,ASM,2021,4900
American Samoa,ASM,2022,4846.2397
American Samoa,ASM,2023,4616.9683
Andorra,AND,-10000,0
Andorra,AND,-9000,0
Andorra,AND,-8000,0
Andorra,AND,-7000,0
Andorra,AND,-6000,0
Andorra,AND,-5000,0
Andorra,AND,-4000,0
Andorra,AND,-3000,0
Andorra,AND,-2000,0
Andorra,AND,-1000,748.0582
Andorra,AND,0,1334.4061
Andorra,AND,100,1338.084
Andorra,AND,200,1340.4789
Andorra,AND,300,1341.4324
Andorra,AND,400,1340.762
Andorra,AND,500,1338.2552
Andorra,AND,600,1333.6628
Andorra,AND,700,1326.689
Andorra,AND,800,1316.9774
Andorra,AND,900,1304.0939
Andorra,AND,1000,1287.4984
Andorra,AND,1100,1266.5059
Andorra,AND,1200,1240.2233
Andorra,AND,1300,1207.4481
Andorra,AND,1400,1166.491
Andorra,AND,1500,1114.842
Andorra,AND,1600,1048.4706
Andorra,AND,1700,960.09924
Andorra,AND,1710,997.5359
Andorra,AND,1720,1035.882
Andorra,AND,1730,1075.0823
Andorra,AND,1740,1115.0664
Andorra,AND,1750,1155.745
Andorra,AND,1760,1197.0068
Andorra,AND,1770,1238.7141
Andorra,AND,1780,1280.6976
Andorra,AND,1790,1322.7498
Andorra,AND,1800,1364.6166
Andorra,AND,1810,1405.9873
Andorra,AND,1820,1446.4805
Andorra,AND,1830,1485.6272
Andorra,AND,1840,1522.8463
Andorra,AND,1850,1557.4133
Andorra,AND,1860,1588.4144
Andorra,AND,1870,1614.6813
Andorra,AND,1880,1634.6924
Andorra,AND,1890,1646.4203
Andorra,AND,1900,1647.0741
Andorra,AND,1910,1632.644
Andorra,AND,1920,1597.0079
Andorra,AND,1930,1529.9305
Andorra,AND,1940,1411.5911
Andorra,AND,1950,1191.0487
Andorra,AND,1951,1244.1208
Andorra,AND,1952,1299.4814
Andorra,AND,1953,1353.5037
Andorra,AND,1954,1399.8743
Andorra,AND,1955,1435.4319
Andorra,AND,1956,1454.9335
Andorra,AND,1957,1447.3949
Andorra,AND,1958,1400.306
Andorra,AND,1959,1283.6405
Andorra,AND,1960,1000
Andorra,AND,1961,1000
Andorra,AND,1962,1000
Andorra,AND,1963,1000
Andorra,AND,1964,1000
Andorra,AND,1965,1000
Andorra,AND,1966,1000
Andorra,AND,1967,1000
Andorra,AND,1968,1000
Andorra,AND,1969,1000
Andorra,AND,1970,1000
Andorra,AND,1971,1000
Andorra,AND,1972,1000
Andorra,AND,1973,1000
Andorra,AND,1974,1000
Andorra,AND,1975,1000
Andorra,AND,1976,1000
Andorra,AND,1977,1000
Andorra,AND,1978,1000
Andorra,AND,1979,1000
Andorra,AND,1980,1000
Andorra,AND,1981,1000
Andorra,AND,1982,1000
Andorra,AND,1983,1000
Andorra,AND,1984,1000
Andorra,AND,1985,1000
Andorra,AND,1986,1000
Andorra,AND,1987,1000
Andorra,AND,1988,1000
Andorra,AND,1989,1000
Andorra,AND,1990,1000
Andorra,AND,1991,1000
Andorra,AND,1992,1000
Andorra,AND,1993,1000
Andorra,AND,1994,1000
Andorra,AND,1995,1000
Andorra,AND,1996,1000
Andorra,AND,1997,1000
Andorra,AND,1998,1000
Andorra,AND,1999,1000
Andorra,AND,2000,1000
Andorra,AND,2001,750
Andorra,AND,2002,850
Andorra,AND,2003,860.00006
Andorra,AND,2004,810.00006
Andorra,AND,2005,800
Andorra,AND,2006,780
Andorra,AND,2007,770
Andorra,AND,2008,760
Andorra,AND,2009,770
Andorra,AND,2010,770
Andorra,AND,2011,770
Andorra,AND,2012,760
Andorra,AND,2013,810.00006
Andorra,AND,2014,800
Andorra,AND,2015,810.00006
Andorra,AND,2016,820
Andorra,AND,2017,820
Andorra,AND,2018,824
Andorra,AND,2019,828
Andorra,AND,2020,832
Andorra,AND,2021,835.99994
Andorra,AND,2022,839.99994
Andorra,AND,2023,843.99994
Angola,AGO,-10000,0
Angola,AGO,-9000,0
Angola,AGO,-8000,0
Angola,AGO,-7000,0
Angola,AGO,-6000,0
Angola,AGO,-5000,0
Angola,AGO,-4000,0
Angola,AGO,-3000,0
Angola,AGO,-2000,0
Angola,AGO,-1000,0
Angola,AGO,0,0
Angola,AGO,100,0
Angola,AGO,200,0
Angola,AGO,300,0
Angola,AGO,400,0
Angola,AGO,500,0
Angola,AGO,600,0
Angola,AGO,700,0
Angola,AGO,800,0
Angola,AGO,900,0
Angola,AGO,1000,0
Angola,AGO,1100,0
Angola,AGO,1200,0
Angola,AGO,1300,0
Angola,AGO,1400,0
Angola,AGO,1500,1106437.2
Angola,AGO,1600,1175589.5
Angola,AGO,1700,1244741.9
Angola,AGO,1710,648283.4
Angola,AGO,1720,657321.56
Angola,AGO,1730,666889.94
Angola,AGO,1740,677045.6
Angola,AGO,1750,687854.8
Angola,AGO,1760,699394.75
Angola,AGO,1770,711756.9
Angola,AGO,1780,725049.44
Angola,AGO,1790,739402.56
Angola,AGO,1800,754973.94
Angola,AGO,1810,771957
Angola,AGO,1820,790592.3
Angola,AGO,1830,811183.94
Angola,AGO,1840,834122.25
Angola,AGO,1850,859919.94
Angola,AGO,1860,889265.75
Angola,AGO,1870,923113.2
Angola,AGO,1880,962829.9
Angola,AGO,1890,1010466.1
Angola,AGO,1900,1069276.4
Angola,AGO,1910,1144835.5
Angola,AGO,1920,1247777.1
Angola,AGO,1930,1401996.8
Angola,AGO,1940,1679038.1
Angola,AGO,1950,2506027
Angola,AGO,1951,2567360.2
Angola,AGO,1952,2630852.8
Angola,AGO,1953,2694719.8
Angola,AGO,1954,2757697.2
Angola,AGO,1955,2819029.8
Angola,AGO,1956,2878501.8
Angola,AGO,1957,2936411.2
Angola,AGO,1958,2993506.2
Angola,AGO,1959,3050846
Angola,AGO,1960,3109475.5
Angola,AGO,1961,3170000
Angola,AGO,1962,3200000
Angola,AGO,1963,3220000
Angola,AGO,1964,3250000
Angola,AGO,1965,3270000
Angola,AGO,1966,3300000
Angola,AGO,1967,3330000
Angola,AGO,1968,3360000
Angola,AGO,1969,3400000
Angola,AGO,1970,3400000
Angola,AGO,1971,3400000
Angola,AGO,1972,3400000
Angola,AGO,1973,3400000
Angola,AGO,1974,3400000
Angola,AGO,1975,3400000
Angola,AGO,1976,3400000
Angola,AGO,1977,3400000
Angola,AGO,1978,3400000
Angola,AGO,1979,3400000
Angola,AGO,1980,3400000
Angola,AGO,1981,3400000
Angola,AGO,1982,3400000
Angola,AGO,1983,3400000
Angola,AGO,1984,3400000
Angola,AGO,1985,3400000
Angola,AGO,1986,3400000
Angola,AGO,1987,3400000
Angola,AGO,1988,3400000
Angola,AGO,1989,3400000
Angola,AGO,1990,3400000
Angola,AGO,1991,3450000
Angola,AGO,1992,3500000
Angola,AGO,1993,3500000
Angola,AGO,1994,3500000
Angola,AGO,1995,3500000
Angola,AGO,1996,3500000
Angola,AGO,1997,3500000
Angola,AGO,1998,3500000
Angola,AGO,1999,3400000
Angola,AGO,2000,3300000
Angola,AGO,2001,3300000
Angola,AGO,2002,3390000
Angola,AGO,2003,3590000
Angola,AGO,2004,3590000
Angola,AGO,2005,3590000
Angola,AGO,2006,3590000
Angola,AGO,2007,3690000
Angola,AGO,2008,3690000
Angola,AGO,2009,4290000
Angola,AGO,2010,4390000
Angola,AGO,2011,4990000
Angola,AGO,2012,4990000
Angola,AGO,2013,5190000
Angola,AGO,2014,5190000
Angola,AGO,2015,5190000
Angola,AGO,2016,5195000
Angola,AGO,2017,5215000
Angola,AGO,2018,5212500
Angola,AGO,2019,5218000
Angola,AGO,2020,5223500
Angola,AGO,2021,5229000
Angola,AGO,2022,5234500
Angola,AGO,2023,5240000
Anguilla,AIA,-10000,0
Anguilla,AIA,-9000,0
Anguilla,AIA,-8000,0
Anguilla,AIA,-7000,0
Anguilla,AIA,-6000,0
Anguilla,AIA,-5000,0
Anguilla,AIA,-4000,0
Anguilla,AIA,-3000,0
Anguilla,AIA,-2000,0
Anguilla,AIA,-1000,0
Anguilla,AIA,0,0
Anguilla,AIA,100,0
Anguilla,AIA,200,0
Anguilla,AIA,300,0
Anguilla,AIA,400,0
Anguilla,AIA,500,0
Anguilla,AIA,600,0
Anguilla,AIA,700,0
Anguilla,AIA,800,0
Anguilla,AIA,900,0
Anguilla,AIA,1000,0
Anguilla,AIA,1100,0
Anguilla,AIA,1200,0
Anguilla,AIA,1300,0
Anguilla,AIA,1400,0
Anguilla,AIA,1500,0
Anguilla,AIA,1600,0
Anguilla,AIA,1700,0
Anguilla,AIA,1710,0
Anguilla,AIA,1720,0
Anguilla,AIA,1730,0
Anguilla,AIA,1740,0
Anguilla,AIA,1750,0
Anguilla,AIA,1760,0
Anguilla,AIA,1770,0
Anguilla,AIA,1780,0
Anguilla,AIA,1790,0
Anguilla,AIA,1800,0
Anguilla,AIA,1810,0
Anguilla,AIA,1820,0
Anguilla,AIA,1830,0
Anguilla,AIA,1840,0
Anguilla,AIA,1850,0
Anguilla,AIA,1860,0
Anguilla,AIA,1870,0
Anguilla,AIA,1880,0
Anguilla,AIA,1890,0
Anguilla,AIA,1900,0
Anguilla,AIA,1910,0
Anguilla,AIA,1920,0
Anguilla,AIA,1930,0
Anguilla,AIA,1940,0
Anguilla,AIA,1950,0
Anguilla,AIA,1951,0
Anguilla,AIA,1952,0
Anguilla,AIA,1953,0
Anguilla,AIA,1954,0
Anguilla,AIA,1955,0
Anguilla,AIA,1956,0
Anguilla,AIA,1957,0
Anguilla,AIA,1958,0
Anguilla,AIA,1959,0
Anguilla,AIA,1960,0
Anguilla,AIA,1961,0
Anguilla,AIA,1962,0
Anguilla,AIA,1963,0
Anguilla,AIA,1964,0
Anguilla,AIA,1965,0
Anguilla,AIA,1966,0
Anguilla,AIA,1967,0
Anguilla,AIA,1968,0
Anguilla,AIA,1969,0
Anguilla,AIA,1970,0
Anguilla,AIA,1971,0
Anguilla,AIA,1972,0
Anguilla,AIA,1973,0
Anguilla,AIA,1974,0
Anguilla,AIA,1975,0
Anguilla,AIA,1976,0
Anguilla,AIA,1977,0
Anguilla,AIA,1978,0
Anguilla,AIA,1979,0
Anguilla,AIA,1980,0
Anguilla,AIA,1981,0
Anguilla,AIA,1982,0
Anguilla,AIA,1983,0
Anguilla,AIA,1984,0
Anguilla,AIA,1985,0
Anguilla,AIA,1986,0
Anguilla,AIA,1987,0
Anguilla,AIA,1988,0
Anguilla,AIA,1989,0
Anguilla,AIA,1990,0
Anguilla,AIA,1991,0
Anguilla,AIA,1992,0
Anguilla,AIA,1993,0
Anguilla,AIA,1994,0
Anguilla,AIA,1995,0
Anguilla,AIA,1996,0
Anguilla,AIA,1997,0
Anguilla,AIA,1998,0
Anguilla,AIA,1999,0
Anguilla,AIA,2000,0
Anguilla,AIA,2001,0
Anguilla,AIA,2002,0
Anguilla,AIA,2003,0
Anguilla,AIA,2004,0
Anguilla,AIA,2005,0
Anguilla,AIA,2006,0
Anguilla,AIA,2007,0
Anguilla,AIA,2008,0
Anguilla,AIA,2009,0
Anguilla,AIA,2010,0
Anguilla,AIA,2011,0
Anguilla,AIA,2012,0
Anguilla,AIA,2013,0
Anguilla,AIA,2014,0
Anguilla,AIA,2015,0
Anguilla,AIA,2016,0
Anguilla,AIA,2017,0
Anguilla,AIA,2018,0
Anguilla,AIA,2019,0
Anguilla,AIA,2020,0
Anguilla,AIA,2021,0
Anguilla,AIA,2022,0
Anguilla,AIA,2023,0
Antigua and Barbuda,ATG,-10000,0
Antigua and Barbuda,ATG,-9000,0
Antigua and Barbuda,ATG,-8000,0
Antigua and Barbuda,ATG,-7000,0
Antigua and Barbuda,ATG,-6000,0
Antigua and Barbuda,ATG,-5000,0
Antigua and Barbuda,ATG,-4000,0
Antigua and Barbuda,ATG,-3000,0
Antigua and Barbuda,ATG,-2000,0
Antigua and Barbuda,ATG,-1000,0
Antigua and Barbuda,ATG,0,0
Antigua and Barbuda,ATG,100,0
Antigua and Barbuda,ATG,200,0
Antigua and Barbuda,ATG,300,0
Antigua and Barbuda,ATG,400,0
Antigua and Barbuda,ATG,500,0
Antigua and Barbuda,ATG,600,0
Antigua and Barbuda,ATG,700,0
Antigua and Barbuda,ATG,800,0
Antigua and Barbuda,ATG,900,0
Antigua and Barbuda,ATG,1000,0
Antigua and Barbuda,ATG,1100,0
Antigua and Barbuda,ATG,1200,0
Antigua and Barbuda,ATG,1300,0
Antigua and Barbuda,ATG,1400,0
Antigua and Barbuda,ATG,1500,4273.756
Antigua and Barbuda,ATG,1600,4671.0806
Antigua and Barbuda,ATG,1700,5106.6484
Antigua and Barbuda,ATG,1710,5672.466
Antigua and Barbuda,ATG,1720,6301.009
Antigua and Barbuda,ATG,1730,6999.2334
Antigua and Barbuda,ATG,1740,7774.868
Antigua and Barbuda,ATG,1750,8636.499
Antigua and Barbuda,ATG,1760,9593.664
Antigua and Barbuda,ATG,1770,10656.962
Antigua and Barbuda,ATG,1780,11838.163
Antigua and Barbuda,ATG,1790,13150.347
Antigua and Barbuda,ATG,1800,14608.045
Antigua and Barbuda,ATG,1810,16227.3955
Antigua and Barbuda,ATG,1820,18026.338
Antigua and Barbuda,ATG,1830,20024.793
Antigua and Barbuda,ATG,1840,20940.58
Antigua and Barbuda,ATG,1850,20460.346
Antigua and Barbuda,ATG,1860,18417.373
Antigua and Barbuda,ATG,1870,16491.219
Antigua and Barbuda,ATG,1880,15019.746
Antigua and Barbuda,ATG,1890,14457.598
Antigua and Barbuda,ATG,1900,13003.258
Antigua and Barbuda,ATG,1910,11540.219
Antigua and Barbuda,ATG,1920,8854.717
Antigua and Barbuda,ATG,1930,8005.995
Antigua and Barbuda,ATG,1940,8001.6274
Antigua and Barbuda,ATG,1950,8343.35
Antigua and Barbuda,ATG,1951,8542.593
Antigua and Barbuda,ATG,1952,8653.072
Antigua and Barbuda,ATG,1953,8689.023
Antigua and Barbuda,ATG,1954,8663.372
Antigua and Barbuda,ATG,1955,8589.25
Antigua and Barbuda,ATG,1956,8483.8545
Antigua and Barbuda,ATG,1957,8358.432
Antigua and Barbuda,ATG,1958,8227.755
Antigua and Barbuda,ATG,1959,8105.7607
Antigua and Barbuda,ATG,1960,8000
Antigua and Barbuda,ATG,1961,8000
Antigua and Barbuda,ATG,1962,7000
Antigua and Barbuda,ATG,1963,8000
Antigua and Barbuda,ATG,1964,7000
Antigua and Barbuda,ATG,1965,8000
Antigua and Barbuda,ATG,1966,8000
Antigua and Barbuda,ATG,1967,7000
Antigua and Barbuda,ATG,1968,7000
Antigua and Barbuda,ATG,1969,8000
Antigua and Barbuda,ATG,1970,8000
Antigua and Barbuda,ATG,1971,8000
Antigua and Barbuda,ATG,1972,4000
Antigua and Barbuda,ATG,1973,4000
Antigua and Barbuda,ATG,1974,4000
Antigua and Barbuda,ATG,1975,4000
Antigua and Barbuda,ATG,1976,4000
Antigua and Barbuda,ATG,1977,4000
Antigua and Barbuda,ATG,1978,4000
Antigua and Barbuda,ATG,1979,4000
Antigua and Barbuda,ATG,1980,4000
Antigua and Barbuda,ATG,1981,4000
Antigua and Barbuda,ATG,1982,4000
Antigua and Barbuda,ATG,1983,4000
Antigua and Barbuda,ATG,1984,4000
Antigua and Barbuda,ATG,1985,5000
Antigua and Barbuda,ATG,1986,5000
Antigua and Barbuda,ATG,1987,5000
Antigua and Barbuda,ATG,1988,5000
Antigua and Barbuda,ATG,1989,5000
Antigua and Barbuda,ATG,1990,5000
Antigua and Barbuda,ATG,1991,5000
Antigua and Barbuda,ATG,1992,5000
Antigua and Barbuda,ATG,1993,5000
Antigua and Barbuda,ATG,1994,5000
Antigua and Barbuda,ATG,1995,5000
Antigua and Barbuda,ATG,1996,5000
Antigua and Barbuda,ATG,1997,5000
Antigua and Barbuda,ATG,1998,5000
Antigua and Barbuda,ATG,1999,5000
Antigua and Barbuda,ATG,2000,5000
Antigua and Barbuda,ATG,2001,5000
Antigua and Barbuda,ATG,2002,5000
Antigua and Barbuda,ATG,2003,5000
Antigua and Barbuda,ATG,2004,5000
Antigua and Barbuda,ATG,2005,5000
Antigua and Barbuda,ATG,2006,5000
Antigua and Barbuda,ATG,2007,5000
Antigua and Barbuda,ATG,2008,5000
Antigua and Barbuda,ATG,2009,5000
Antigua and Barbuda,ATG,2010,5000
Antigua and Barbuda,ATG,2011,5000
Antigua and Barbuda,ATG,2012,5000
Antigua and Barbuda,ATG,2013,5000
Antigua and Barbuda,ATG,2014,5000
Antigua and Barbuda,ATG,2015,5000
Antigua and Barbuda,ATG,2016,5000
Antigua and Barbuda,ATG,2017,5000
Antigua and Barbuda,ATG,2018,5000
Antigua and Barbuda,ATG,2019,5000
Antigua and Barbuda,ATG,2020,5000
Antigua and Barbuda,ATG,2021,5000
Antigua and Barbuda,ATG,2022,5000
Antigua and Barbuda,ATG,2023,5000
Argentina,ARG,-10000,0
Argentina,ARG,-9000,0
Argentina,ARG,-8000,0
Argentina,ARG,-7000,0
Argentina,ARG,-6000,0
Argentina,ARG,-5000,0
Argentina,ARG,-4000,0
Argentina,ARG,-3000,0
Argentina,ARG,-2000,0
Argentina,ARG,-1000,61797.766
Argentina,ARG,0,68664.19
Argentina,ARG,100,76293.54
Argentina,ARG,200,84770.6
Argentina,ARG,300,94189.555
Argentina,ARG,400,104655.06
Argentina,ARG,500,116283.414
Argentina,ARG,600,129203.78
Argentina,ARG,700,143559.75
Argentina,ARG,800,159510.84
Argentina,ARG,900,177234.27
Argentina,ARG,1000,196926.97
Argentina,ARG,1100,218807.73
Argentina,ARG,1200,243119.7
Argentina,ARG,1300,270133
Argentina,ARG,1400,300147.8
Argentina,ARG,1500,333497.56
Argentina,ARG,1600,370552.84
Argentina,ARG,1700,411725.38
Argentina,ARG,1710,457472.6
Argentina,ARG,1720,508302.94
Argentina,ARG,1730,564781
Argentina,ARG,1740,627534.5
Argentina,ARG,1750,697260.56
Argentina,ARG,1760,774733.94
Argentina,ARG,1770,860815.44
Argentina,ARG,1780,956461.6
Argentina,ARG,1790,1062735.1
Argentina,ARG,1800,1180816.8
Argentina,ARG,1810,1312018.6
Argentina,ARG,1820,1462977.9
Argentina,ARG,1830,1625531
Argentina,ARG,1840,1806145.5
Argentina,ARG,1850,2009195.2
Argentina,ARG,1860,2232439.2
Argentina,ARG,1870,2505948
Argentina,ARG,1880,2784387
Argentina,ARG,1890,3093763
Argentina,ARG,1900,3437525
Argentina,ARG,1910,7700940
Argentina,ARG,1920,12864600
Argentina,ARG,1930,20968000
Argentina,ARG,1940,22102400
Argentina,ARG,1950,18485100
Argentina,ARG,1951,18607442
Argentina,ARG,1952,18729784
Argentina,ARG,1953,18852126
Argentina,ARG,1954,18974468
Argentina,ARG,1955,19096810
Argentina,ARG,1956,19219154
Argentina,ARG,1957,19341496
Argentina,ARG,1958,19463838
Argentina,ARG,1959,19586182
Argentina,ARG,1960,19708524
Argentina,ARG,1961,19472000
Argentina,ARG,1962,20061000
Argentina,ARG,1963,20486000
Argentina,ARG,1964,20892000
Argentina,ARG,1965,21358000
Argentina,ARG,1966,22511000
Argentina,ARG,1967,23249000
Argentina,ARG,1968,24765000
Argentina,ARG,1969,26816000
Argentina,ARG,1970,26925000
Argentina,ARG,1971,26931000
Argentina,ARG,1972,26936000
Argentina,ARG,1973,26942000
Argentina,ARG,1974,26947000
Argentina,ARG,1975,26953000
Argentina,ARG,1976,26958000
Argentina,ARG,1977,26964000
Argentina,ARG,1978,26969000
Argentina,ARG,1979,26975000
Argentina,ARG,1980,26981000
Argentina,ARG,1981,26986000
Argentina,ARG,1982,27992000
Argentina,ARG,1983,27998000
Argentina,ARG,1984,28003000
Argentina,ARG,1985,28008000
Argentina,ARG,1986,28014000
Argentina,ARG,1987,27819000
Argentina,ARG,1988,27392000
Argentina,ARG,1989,27490000
Argentina,ARG,1990,27595000
Argentina,ARG,1991,27700000
Argentina,ARG,1992,27805000
Argentina,ARG,1993,27910000
Argentina,ARG,1994,28018000
Argentina,ARG,1995,28125000
Argentina,ARG,1996,28232000
Argentina,ARG,1997,28335000
Argentina,ARG,1998,28440000
Argentina,ARG,1999,28532000
Argentina,ARG,2000,28640000
Argentina,ARG,2001,28746000
Argentina,ARG,2002,28862000
Argentina,ARG,2003,29683500
Argentina,ARG,2004,31775000
Argentina,ARG,2005,33897500
Argentina,ARG,2006,35854000
Argentina,ARG,2007,37433000
Argentina,ARG,2008,36261000
Argentina,ARG,2009,35292000
Argentina,ARG,2010,38981000
Argentina,ARG,2011,39781000
Argentina,ARG,2012,40754000
Argentina,ARG,2013,40698820
Argentina,ARG,2014,40199828
Argentina,ARG,2015,40199828
Argentina,ARG,2016,40199830
Argentina,ARG,2017,40199830
Argentina,ARG,2018,40000230
Argentina,ARG,2019,39900430
Argentina,ARG,2020,39800636
Argentina,ARG,2021,39700836
Argentina,ARG,2022,39601036
Argentina,ARG,2023,39501236
Armenia,ARM,-10000,0
Armenia,ARM,-9000,0
Armenia,ARM,-8000,0
Armenia,ARM,-7000,0
Armenia,ARM,-6000,985.03674
Armenia,ARM,-5000,3447.629
Armenia,ARM,-4000,12066.7
Armenia,ARM,-3000,42227.246
Armenia,ARM,-2000,45725.945
Armenia,ARM,-1000,48454.617
Armenia,ARM,0,49353.887
Armenia,ARM,100,51978.156
Armenia,ARM,200,54690.758
Armenia,ARM,300,57484.906
Armenia,ARM,400,60351.098
Armenia,ARM,500,63276.414
Armenia,ARM,600,66243.62
Armenia,ARM,700,69229.9
Armenia,ARM,800,72205.35
Armenia,ARM,900,74167.37
Armenia,ARM,1000,75741.914
Armenia,ARM,1100,109650.41
Armenia,ARM,1200,140495.5
Armenia,ARM,1300,168255.06
Armenia,ARM,1400,127456.836
Armenia,ARM,1500,150084.23
Armenia,ARM,1600,166502.11
Armenia,ARM,1700,178367.05
Armenia,ARM,1710,185564.33
Armenia,ARM,1720,192969.38
Armenia,ARM,1730,200577.48
Armenia,ARM,1740,208381.95
Armenia,ARM,1750,216373.7
Armenia,ARM,1760,224540.88
Armenia,ARM,1770,232868.19
Armenia,ARM,1780,241336.5
Armenia,ARM,1790,249921.88
Armenia,ARM,1800,258594.83
Armenia,ARM,1810,267319
Armenia,ARM,1820,276049.97
Armenia,ARM,1830,284733.3
Armenia,ARM,1840,293302.4
Armenia,ARM,1850,301675.56
Armenia,ARM,1860,309752.06
Armenia,ARM,1870,317407.2
Armenia,ARM,1880,324485.1
Armenia,ARM,1890,330788.78
Armenia,ARM,1900,336065.9
Armenia,ARM,1910,339986.75
Armenia,ARM,1920,342109.88
Armenia,ARM,1930,341824.38
Armenia,ARM,1940,417844.8
Armenia,ARM,1950,401355.88
Armenia,ARM,1951,406240.28
Armenia,ARM,1952,413259.66
Armenia,ARM,1953,421968.7
Armenia,ARM,1954,431976.94
Armenia,ARM,1955,442941.6
Armenia,ARM,1956,454578.8
Armenia,ARM,1957,466642.88
Armenia,ARM,1958,478937.16
Armenia,ARM,1959,491302.53
Armenia,ARM,1960,503584.8
Armenia,ARM,1961,503584.8
Armenia,ARM,1962,504634.8
Armenia,ARM,1963,500854.78
Armenia,ARM,1964,497914.75
Armenia,ARM,1965,496759.75
Armenia,ARM,1966,491194.7
Armenia,ARM,1967,490459.66
Armenia,ARM,1968,489514.7
Armenia,ARM,1969,490144.7
Armenia,ARM,1970,489304.7
Armenia,ARM,1971,488884.66
Armenia,ARM,1972,488464.66
Armenia,ARM,1973,487834.66
Armenia,ARM,1974,489094.7
Armenia,ARM,1975,488044.7
Armenia,ARM,1976,488254.7
Armenia,ARM,1977,488464.66
Armenia,ARM,1978,487204.62
Armenia,ARM,1979,485944.62
Armenia,ARM,1980,486190.34
Armenia,ARM,1981,486574.66
Armenia,ARM,1982,486679.62
Armenia,ARM,1983,486994.7
Armenia,ARM,1984,486545.25
Armenia,ARM,1985,486807.75
Armenia,ARM,1986,487047.16
Armenia,ARM,1987,487334.88
Armenia,ARM,1988,486238.7
Armenia,ARM,1989,482857.62
Armenia,ARM,1990,480736.62
Armenia,ARM,1991,480736.62
Armenia,ARM,1992,483000
Armenia,ARM,1993,493000
Armenia,ARM,1994,500000
Armenia,ARM,1995,494000
Armenia,ARM,1996,506000
Armenia,ARM,1997,498000
Armenia,ARM,1998,493000
Armenia,ARM,1999,488000
Armenia,ARM,2000,488000
Armenia,ARM,2001,493000
Armenia,ARM,2002,491000
Armenia,ARM,2003,494000
Armenia,ARM,2004,505000
Armenia,ARM,2005,505000
Armenia,ARM,2006,503900
Armenia,ARM,2007,506100
Armenia,ARM,2008,504400
Armenia,ARM,2009,502400
Armenia,ARM,2010,503600
Armenia,ARM,2011,502600
Armenia,ARM,2012,505100
Armenia,ARM,2013,505900
Armenia,ARM,2014,504800
Armenia,ARM,2015,504300
Armenia,ARM,2016,504400
Armenia,ARM,2017,505100
Armenia,ARM,2018,504300
Armenia,ARM,2019,504100
Armenia,ARM,2020,503900
Armenia,ARM,2021,503700
Armenia,ARM,2022,503500
Armenia,ARM,2023,503300
Aruba,ABW,-10000,0
Aruba,ABW,-9000,0
Aruba,ABW,-8000,0
Aruba,ABW,-7000,0
Aruba,ABW,-6000,0
Aruba,ABW,-5000,0
Aruba,ABW,-4000,0
Aruba,ABW,-3000,0
Aruba,ABW,-2000,0
Aruba,ABW,-1000,0
Aruba,ABW,0,0
Aruba,ABW,100,0
Aruba,ABW,200,0
Aruba,ABW,300,0
Aruba,ABW,400,0
Aruba,ABW,500,0
Aruba,ABW,600,0
Aruba,ABW,700,0
Aruba,ABW,800,0
Aruba,ABW,900,0
Aruba,ABW,1000,0
Aruba,ABW,1100,0
Aruba,ABW,1200,0
Aruba,ABW,1300,0
Aruba,ABW,1400,0
Aruba,ABW,1500,42.457153
Aruba,ABW,1600,78.32691
Aruba,ABW,1700,140.78716
Aruba,ABW,1710,150.38495
Aruba,ABW,1720,160.55455
Aruba,ABW,1730,171.31647
Aruba,ABW,1740,182.68916
Aruba,ABW,1750,194.68826
Aruba,ABW,1760,207.32545
Aruba,ABW,1770,220.60735
Aruba,ABW,1780,234.53374
Aruba,ABW,1790,249.09567
Aruba,ABW,1800,264.27286
Aruba,ABW,1810,280.03024
Aruba,ABW,1820,282.99472
Aruba,ABW,1830,285.53522
Aruba,ABW,1840,287.56912
Aruba,ABW,1850,288.9964
Aruba,ABW,1860,319.5159
Aruba,ABW,1870,378.78925
Aruba,ABW,1880,595.4831
Aruba,ABW,1890,686.8895
Aruba,ABW,1900,842.9699
Aruba,ABW,1910,782.2211
Aruba,ABW,1920,667.7492
Aruba,ABW,1930,966.824
Aruba,ABW,1940,1938.1694
Aruba,ABW,1950,2043.5175
Aruba,ABW,1951,2006.8723
Aruba,ABW,1952,1992.8491
Aruba,ABW,1953,1998.5039
Aruba,ABW,1954,2018.3174
Aruba,ABW,1955,2045.9347
Aruba,ABW,1956,2073.6064
Aruba,ABW,1957,2092.034
Aruba,ABW,1958,2092.0579
Aruba,ABW,1959,2064.0508
Aruba,ABW,1960,2000
Aruba,ABW,1961,2000
Aruba,ABW,1962,2000
Aruba,ABW,1963,2000
Aruba,ABW,1964,2000
Aruba,ABW,1965,2000
Aruba,ABW,1966,2000
Aruba,ABW,1967,2000
Aruba,ABW,1968,2000
Aruba,ABW,1969,2000
Aruba,ABW,1970,2000
Aruba,ABW,1971,2000
Aruba,ABW,1972,2000
Aruba,ABW,1973,2000
Aruba,ABW,1974,2000
Aruba,ABW,1975,2000
Aruba,ABW,1976,2000
Aruba,ABW,1977,2000
Aruba,ABW,1978,2000
Aruba,ABW,1979,2000
Aruba,ABW,1980,2000
Aruba,ABW,1981,2000
Aruba,ABW,1982,2000
Aruba,ABW,1983,2000
Aruba,ABW,1984,2000
Aruba,ABW,1985,2000
Aruba,ABW,1986,2000
Aruba,ABW,1987,2000
Aruba,ABW,1988,2000
Aruba,ABW,1989,2000
Aruba,ABW,1990,2000
Aruba,ABW,1991,2000
Aruba,ABW,1992,2000
Aruba,ABW,1993,2000
Aruba,ABW,1994,2000
Aruba,ABW,1995,2000
Aruba,ABW,1996,2000
Aruba,ABW,1997,2000
Aruba,ABW,1998,2000
Aruba,ABW,1999,2000
Aruba,ABW,2000,2000
Aruba,ABW,2001,2000
Aruba,ABW,2002,2000
Aruba,ABW,2003,2000
Aruba,ABW,2004,2000
Aruba,ABW,2005,2000
Aruba,ABW,2006,2000
Aruba,ABW,2007,2000
Aruba,ABW,2008,2000
Aruba,ABW,2009,2000
Aruba,ABW,2010,2000
Aruba,ABW,2011,2000
Aruba,ABW,2012,2000
Aruba,ABW,2013,2000
Aruba,ABW,2014,2000
Aruba,ABW,2015,2000
Aruba,ABW,2016,2000
Aruba,ABW,2017,2000
Aruba,ABW,2018,2000
Aruba,ABW,2019,2000
Aruba,ABW,2020,2000
Aruba,ABW,2021,2000
Aruba,ABW,2022,2000
Aruba,ABW,2023,2000
Asia,,-10000,0
Asia,,-9000,19881.844
Asia,,-8000,156845.81
Asia,,-7000,447238
Asia,,-6000,1226442.6
Asia,,-5000,3383155.5
Asia,,-4000,7630117
Asia,,-3000,13476203
Asia,,-2000,27924406
Asia,,-1000,42857470
Asia,,0,100060104
Asia,,100,98800740
Asia,,200,96395130
Asia,,300,83113820
Asia,,400,89337170
Asia,,500,95288270
Asia,,600,105729020
Asia,,700,102510090
Asia,,800,99938220
Asia,,900,108114310
Asia,,1000,106157210
Asia,,1100,140265760
Asia,,1200,151113250
Asia,,1300,134697650
Asia,,1400,129259260
Asia,,1500,144706940
Asia,,1600,157404910
Asia,,1700,171389520
Asia,,1710,178119250
Asia,,1720,185685310
Asia,,1730,191915660
Asia,,1740,197667020
Asia,,1750,204160580
Asia,,1760,210868500
Asia,,1770,218071460
Asia,,1780,226468590
Asia,,1790,235794690
Asia,,1800,245553200
Asia,,1810,256670350
Asia,,1820,267574510
Asia,,1830,277965440
Asia,,1840,288401470
Asia,,1850,299345660
Asia,,1860,306574240
Asia,,1870,313618980
Asia,,1880,321199170
Asia,,1890,332685730
Asia,,1900,345845340
Asia,,1910,360577400
Asia,,1920,380640220
Asia,,1930,405185920
Asia,,1940,420772100
Asia,,1950,450180030
Asia,,1951,455146720
Asia,,1952,460362240
Asia,,1953,465836350
Asia,,1954,471537280
Asia,,1955,477471650
Asia,,1956,483670850
Asia,,1957,490135360
Asia,,1958,496865440
Asia,,1959,503862460
Asia,,1960,510613060
Asia,,1961,512322700
Asia,,1962,514652400
Asia,,1963,516004600
Asia,,1964,517385900
Asia,,1965,518984160
Asia,,1966,518835420
Asia,,1967,520018240
Asia,,1968,520403870
Asia,,1969,519791330
Asia,,1970,520547330
Asia,,1971,519230340
Asia,,1972,522319500
Asia,,1973,525307550
Asia,,1974,526510720
Asia,,1975,525218750
Asia,,1976,526055940
Asia,,1977,527269540
Asia,,1978,528779170
Asia,,1979,531581470
Asia,,1980,530382800
Asia,,1981,531791900
Asia,,1982,538938000
Asia,,1983,542637400
Asia,,1984,552974800
Asia,,1985,564162050
Asia,,1986,567328200
Asia,,1987,574122430
Asia,,1988,575897100
Asia,,1989,578172740
Asia,,1990,580293900
Asia,,1991,580399700
Asia,,1992,578204800
Asia,,1993,579519100
Asia,,1994,578831700
Asia,,1995,578876900
Asia,,1996,576923260
Asia,,1997,578568640
Asia,,1998,578779500
Asia,,1999,579842700
Asia,,2000,578990800
Asia,,2001,577644740
Asia,,2002,576675460
Asia,,2003,574035460
Asia,,2004,575412540
Asia,,2005,578211900
Asia,,2006,575242300
Asia,,2007,574355200
Asia,,2008,573578400
Asia,,2009,574339140
Asia,,2010,575464800
Asia,,2011,576673800
Asia,,2012,579118340
Asia,,2013,580848500
Asia,,2014,582383500
Asia,,2015,598375230
Asia,,2016,599541300
Asia,,2017,600369600
Asia,,2018,608953800
Asia,,2019,613004540
Asia,,2020,619472100
Asia,,2021,625974140
Asia,,2022,632439000
Asia,,2023,638916160
Asia (excl. China and India),,-10000,0
Asia (excl. China and India),,-9000,19881.844
Asia (excl. China and India),,-8000,156845.81
Asia (excl. China and India),,-7000,447238
Asia (excl. China and India),,-6000,1073338
Asia (excl. China and India),,-5000,2919436.8
Asia (excl. China and India),,-4000,5471386
Asia (excl. China and India),,-3000,8351882
Asia (excl. China and India),,-2000,16177987
Asia (excl. China and India),,-1000,23277848
Asia (excl. China and India),,0,32977646
Asia (excl. China and India),,100,37063280
Asia (excl. China and India),,200,41097468
Asia (excl. China and India),,300,43929424
Asia (excl. China and India),,400,43675892
Asia (excl. China and India),,500,44025710
Asia (excl. China and India),,600,44986904
Asia (excl. China and India),,700,47794510
Asia (excl. China and India),,800,51296492
Asia (excl. China and India),,900,54581532
Asia (excl. China and India),,1000,54286580
Asia (excl. China and India),,1100,53434716
Asia (excl. China and India),,1200,56521884
Asia (excl. China and India),,1300,55041224
Asia (excl. China and India),,1400,55151892
Asia (excl. China and India),,1500,58698892
Asia (excl. China and India),,1600,68187660
Asia (excl. China and India),,1700,73059170
Asia (excl. China and India),,1710,74248424
Asia (excl. China and India),,1720,75821600
Asia (excl. China and India),,1730,77430040
Asia (excl. China and India),,1740,79075700
Asia (excl. China and India),,1750,80759704
Asia (excl. China and India),,1760,82713496
Asia (excl. China and India),,1770,84709864
Asia (excl. China and India),,1780,86755896
Asia (excl. China and India),,1790,88845816
Asia (excl. China and India),,1800,90977460
Asia (excl. China and India),,1810,93058824
Asia (excl. China and India),,1820,95164130
Asia (excl. China and India),,1830,97863610
Asia (excl. China and India),,1840,100776310
Asia (excl. China and India),,1850,103658420
Asia (excl. China and India),,1860,109050376
Asia (excl. China and India),,1870,114344290
Asia (excl. China and India),,1880,119962180
Asia (excl. China and India),,1890,127563180
Asia (excl. China and India),,1900,136726110
Asia (excl. China and India),,1910,147095200
Asia (excl. China and India),,1920,160363410
Asia (excl. China and India),,1930,171841060
Asia (excl. China and India),,1940,182205280
Asia (excl. China and India),,1950,204083600
Asia (excl. China and India),,1951,207594670
Asia (excl. China and India),,1952,211310460
Asia (excl. China and India),,1953,215229680
Asia (excl. China and India),,1954,219306740
Asia (excl. China and India),,1955,223531120
Asia (excl. China and India),,1956,227912640
Asia (excl. China and India),,1957,232424880
Asia (excl. China and India),,1958,237034430
Asia (excl. China and India),,1959,241700590
Asia (excl. China and India),,1960,245857360
Asia (excl. China and India),,1961,247567020
Asia (excl. China and India),,1962,248737860
Asia (excl. China and India),,1963,250588750
Asia (excl. China and India),,1964,252052240
Asia (excl. China and India),,1965,253535680
Asia (excl. China and India),,1966,253501970
Asia (excl. China and India),,1967,254018660
Asia (excl. China and India),,1968,254028130
Asia (excl. China and India),,1969,253908220
Asia (excl. China and India),,1970,254482370
Asia (excl. China and India),,1971,254017550
Asia (excl. China and India),,1972,257058270
Asia (excl. China and India),,1973,259382050
Asia (excl. China and India),,1974,259509860
Asia (excl. China and India),,1975,259272100
Asia (excl. China and India),,1976,259941090
Asia (excl. China and India),,1977,261212690
Asia (excl. China and India),,1978,261756580
Asia (excl. China and India),,1979,264244640
Asia (excl. China and India),,1980,263529900
Asia (excl. China and India),,1981,263986930
Asia (excl. China and India),,1982,265800210
Asia (excl. China and India),,1983,263912850
Asia (excl. China and India),,1984,266367460
Asia (excl. China and India),,1985,270432450
Asia (excl. China and India),,1986,272029820
Asia (excl. China and India),,1987,277829100
Asia (excl. China and India),,1988,278939550
Asia (excl. China and India),,1989,279109400
Asia (excl. China and India),,1990,279498050
Asia (excl. China and India),,1991,278456100
Asia (excl. China and India),,1992,278111550
Asia (excl. China and India),,1993,279846750
Asia (excl. China and India),,1994,279120500
Asia (excl. China and India),,1995,279579000
Asia (excl. China and India),,1996,277970180
Asia (excl. China and India),,1997,278580380
Asia (excl. China and India),,1998,278512480
Asia (excl. China and India),,1999,280018140
Asia (excl. China and India),,2000,280287300
Asia (excl. China and India),,2001,281283000
Asia (excl. China and India),,2002,281497820
Asia (excl. China and India),,2003,281495100
Asia (excl. China and India),,2004,282474300
Asia (excl. China and India),,2005,284495040
Asia (excl. China and India),,2006,285030180
Asia (excl. China and India),,2007,283970940
Asia (excl. China and India),,2008,283030180
Asia (excl. China and India),,2009,283464220
Asia (excl. China and India),,2010,285081060
Asia (excl. China and India),,2011,286157540
Asia (excl. China and India),,2012,288625000
Asia (excl. China and India),,2013,290271100
Asia (excl. China and India),,2014,291788480
Asia (excl. China and India),,2015,294497340
Asia (excl. China and India),,2016,295764860
Asia (excl. China and India),,2017,296591420
Asia (excl. China and India),,2018,298556580
Asia (excl. China and India),,2019,298636000
Asia (excl. China and India),,2020,301145380
Asia (excl. China and India),,2021,303689180
Asia (excl. China and India),,2022,306195900
Asia (excl. China and India),,2023,308714850
Australia,AUS,-10000,0
Australia,AUS,-9000,0
Australia,AUS,-8000,0
Australia,AUS,-7000,0
Australia,AUS,-6000,0
Australia,AUS,-5000,0
Australia,AUS,-4000,0
Australia,AUS,-3000,0
Australia,AUS,-2000,0
Australia,AUS,-1000,0
Australia,AUS,0,0
Australia,AUS,100,0
Australia,AUS,200,0
Australia,AUS,300,0
Australia,AUS,400,0
Australia,AUS,500,0
Australia,AUS,600,0
Australia,AUS,700,0
Australia,AUS,800,0
Australia,AUS,900,0
Australia,AUS,1000,0
Australia,AUS,1100,0
Australia,AUS,1200,0
Australia,AUS,1300,0
Australia,AUS,1400,0
Australia,AUS,1500,0
Australia,AUS,1600,0
Australia,AUS,1700,0
Australia,AUS,1710,0
Australia,AUS,1720,0
Australia,AUS,1730,0
Australia,AUS,1740,0
Australia,AUS,1750,0
Australia,AUS,1760,0
Australia,AUS,1770,0
Australia,AUS,1780,0
Australia,AUS,1790,8932.401
Australia,AUS,1800,17138.676
Australia,AUS,1810,24812.729
Australia,AUS,1820,33584.312
Australia,AUS,1830,47886.984
Australia,AUS,1840,79874.58
Australia,AUS,1850,200843.92
Australia,AUS,1860,475312.78
Australia,AUS,1870,874213.56
Australia,AUS,1880,1831079.8
Australia,AUS,1890,2172088.5
Australia,AUS,1900,3465640.5
Australia,AUS,1910,3956297.2
Australia,AUS,1920,3246949.8
Australia,AUS,1930,5234104
Australia,AUS,1940,3317011
Australia,AUS,1950,1641567.4
Australia,AUS,1951,2815188
Australia,AUS,1952,3988808.5
Australia,AUS,1953,5162429
Australia,AUS,1954,6336049.5
Australia,AUS,1955,7509670.5
Australia,AUS,1956,8683291
Australia,AUS,1957,9856911
Australia,AUS,1958,11030531
Australia,AUS,1959,12204152
Australia,AUS,1960,13377773
Australia,AUS,1961,14551394
Australia,AUS,1962,15694266
Australia,AUS,1963,15563953
Australia,AUS,1964,16478170
Australia,AUS,1965,17510964
Australia,AUS,1966,18968290
Australia,AUS,1967,19456358
Australia,AUS,1968,21595196
Australia,AUS,1969,19822206
Australia,AUS,1970,18680142
Australia,AUS,1971,17047000
Australia,AUS,1972,17231000
Australia,AUS,1973,15102000
Australia,AUS,1974,14957000
Australia,AUS,1975,13747000
Australia,AUS,1976,14642000
Australia,AUS,1977,15010000
Australia,AUS,1978,16800000
Australia,AUS,1979,17438000
Australia,AUS,1980,17953998
Australia,AUS,1981,18396000
Australia,AUS,1982,19613000
Australia,AUS,1983,19421000
Australia,AUS,1984,21911000
Australia,AUS,1985,21136000
Australia,AUS,1986,20853000
Australia,AUS,1987,19765000
Australia,AUS,1988,18359000
Australia,AUS,1989,17704000
Australia,AUS,1990,17137000
Australia,AUS,1991,17382000
Australia,AUS,1992,16404000
Australia,AUS,1993,17297000
Australia,AUS,1994,18042996
Australia,AUS,1995,17039980
Australia,AUS,1996,19408996
Australia,AUS,1997,21132998
Australia,AUS,1998,21594998
Australia,AUS,1999,23264000
Australia,AUS,2000,23769000
Australia,AUS,2001,24520000
Australia,AUS,2002,24060000
Australia,AUS,2003,23575000
Australia,AUS,2004,26079998
Australia,AUS,2005,26742000
Australia,AUS,2006,24565000
Australia,AUS,2007,23530000
Australia,AUS,2008,24374000
Australia,AUS,2009,27511000
Australia,AUS,2010,25968000
Australia,AUS,2011,32078000
Australia,AUS,2012,31993000
Australia,AUS,2013,31611000
Australia,AUS,2014,32307000
Australia,AUS,2015,31397000
Australia,AUS,2016,30378000
Australia,AUS,2017,31074000
Australia,AUS,2018,30452500
Australia,AUS,2019,30152200
Australia,AUS,2020,29851900
Australia,AUS,2021,29551600
Australia,AUS,2022,29251300
Australia,AUS,2023,28951000
Austria,AUT,-10000,0
Austria,AUT,-9000,0
Austria,AUT,-8000,0
Austria,AUT,-7000,0
Austria,AUT,-6000,1040.3093
Austria,AUT,-5000,3063.103
Austria,AUT,-4000,7442.5405
Austria,AUT,-3000,14353.079
Austria,AUT,-2000,41184.094
Austria,AUT,-1000,64813.543
Austria,AUT,0,298928.8
Austria,AUT,100,325483.44
Austria,AUT,200,351275.28
Austria,AUT,300,318363.8
Austria,AUT,400,285955.4
Austria,AUT,500,254081.22
Austria,AUT,600,222776.92
Austria,AUT,700,246964.88
Austria,AUT,800,270083.34
Austria,AUT,900,318558.6
Austria,AUT,1000,364702.78
Austria,AUT,1100,459231.4
Austria,AUT,1200,623150.3
Austria,AUT,1300,971101.25
Austria,AUT,1400,588812.1
Austria,AUT,1500,908984.2
Austria,AUT,1600,913705.75
Austria,AUT,1700,872303.44
Austria,AUT,1710,919125.75
Austria,AUT,1720,965085.75
Austria,AUT,1730,1010143.94
Austria,AUT,1740,1054257.5
Austria,AUT,1750,1097379.2
Austria,AUT,1760,1132127.4
Austria,AUT,1770,1161047
Austria,AUT,1780,1189010.8
Austria,AUT,1790,1212480.4
Austria,AUT,1800,1213868.1
Austria,AUT,1810,1205195.2
Austria,AUT,1820,1256385.5
Austria,AUT,1830,1359047.8
Austria,AUT,1840,1379756
Austria,AUT,1850,1435333.4
Austria,AUT,1860,1466431.2
Austria,AUT,1870,1527738.8
Austria,AUT,1880,1587014.5
Austria,AUT,1890,1639369.4
Austria,AUT,1900,1713897.5
Austria,AUT,1910,1805855.2
Austria,AUT,1920,1777106
Austria,AUT,1930,1777213.9
Austria,AUT,1940,1765548.9
Austria,AUT,1950,1775503.1
Austria,AUT,1951,1768861.9
Austria,AUT,1952,1763404.2
Austria,AUT,1953,1758895.1
Austria,AUT,1954,1755181
Austria,AUT,1955,1752194.9
Austria,AUT,1956,1749955.5
Austria,AUT,1957,1748562.8
Austria,AUT,1958,1748182.4
Austria,AUT,1959,1749003.5
Austria,AUT,1960,1751170.8
Austria,AUT,1961,1754000
Austria,AUT,1962,1746000
Austria,AUT,1963,1721000
Austria,AUT,1964,1724000
Austria,AUT,1965,1728000
Austria,AUT,1966,1686000
Austria,AUT,1967,1670000
Austria,AUT,1968,1672000
Austria,AUT,1969,1680000
Austria,AUT,1970,1681000
Austria,AUT,1971,1681000
Austria,AUT,1972,1682000
Austria,AUT,1973,1612000
Austria,AUT,1974,1612000
Austria,AUT,1975,1609000
Austria,AUT,1976,1618000
Austria,AUT,1977,1627000
Austria,AUT,1978,1645000
Austria,AUT,1979,1622000
Austria,AUT,1980,1635000
Austria,AUT,1981,1505000
Austria,AUT,1982,1505000
Austria,AUT,1983,1505000
Austria,AUT,1984,1505000
Austria,AUT,1985,1505000
Austria,AUT,1986,1505000
Austria,AUT,1987,1505000
Austria,AUT,1988,1505000
Austria,AUT,1989,1505000
Austria,AUT,1990,1505000
Austria,AUT,1991,1505000
Austria,AUT,1992,1506000
Austria,AUT,1993,1498000
Austria,AUT,1994,1499000
Austria,AUT,1995,1492000
Austria,AUT,1996,1486000
Austria,AUT,1997,1479000
Austria,AUT,1998,1476000
Austria,AUT,1999,1473000
Austria,AUT,2000,1470000
Austria,AUT,2001,1458000
Austria,AUT,2002,1456000
Austria,AUT,2003,1451030
Austria,AUT,2004,1445300
Austria,AUT,2005,1446700
Austria,AUT,2006,1445200
Austria,AUT,2007,1444000
Austria,AUT,2008,1435300
Austria,AUT,2009,1432900
Austria,AUT,2010,1429100
Austria,AUT,2011,1424900
Austria,AUT,2012,1420400
Austria,AUT,2013,1419300
Austria,AUT,2014,1417100
Austria,AUT,2015,1411590
Austria,AUT,2016,1411360
Austria,AUT,2017,1395810
Austria,AUT,2018,1395216
Austria,AUT,2019,1389944
Austria,AUT,2020,1384672
Austria,AUT,2021,1379400
Austria,AUT,2022,1374128
Austria,AUT,2023,1368856
Azerbaijan,AZE,-10000,0
Azerbaijan,AZE,-9000,0
Azerbaijan,AZE,-8000,0
Azerbaijan,AZE,-7000,0
Azerbaijan,AZE,-6000,0
Azerbaijan,AZE,-5000,2233.3064
Azerbaijan,AZE,-4000,7816.572
Azerbaijan,AZE,-3000,27358.002
Azerbaijan,AZE,-2000,33355.344
Azerbaijan,AZE,-1000,40458.53
Azerbaijan,AZE,0,48875.02
Azerbaijan,AZE,100,52538.746
Azerbaijan,AZE,200,56475.293
Azerbaijan,AZE,300,60704.87
Azerbaijan,AZE,400,65249.2
Azerbaijan,AZE,500,70131.58
Azerbaijan,AZE,600,75377.05
Azerbaijan,AZE,700,81012.484
Azerbaijan,AZE,800,87066.734
Azerbaijan,AZE,900,92300.78
Azerbaijan,AZE,1000,97563.3
Azerbaijan,AZE,1100,146784.02
Azerbaijan,AZE,1200,196294
Azerbaijan,AZE,1300,246090.66
Azerbaijan,AZE,1400,197447.66
Azerbaijan,AZE,1500,247524.34
Azerbaijan,AZE,1600,297882
Azerbaijan,AZE,1700,348518.25
Azerbaijan,AZE,1710,229634.03
Azerbaijan,AZE,1720,248840.53
Azerbaijan,AZE,1730,269653.4
Azerbaijan,AZE,1740,292206.97
Azerbaijan,AZE,1750,316646.8
Azerbaijan,AZE,1760,343130.7
Azerbaijan,AZE,1770,371829.56
Azerbaijan,AZE,1780,402928.7
Azerbaijan,AZE,1790,436628.75
Azerbaijan,AZE,1800,473147.3
Azerbaijan,AZE,1810,512720.06
Azerbaijan,AZE,1820,555602.44
Azerbaijan,AZE,1830,602071.3
Azerbaijan,AZE,1840,652426.44
Azerbaijan,AZE,1850,706992.94
Azerbaijan,AZE,1860,766123
Azerbaijan,AZE,1870,830198.3
Azerbaijan,AZE,1880,899632.3
Azerbaijan,AZE,1890,974873.3
Azerbaijan,AZE,1900,1056406.9
Azerbaijan,AZE,1910,1144759.2
Azerbaijan,AZE,1920,1240500.6
Azerbaijan,AZE,1930,1344248.9
Azerbaijan,AZE,1940,1456673.9
Azerbaijan,AZE,1950,1578501
Azerbaijan,AZE,1951,1610540.2
Azerbaijan,AZE,1952,1649804.9
Azerbaijan,AZE,1953,1694494.5
Azerbaijan,AZE,1954,1743258
Azerbaijan,AZE,1955,1795188.1
Azerbaijan,AZE,1956,1849845.1
Azerbaijan,AZE,1957,1907252.1
Azerbaijan,AZE,1958,1967788.2
Azerbaijan,AZE,1959,2032089.5
Azerbaijan,AZE,1960,2100668.2
Azerbaijan,AZE,1961,2100668.2
Azerbaijan,AZE,1962,2105048
Azerbaijan,AZE,1963,2089280.1
Azerbaijan,AZE,1964,2077015.9
Azerbaijan,AZE,1965,2072197.9
Azerbaijan,AZE,1966,2048983.6
Azerbaijan,AZE,1967,2045917.6
Azerbaijan,AZE,1968,2041975.6
Azerbaijan,AZE,1969,2044603.5
Azerbaijan,AZE,1970,2041099.6
Azerbaijan,AZE,1971,2039347.5
Azerbaijan,AZE,1972,2037595.5
Azerbaijan,AZE,1973,2034967.4
Azerbaijan,AZE,1974,2040223.5
Azerbaijan,AZE,1975,2035843.5
Azerbaijan,AZE,1976,2036719.5
Azerbaijan,AZE,1977,2037595.5
Azerbaijan,AZE,1978,2032339.5
Azerbaijan,AZE,1979,2027083.4
Azerbaijan,AZE,1980,2028108.4
Azerbaijan,AZE,1981,2029711.4
Azerbaijan,AZE,1982,2030149.4
Azerbaijan,AZE,1983,2031463.5
Azerbaijan,AZE,1984,2029588.9
Azerbaijan,AZE,1985,2030683.8
Azerbaijan,AZE,1986,2031682.4
Azerbaijan,AZE,1987,2032882.6
Azerbaijan,AZE,1988,2028309.8
Azerbaijan,AZE,1989,2014206
Azerbaijan,AZE,1990,2005358.4
Azerbaijan,AZE,1991,2005358.4
Azerbaijan,AZE,1992,2014800
Azerbaijan,AZE,1993,2026300
Azerbaijan,AZE,1994,2032300
Azerbaijan,AZE,1995,2035800
Azerbaijan,AZE,1996,2047700
Azerbaijan,AZE,1997,2062000
Azerbaijan,AZE,1998,2059700
Azerbaijan,AZE,1999,2061800
Azerbaijan,AZE,2000,2062400
Azerbaijan,AZE,2001,2062700
Azerbaijan,AZE,2002,2063200
Azerbaijan,AZE,2003,2064300
Azerbaijan,AZE,2004,2063500
Azerbaijan,AZE,2005,2064700
Azerbaijan,AZE,2006,2062400
Azerbaijan,AZE,2007,2078700
Azerbaijan,AZE,2008,2087700
Azerbaijan,AZE,2009,2101100
Azerbaijan,AZE,2010,2111500
Azerbaijan,AZE,2011,2112900
Azerbaijan,AZE,2012,2127700
Azerbaijan,AZE,2013,2155600
Azerbaijan,AZE,2014,2160000
Azerbaijan,AZE,2015,2174700
Azerbaijan,AZE,2016,2240000
Azerbaijan,AZE,2017,2341300
Azerbaijan,AZE,2018,2349740
Azerbaijan,AZE,2019,2394880
Azerbaijan,AZE,2020,2440020
Azerbaijan,AZE,2021,2485160
Azerbaijan,AZE,2022,2530300
Azerbaijan,AZE,2023,2575440
Bahamas,BHS,-10000,0
Bahamas,BHS,-9000,0
Bahamas,BHS,-8000,0
Bahamas,BHS,-7000,0
Bahamas,BHS,-6000,0
Bahamas,BHS,-5000,0
Bahamas,BHS,-4000,0
Bahamas,BHS,-3000,0
Bahamas,BHS,-2000,0
Bahamas,BHS,-1000,0
Bahamas,BHS,0,0
Bahamas,BHS,100,0
Bahamas,BHS,200,0
Bahamas,BHS,300,0
Bahamas,BHS,400,0
Bahamas,BHS,500,0
Bahamas,BHS,600,0
Bahamas,BHS,700,0
Bahamas,BHS,800,0
Bahamas,BHS,900,0
Bahamas,BHS,1000,0
Bahamas,BHS,1100,0
Bahamas,BHS,1200,0
Bahamas,BHS,1300,0
Bahamas,BHS,1400,0
Bahamas,BHS,1500,79.33166
Bahamas,BHS,1600,86.54362
Bahamas,BHS,1700,94.411224
Bahamas,BHS,1710,103.66722
Bahamas,BHS,1720,113.83067
Bahamas,BHS,1730,124.99055
Bahamas,BHS,1740,137.24452
Bahamas,BHS,1750,150.69986
Bahamas,BHS,1760,165.47437
Bahamas,BHS,1770,181.69734
Bahamas,BHS,1780,199.5108
Bahamas,BHS,1790,219.0707
Bahamas,BHS,1800,240.5482
Bahamas,BHS,1810,264.13135
Bahamas,BHS,1820,272.93576
Bahamas,BHS,1830,282.0336
Bahamas,BHS,1840,392.11484
Bahamas,BHS,1850,481.52475
Bahamas,BHS,1860,576.4596
Bahamas,BHS,1870,748.96423
Bahamas,BHS,1880,958.99133
Bahamas,BHS,1890,1213.7412
Bahamas,BHS,1900,1521.7056
Bahamas,BHS,1910,1892.8894
Bahamas,BHS,1920,2558.3586
Bahamas,BHS,1930,3438.2563
Bahamas,BHS,1940,4598.2065
Bahamas,BHS,1950,6123.008
Bahamas,BHS,1951,6230.6626
Bahamas,BHS,1952,6381.572
Bahamas,BHS,1953,6573.588
Bahamas,BHS,1954,6803.7017
Bahamas,BHS,1955,7071.366
Bahamas,BHS,1956,7376.7295
Bahamas,BHS,1957,7719.6055
Bahamas,BHS,1958,8103.3613
Bahamas,BHS,1959,8529.472
Bahamas,BHS,1960,9000
Bahamas,BHS,1961,9000
Bahamas,BHS,1962,9000
Bahamas,BHS,1963,9000
Bahamas,BHS,1964,9000
Bahamas,BHS,1965,9000
Bahamas,BHS,1966,9000
Bahamas,BHS,1967,9000
Bahamas,BHS,1968,9000
Bahamas,BHS,1969,9000
Bahamas,BHS,1970,9000
Bahamas,BHS,1971,9000
Bahamas,BHS,1972,9000
Bahamas,BHS,1973,9000
Bahamas,BHS,1974,9000
Bahamas,BHS,1975,9000
Bahamas,BHS,1976,9000
Bahamas,BHS,1977,9000
Bahamas,BHS,1978,9000
Bahamas,BHS,1979,9000
Bahamas,BHS,1980,8997.94
Bahamas,BHS,1981,8998.459
Bahamas,BHS,1982,8998.995
Bahamas,BHS,1983,8999.546
Bahamas,BHS,1984,9000
Bahamas,BHS,1985,10000
Bahamas,BHS,1986,10000
Bahamas,BHS,1987,10000
Bahamas,BHS,1988,10000
Bahamas,BHS,1989,10000
Bahamas,BHS,1990,10000
Bahamas,BHS,1991,10000
Bahamas,BHS,1992,10000
Bahamas,BHS,1993,10000
Bahamas,BHS,1994,9995.486
Bahamas,BHS,1995,9996.475
Bahamas,BHS,1996,9997.609
Bahamas,BHS,1997,9998.773
Bahamas,BHS,1998,9999.96
Bahamas,BHS,1999,10000
Bahamas,BHS,2000,11000
Bahamas,BHS,2001,11000
Bahamas,BHS,2002,11000
Bahamas,BHS,2003,11000
Bahamas,BHS,2004,11000
Bahamas,BHS,2005,11000
Bahamas,BHS,2006,11000
Bahamas,BHS,2007,11000
Bahamas,BHS,2008,11000
Bahamas,BHS,2009,13000
Bahamas,BHS,2010,13000
Bahamas,BHS,2011,12000
Bahamas,BHS,2012,12000
Bahamas,BHS,2013,12000
Bahamas,BHS,2014,12000
Bahamas,BHS,2015,12000
Bahamas,BHS,2016,12000
Bahamas,BHS,2017,12000
Bahamas,BHS,2018,12000
Bahamas,BHS,2019,12000
Bahamas,BHS,2020,12000
Bahamas,BHS,2021,12000
Bahamas,BHS,2022,12000
Bahamas,BHS,2023,12000
Bahrain,BHR,-10000,0
Bahrain,BHR,-9000,0
Bahrain,BHR,-8000,0
Bahrain,BHR,-7000,0
Bahrain,BHR,-6000,0
Bahrain,BHR,-5000,0
Bahrain,BHR,-4000,0
Bahrain,BHR,-3000,0
Bahrain,BHR,-2000,0
Bahrain,BHR,-1000,0
Bahrain,BHR,0,0
Bahrain,BHR,100,269.3102
Bahrain,BHR,200,293.9897
Bahrain,BHR,300,320.61304
Bahrain,BHR,400,349.2601
Bahrain,BHR,500,379.99234
Bahrain,BHR,600,412.8437
Bahrain,BHR,700,447.80875
Bahrain,BHR,800,484.82605
Bahrain,BHR,900,523.7552
Bahrain,BHR,1000,564.3445
Bahrain,BHR,1100,606.18427
Bahrain,BHR,1200,648.63824
Bahrain,BHR,1300,690.738
Bahrain,BHR,1400,731.0136
Bahrain,BHR,1500,767.2056
Bahrain,BHR,1600,795.7309
Bahrain,BHR,1700,810.572
Bahrain,BHR,1710,842.56775
Bahrain,BHR,1720,875.55133
Bahrain,BHR,1730,909.52203
Bahrain,BHR,1740,944.47394
Bahrain,BHR,1750,980.3952
Bahrain,BHR,1760,1017.2674
Bahrain,BHR,1770,1055.0637
Bahrain,BHR,1780,1093.7479
Bahrain,BHR,1790,1133.2727
Bahrain,BHR,1800,1173.5778
Bahrain,BHR,1810,1214.5876
Bahrain,BHR,1820,1257.7421
Bahrain,BHR,1830,1301.4973
Bahrain,BHR,1840,1345.7142
Bahrain,BHR,1850,1390.223
Bahrain,BHR,1860,1434.8163
Bahrain,BHR,1870,1481.1406
Bahrain,BHR,1880,1527.1051
Bahrain,BHR,1890,1572.3317
Bahrain,BHR,1900,1616.3564
Bahrain,BHR,1910,1658.6067
Bahrain,BHR,1920,1792.7246
Bahrain,BHR,1930,1932.8619
Bahrain,BHR,1940,2077.7334
Bahrain,BHR,1950,2225.3274
Bahrain,BHR,1951,2240.0625
Bahrain,BHR,1952,2283.821
Bahrain,BHR,1953,2348.9448
Bahrain,BHR,1954,2429.7063
Bahrain,BHR,1955,2520.3687
Bahrain,BHR,1956,2616.7104
Bahrain,BHR,1957,2715.0254
Bahrain,BHR,1958,2812.9153
Bahrain,BHR,1959,2908.3179
Bahrain,BHR,1960,3000
Bahrain,BHR,1961,3000
Bahrain,BHR,1962,3000
Bahrain,BHR,1963,3000
Bahrain,BHR,1964,3000
Bahrain,BHR,1965,3000
Bahrain,BHR,1966,3000
Bahrain,BHR,1967,3000
Bahrain,BHR,1968,3000
Bahrain,BHR,1969,3000
Bahrain,BHR,1970,3000
Bahrain,BHR,1971,3000
Bahrain,BHR,1972,3000
Bahrain,BHR,1973,3000
Bahrain,BHR,1974,3000
Bahrain,BHR,1975,4000
Bahrain,BHR,1976,6000
Bahrain,BHR,1977,6000
Bahrain,BHR,1978,6000
Bahrain,BHR,1979,6000
Bahrain,BHR,1980,6000
Bahrain,BHR,1981,5000
Bahrain,BHR,1982,4000
Bahrain,BHR,1983,4000
Bahrain,BHR,1984,4000
Bahrain,BHR,1985,4000
Bahrain,BHR,1986,4000
Bahrain,BHR,1987,4000
Bahrain,BHR,1988,4000
Bahrain,BHR,1989,4000
Bahrain,BHR,1990,4000
Bahrain,BHR,1991,4000
Bahrain,BHR,1992,5000
Bahrain,BHR,1993,5000
Bahrain,BHR,1994,5000
Bahrain,BHR,1995,5000
Bahrain,BHR,1996,5000
Bahrain,BHR,1997,5000
Bahrain,BHR,1998,5000
Bahrain,BHR,1999,6000
Bahrain,BHR,2000,5200
Bahrain,BHR,2001,5200
Bahrain,BHR,2002,5200
Bahrain,BHR,2003,4900
Bahrain,BHR,2004,4700
Bahrain,BHR,2005,4700
Bahrain,BHR,2006,4550
Bahrain,BHR,2007,4400
Bahrain,BHR,2008,4200
Bahrain,BHR,2009,4360
Bahrain,BHR,2010,4600
Bahrain,BHR,2011,4600
Bahrain,BHR,2012,4600
Bahrain,BHR,2013,4600
Bahrain,BHR,2014,4600
Bahrain,BHR,2015,4600
Bahrain,BHR,2016,4600
Bahrain,BHR,2017,4600
Bahrain,BHR,2018,4600
Bahrain,BHR,2019,4600
Bahrain,BHR,2020,4600
Bahrain,BHR,2021,4600
Bahrain,BHR,2022,4600
Bahrain,BHR,2023,4600
Bangladesh,BGD,-10000,0
Bangladesh,BGD,-9000,0
Bangladesh,BGD,-8000,0
Bangladesh,BGD,-7000,0
Bangladesh,BGD,-6000,0
Bangladesh,BGD,-5000,0
Bangladesh,BGD,-4000,0
Bangladesh,BGD,-3000,0
Bangladesh,BGD,-2000,506867.72
Bangladesh,BGD,-1000,797684
Bangladesh,BGD,0,1226342.1
Bangladesh,BGD,100,1303148.9
Bangladesh,BGD,200,1377513.5
Bangladesh,BGD,300,1466713.4
Bangladesh,BGD,400,1552657.9
Bangladesh,BGD,500,1635069.5
Bangladesh,BGD,600,1713623.2
Bangladesh,BGD,700,1870708.2
Bangladesh,BGD,800,2020479.5
Bangladesh,BGD,900,2226167.5
Bangladesh,BGD,1000,2420285.8
Bangladesh,BGD,1100,2462714.2
Bangladesh,BGD,1200,2496294.8
Bangladesh,BGD,1300,2431402.2
Bangladesh,BGD,1400,2671342.2
Bangladesh,BGD,1500,2741963.2
Bangladesh,BGD,1600,3412442.5
Bangladesh,BGD,1700,3971793
Bangladesh,BGD,1710,4050786.2
Bangladesh,BGD,1720,4105564.5
Bangladesh,BGD,1730,4160096
Bangladesh,BGD,1740,4214279.5
Bangladesh,BGD,1750,4268000
Bangladesh,BGD,1760,4321130
Bangladesh,BGD,1770,4373525.5
Bangladesh,BGD,1780,4425023.5
Bangladesh,BGD,1790,4475440
Bangladesh,BGD,1800,4524567
Bangladesh,BGD,1810,4572164.5
Bangladesh,BGD,1820,4681656
Bangladesh,BGD,1830,4791123.5
Bangladesh,BGD,1840,4900134
Bangladesh,BGD,1850,5008169
Bangladesh,BGD,1860,5114602
Bangladesh,BGD,1870,5264052
Bangladesh,BGD,1880,5412362.5
Bangladesh,BGD,1890,5783485.5
Bangladesh,BGD,1900,6133011.5
Bangladesh,BGD,1910,6458168.5
Bangladesh,BGD,1920,6755449
Bangladesh,BGD,1930,6892400
Bangladesh,BGD,1940,6997540.5
Bangladesh,BGD,1950,7063604.5
Bangladesh,BGD,1951,7190623.5
Bangladesh,BGD,1952,7311783.5
Bangladesh,BGD,1953,7435908
Bangladesh,BGD,1954,7569551.5
Bangladesh,BGD,1955,7717028
Bangladesh,BGD,1956,7880357
Bangladesh,BGD,1957,8059401.5
Bangladesh,BGD,1958,8252157
Bangladesh,BGD,1959,8455236
Bangladesh,BGD,1960,8665206
Bangladesh,BGD,1961,8880000
Bangladesh,BGD,1962,8877000
Bangladesh,BGD,1963,8880000
Bangladesh,BGD,1964,8920000
Bangladesh,BGD,1965,9037000
Bangladesh,BGD,1966,9050000
Bangladesh,BGD,1967,9095000
Bangladesh,BGD,1968,9069000
Bangladesh,BGD,1969,9075000
Bangladesh,BGD,1970,9097000
Bangladesh,BGD,1971,9095000
Bangladesh,BGD,1972,9391000
Bangladesh,BGD,1973,9389000
Bangladesh,BGD,1974,9389000
Bangladesh,BGD,1975,9404000
Bangladesh,BGD,1976,9398000
Bangladesh,BGD,1977,9391000
Bangladesh,BGD,1978,9387000
Bangladesh,BGD,1979,9383000
Bangladesh,BGD,1980,9387000
Bangladesh,BGD,1981,9381000
Bangladesh,BGD,1982,9378000
Bangladesh,BGD,1983,9364000
Bangladesh,BGD,1984,9460000
Bangladesh,BGD,1985,9427000
Bangladesh,BGD,1986,9441000
Bangladesh,BGD,1987,9515000
Bangladesh,BGD,1988,9827000
Bangladesh,BGD,1989,9843000
Bangladesh,BGD,1990,9786000
Bangladesh,BGD,1991,9720000
Bangladesh,BGD,1992,8949000
Bangladesh,BGD,1993,8846000
Bangladesh,BGD,1994,8758000
Bangladesh,BGD,1995,8774000
Bangladesh,BGD,1996,8727000
Bangladesh,BGD,1997,8765000
Bangladesh,BGD,1998,8834000
Bangladesh,BGD,1999,8886000
Bangladesh,BGD,2000,8800000
Bangladesh,BGD,2001,8803000
Bangladesh,BGD,2002,8753000
Bangladesh,BGD,2003,8728000
Bangladesh,BGD,2004,8723000
Bangladesh,BGD,2005,8711000
Bangladesh,BGD,2006,8680000
Bangladesh,BGD,2007,8666000
Bangladesh,BGD,2008,8653000
Bangladesh,BGD,2009,8646000
Bangladesh,BGD,2010,8641000
Bangladesh,BGD,2011,8528000
Bangladesh,BGD,2012,8520000
Bangladesh,BGD,2013,8508000
Bangladesh,BGD,2014,8499000
Bangladesh,BGD,2015,8562240
Bangladesh,BGD,2016,8594209
Bangladesh,BGD,2017,8587330
Bangladesh,BGD,2018,8626317
Bangladesh,BGD,2019,8651704
Bangladesh,BGD,2020,8677091
Bangladesh,BGD,2021,8702478
Bangladesh,BGD,2022,8727865
Bangladesh,BGD,2023,8753252
Barbados,BRB,-10000,0
Barbados,BRB,-9000,0
Barbados,BRB,-8000,0
Barbados,BRB,-7000,0
Barbados,BRB,-6000,0
Barbados,BRB,-5000,0
Barbados,BRB,-4000,0
Barbados,BRB,-3000,0
Barbados,BRB,-2000,0
Barbados,BRB,-1000,0
Barbados,BRB,0,0
Barbados,BRB,100,0
Barbados,BRB,200,0
Barbados,BRB,300,0
Barbados,BRB,400,0
Barbados,BRB,500,0
Barbados,BRB,600,0
Barbados,BRB,700,0
Barbados,BRB,800,0
Barbados,BRB,900,0
Barbados,BRB,1000,0
Barbados,BRB,1100,0
Barbados,BRB,1200,0
Barbados,BRB,1300,0
Barbados,BRB,1400,0
Barbados,BRB,1500,562.2606
Barbados,BRB,1600,2125.0774
Barbados,BRB,1700,7938.669
Barbados,BRB,1710,7877.9746
Barbados,BRB,1720,7816.3306
Barbados,BRB,1730,7753.6987
Barbados,BRB,1740,7690.038
Barbados,BRB,1750,7625.306
Barbados,BRB,1760,7559.455
Barbados,BRB,1770,7492.437
Barbados,BRB,1780,7424.198
Barbados,BRB,1790,7354.6816
Barbados,BRB,1800,7283.8247
Barbados,BRB,1810,8293.296
Barbados,BRB,1820,9279.168
Barbados,BRB,1830,10240.661
Barbados,BRB,1840,11176.939
Barbados,BRB,1850,12087.1045
Barbados,BRB,1860,12628.862
Barbados,BRB,1870,13150.728
Barbados,BRB,1880,13651.864
Barbados,BRB,1890,14131.366
Barbados,BRB,1900,14588.235
Barbados,BRB,1910,14861.574
Barbados,BRB,1920,15114.688
Barbados,BRB,1930,15346.455
Barbados,BRB,1940,15555.618
Barbados,BRB,1950,15815.121
Barbados,BRB,1951,16139.727
Barbados,BRB,1952,16404.871
Barbados,BRB,1953,16612.203
Barbados,BRB,1954,16764.848
Barbados,BRB,1955,16869.332
Barbados,BRB,1956,16933.469
Barbados,BRB,1957,16966.432
Barbados,BRB,1958,16981.021
Barbados,BRB,1959,16988.027
Barbados,BRB,1960,17000
Barbados,BRB,1961,17000
Barbados,BRB,1962,17000
Barbados,BRB,1963,17000
Barbados,BRB,1964,17000
Barbados,BRB,1965,17000
Barbados,BRB,1966,17000
Barbados,BRB,1967,17000
Barbados,BRB,1968,17000
Barbados,BRB,1969,17000
Barbados,BRB,1970,17000
Barbados,BRB,1971,17000
Barbados,BRB,1972,17000
Barbados,BRB,1973,17000
Barbados,BRB,1974,17000
Barbados,BRB,1975,17000
Barbados,BRB,1976,17000
Barbados,BRB,1977,17000
Barbados,BRB,1978,17000
Barbados,BRB,1979,17000
Barbados,BRB,1980,17000
Barbados,BRB,1981,17000
Barbados,BRB,1982,17000
Barbados,BRB,1983,17000
Barbados,BRB,1984,17000
Barbados,BRB,1985,17000
Barbados,BRB,1986,17000
Barbados,BRB,1987,17000
Barbados,BRB,1988,17000
Barbados,BRB,1989,17000
Barbados,BRB,1990,17000
Barbados,BRB,1991,17000
Barbados,BRB,1992,17000
Barbados,BRB,1993,17000
Barbados,BRB,1994,17000
Barbados,BRB,1995,17000
Barbados,BRB,1996,17000
Barbados,BRB,1997,17000
Barbados,BRB,1998,17000
Barbados,BRB,1999,16000
Barbados,BRB,2000,16000
Barbados,BRB,2001,16000
Barbados,BRB,2002,15000
Barbados,BRB,2003,15000
Barbados,BRB,2004,14000
Barbados,BRB,2005,14000
Barbados,BRB,2006,14000
Barbados,BRB,2007,14000
Barbados,BRB,2008,14000
Barbados,BRB,2009,14000
Barbados,BRB,2010,13000
Barbados,BRB,2011,12000
Barbados,BRB,2012,11000
Barbados,BRB,2013,10500
Barbados,BRB,2014,10000
Barbados,BRB,2015,9000
Barbados,BRB,2016,8000
Barbados,BRB,2017,8000
Barbados,BRB,2018,7000
Barbados,BRB,2019,6300
Barbados,BRB,2020,5600
Barbados,BRB,2021,4900
Barbados,BRB,2022,4200
Barbados,BRB,2023,3500
Belarus,BLR,-10000,0
Belarus,BLR,-9000,0
Belarus,BLR,-8000,0
Belarus,BLR,-7000,0
Belarus,BLR,-6000,0
Belarus,BLR,-5000,0
Belarus,BLR,-4000,64552.45
Belarus,BLR,-3000,225933.56
Belarus,BLR,-2000,244770.92
Belarus,BLR,-1000,259588.92
Belarus,BLR,0,264841.7
Belarus,BLR,100,292943.88
Belarus,BLR,200,319737.6
Belarus,BLR,300,345143.7
Belarus,BLR,400,369072.1
Belarus,BLR,500,361310.38
Belarus,BLR,600,353200.06
Belarus,BLR,700,373424.03
Belarus,BLR,800,391716.25
Belarus,BLR,900,407888.7
Belarus,BLR,1000,421712.16
Belarus,BLR,1100,611155.44
Belarus,BLR,1200,882190.1
Belarus,BLR,1300,844706.94
Belarus,BLR,1400,803564.4
Belarus,BLR,1500,1010283.9
Belarus,BLR,1600,1175863.4
Belarus,BLR,1700,1431533
Belarus,BLR,1710,1673584.8
Belarus,BLR,1720,1793265.2
Belarus,BLR,1730,1920786.5
Belarus,BLR,1740,2056553.8
Belarus,BLR,1750,2200972.8
Belarus,BLR,1760,2354446.5
Belarus,BLR,1770,2517367.8
Belarus,BLR,1780,2690113
Belarus,BLR,1790,2873031
Belarus,BLR,1800,3066432.2
Belarus,BLR,1810,3270572.2
Belarus,BLR,1820,3485634
Belarus,BLR,1830,3711702
Belarus,BLR,1840,3948733.2
Belarus,BLR,1850,4196517.5
Belarus,BLR,1860,4454627.5
Belarus,BLR,1870,4722356
Belarus,BLR,1880,4998629.5
Belarus,BLR,1890,5281897
Belarus,BLR,1900,5569983
Belarus,BLR,1910,5859880.5
Belarus,BLR,1920,6147462.5
Belarus,BLR,1930,6427068
Belarus,BLR,1940,6690876.5
Belarus,BLR,1950,6927936
Belarus,BLR,1951,6869353
Belarus,BLR,1952,6829235
Belarus,BLR,1953,6806579.5
Belarus,BLR,1954,6799840
Belarus,BLR,1955,6806975
Belarus,BLR,1956,6825419
Belarus,BLR,1957,6852131
Belarus,BLR,1958,6883708
Belarus,BLR,1959,6916636.5
Belarus,BLR,1960,6947854
Belarus,BLR,1961,6947854
Belarus,BLR,1962,6962340.5
Belarus,BLR,1963,6910188.5
Belarus,BLR,1964,6869625
Belarus,BLR,1965,6853690
Belarus,BLR,1966,6776910
Belarus,BLR,1967,6766769
Belarus,BLR,1968,6753731
Belarus,BLR,1969,6762422.5
Belarus,BLR,1970,6750833.5
Belarus,BLR,1971,6745039
Belarus,BLR,1972,6739244.5
Belarus,BLR,1973,6730552.5
Belarus,BLR,1974,6747936
Belarus,BLR,1975,6733449
Belarus,BLR,1976,6736347
Belarus,BLR,1977,6739244.5
Belarus,BLR,1978,6721860
Belarus,BLR,1979,6704476
Belarus,BLR,1980,6707865.5
Belarus,BLR,1981,6713168
Belarus,BLR,1982,6714616.5
Belarus,BLR,1983,6718962.5
Belarus,BLR,1984,6712762.5
Belarus,BLR,1985,6716384.5
Belarus,BLR,1986,6719686.5
Belarus,BLR,1987,6723656
Belarus,BLR,1988,6708532
Belarus,BLR,1989,6661885
Belarus,BLR,1990,6632622
Belarus,BLR,1991,6632622
Belarus,BLR,1992,6261000
Belarus,BLR,1993,6248000
Belarus,BLR,1994,6372000
Belarus,BLR,1995,6379000
Belarus,BLR,1996,6376000
Belarus,BLR,1997,6319000
Belarus,BLR,1998,6311000
Belarus,BLR,1999,6306000
Belarus,BLR,2000,6257000
Belarus,BLR,2001,5884000
Belarus,BLR,2002,5738000
Belarus,BLR,2003,5689000
Belarus,BLR,2004,5667000
Belarus,BLR,2005,5660000
Belarus,BLR,2006,5661000
Belarus,BLR,2007,5640000
Belarus,BLR,2008,5637000
Belarus,BLR,2009,5664000
Belarus,BLR,2010,5657000
Belarus,BLR,2011,5651000
Belarus,BLR,2012,5642000
Belarus,BLR,2013,5678600
Belarus,BLR,2014,5779900
Belarus,BLR,2015,5790600
Belarus,BLR,2016,5795100
Belarus,BLR,2017,5841000
Belarus,BLR,2018,5879040
Belarus,BLR,2019,5913040
Belarus,BLR,2020,5947040
Belarus,BLR,2021,5981040
Belarus,BLR,2022,6015040
Belarus,BLR,2023,6049040
Belgium,BEL,-10000,0
Belgium,BEL,-9000,0
Belgium,BEL,-8000,0
Belgium,BEL,-7000,0
Belgium,BEL,-6000,0
Belgium,BEL,-5000,637.2905
Belgium,BEL,-4000,3241.0835
Belgium,BEL,-3000,6250.49
Belgium,BEL,-2000,11956.588
Belgium,BEL,-1000,28225.053
Belgium,BEL,0,78128.96
Belgium,BEL,100,80368.555
Belgium,BEL,200,82626.99
Belgium,BEL,300,84897
Belgium,BEL,400,87169.66
Belgium,BEL,500,86059.16
Belgium,BEL,600,50932.91
Belgium,BEL,700,66919.04
Belgium,BEL,800,70569.664
Belgium,BEL,900,80923.586
Belgium,BEL,1000,90754.89
Belgium,BEL,1100,133324.3
Belgium,BEL,1200,195386.39
Belgium,BEL,1300,264315.7
Belgium,BEL,1400,164106.47
Belgium,BEL,1500,247403.42
Belgium,BEL,1600,284215.22
Belgium,BEL,1700,313573.06
Belgium,BEL,1710,341028.25
Belgium,BEL,1720,368030.06
Belgium,BEL,1730,394558.3
Belgium,BEL,1740,420591.06
Belgium,BEL,1750,446104.34
Belgium,BEL,1760,471071.72
Belgium,BEL,1770,495464.34
Belgium,BEL,1780,519250.06
Belgium,BEL,1790,542393.3
Belgium,BEL,1800,564854.3
Belgium,BEL,1810,586588.44
Belgium,BEL,1820,607545.44
Belgium,BEL,1830,638564.25
Belgium,BEL,1840,619247.6
Belgium,BEL,1850,647081.3
Belgium,BEL,1860,682023.6
Belgium,BEL,1870,709612.4
Belgium,BEL,1880,760532.5
Belgium,BEL,1890,810247.2
Belgium,BEL,1900,866413
Belgium,BEL,1910,930200.1
Belgium,BEL,1920,904332.25
Belgium,BEL,1930,949700.9
Belgium,BEL,1940,951114.2
Belgium,BEL,1950,953652.25
Belgium,BEL,1951,954861.3
Belgium,BEL,1952,956565.25
Belgium,BEL,1953,958569.3
Belgium,BEL,1954,960722.56
Belgium,BEL,1955,962913.2
Belgium,BEL,1956,965072.56
Belgium,BEL,1957,967171.1
Belgium,BEL,1958,969210.94
Belgium,BEL,1959,971218.6
Belgium,BEL,1960,973214.75
Belgium,BEL,1961,974444.1
Belgium,BEL,1962,970710.6
Belgium,BEL,1963,966977.1
Belgium,BEL,1964,963243.6
Belgium,BEL,1965,959510.1
Belgium,BEL,1966,955776.7
Belgium,BEL,1967,951109.75
Belgium,BEL,1968,948309.7
Belgium,BEL,1969,946442.75
Belgium,BEL,1970,944576.06
Belgium,BEL,1971,942709.25
Belgium,BEL,1972,940842.7
Belgium,BEL,1973,938042.5
Belgium,BEL,1974,935242.4
Belgium,BEL,1975,932442.3
Belgium,BEL,1976,929642.06
Belgium,BEL,1977,924975.3
Belgium,BEL,1978,919375
Belgium,BEL,1979,910974.5
Belgium,BEL,1980,723366.1
Belgium,BEL,1981,720565.94
Belgium,BEL,1982,718699.25
Belgium,BEL,1983,719632.6
Belgium,BEL,1984,723366.1
Belgium,BEL,1985,725225.75
Belgium,BEL,1986,726141.56
Belgium,BEL,1987,635628.8
Belgium,BEL,1988,727968.7
Belgium,BEL,1989,729836.06
Belgium,BEL,1990,728903.4
Belgium,BEL,1991,724237.2
Belgium,BEL,1992,792419.1
Belgium,BEL,1993,801753.8
Belgium,BEL,1994,894173.44
Belgium,BEL,1995,832571
Belgium,BEL,1996,821370.5
Belgium,BEL,1997,829770.6
Belgium,BEL,1998,833504.1
Belgium,BEL,1999,833504.2
Belgium,BEL,2000,882599.8
Belgium,BEL,2001,865799.8
Belgium,BEL,2002,853099.9
Belgium,BEL,2003,856199.9
Belgium,BEL,2004,861299.9
Belgium,BEL,2005,863999.9
Belgium,BEL,2006,863000
Belgium,BEL,2007,859900
Belgium,BEL,2008,865300
Belgium,BEL,2009,861600
Belgium,BEL,2010,855700
Belgium,BEL,2011,846700
Belgium,BEL,2012,825000
Belgium,BEL,2013,838299.9
Belgium,BEL,2014,839299.9
Belgium,BEL,2015,852000
Belgium,BEL,2016,872400
Belgium,BEL,2017,859000
Belgium,BEL,2018,874550
Belgium,BEL,2019,882000
Belgium,BEL,2020,889450
Belgium,BEL,2021,896900
Belgium,BEL,2022,904350
Belgium,BEL,2023,911800
Belize,BLZ,-10000,0
Belize,BLZ,-9000,0
Belize,BLZ,-8000,0
Belize,BLZ,-7000,0
Belize,BLZ,-6000,0
Belize,BLZ,-5000,0
Belize,BLZ,-4000,0
Belize,BLZ,-3000,0
Belize,BLZ,-2000,1666.239
Belize,BLZ,-1000,1897.6443
Belize,BLZ,0,2083.6514
Belize,BLZ,100,2236.47
Belize,BLZ,200,2398.5017
Belize,BLZ,300,2569.9045
Belize,BLZ,400,2750.732
Belize,BLZ,500,2940.8975
Belize,BLZ,600,3140.1292
Belize,BLZ,700,3347.9072
Belize,BLZ,800,3563.3845
Belize,BLZ,900,3785.2769
Belize,BLZ,1000,4011.7139
Belize,BLZ,1100,4240.029
Belize,BLZ,1200,4466.459
Belize,BLZ,1300,4685.6963
Belize,BLZ,1400,4890.1924
Belize,BLZ,1500,5069.0195
Belize,BLZ,1600,5205.875
Belize,BLZ,1700,5275.225
Belize,BLZ,1710,5660.093
Belize,BLZ,1720,6071.732
Belize,BLZ,1730,6511.833
Belize,BLZ,1740,6982.167
Belize,BLZ,1750,7484.585
Belize,BLZ,1760,8021.016
Belize,BLZ,1770,8593.467
Belize,BLZ,1780,9204.016
Belize,BLZ,1790,9854.804
Belize,BLZ,1800,10548.031
Belize,BLZ,1810,11285.939
Belize,BLZ,1820,11528.225
Belize,BLZ,1830,11770.83
Belize,BLZ,1840,12013.188
Belize,BLZ,1850,12254.654
Belize,BLZ,1860,12494.494
Belize,BLZ,1870,13861.3125
Belize,BLZ,1880,15368.256
Belize,BLZ,1890,17027.664
Belize,BLZ,1900,18852.463
Belize,BLZ,1910,20856.031
Belize,BLZ,1920,23245.76
Belize,BLZ,1930,25905.652
Belize,BLZ,1940,28864.66
Belize,BLZ,1950,32154.426
Belize,BLZ,1951,33165.5
Belize,BLZ,1952,34108.363
Belize,BLZ,1953,35021.863
Belize,BLZ,1954,35927.875
Belize,BLZ,1955,36854.99
Belize,BLZ,1956,37817.727
Belize,BLZ,1957,38819.914
Belize,BLZ,1958,39852.965
Belize,BLZ,1959,40920.246
Belize,BLZ,1960,42000
Belize,BLZ,1961,42000
Belize,BLZ,1962,42000
Belize,BLZ,1963,43000
Belize,BLZ,1964,43000
Belize,BLZ,1965,43000
Belize,BLZ,1966,44000
Belize,BLZ,1967,44000
Belize,BLZ,1968,44000
Belize,BLZ,1969,45000
Belize,BLZ,1970,45000
Belize,BLZ,1971,46000
Belize,BLZ,1972,46000
Belize,BLZ,1973,47000
Belize,BLZ,1974,47000
Belize,BLZ,1975,48000
Belize,BLZ,1976,48000
Belize,BLZ,1977,49000
Belize,BLZ,1978,49000
Belize,BLZ,1979,50000
Belize,BLZ,1980,52000
Belize,BLZ,1981,53000
Belize,BLZ,1982,53000
Belize,BLZ,1983,53000
Belize,BLZ,1984,53000
Belize,BLZ,1985,53000
Belize,BLZ,1986,55000
Belize,BLZ,1987,64000
Belize,BLZ,1988,67000
Belize,BLZ,1989,72000
Belize,BLZ,1990,77000
Belize,BLZ,1991,81000
Belize,BLZ,1992,87000
Belize,BLZ,1993,94000
Belize,BLZ,1994,94000
Belize,BLZ,1995,96000
Belize,BLZ,1996,97000
Belize,BLZ,1997,98000
Belize,BLZ,1998,98000
Belize,BLZ,1999,100000
Belize,BLZ,2000,99000
Belize,BLZ,2001,99000
Belize,BLZ,2002,102000
Belize,BLZ,2003,102000
Belize,BLZ,2004,102000
Belize,BLZ,2005,102000
Belize,BLZ,2006,102000
Belize,BLZ,2007,102000
Belize,BLZ,2008,102000
Belize,BLZ,2009,105000
Belize,BLZ,2010,107000
Belize,BLZ,2011,107000
Belize,BLZ,2012,110000
Belize,BLZ,2013,110000
Belize,BLZ,2014,110000
Belize,BLZ,2015,120000
Belize,BLZ,2016,120000
Belize,BLZ,2017,122000
Belize,BLZ,2018,126600
Belize,BLZ,2019,130000
Belize,BLZ,2020,133400
Belize,BLZ,2021,136800
Belize,BLZ,2022,140200
Belize,BLZ,2023,143600
Benin,BEN,-10000,0
Benin,BEN,-9000,0
Benin,BEN,-8000,0
Benin,BEN,-7000,0
Benin,BEN,-6000,0
Benin,BEN,-5000,0
Benin,BEN,-4000,0
Benin,BEN,-3000,0
Benin,BEN,-2000,0
Benin,BEN,-1000,0
Benin,BEN,0,0
Benin,BEN,100,0
Benin,BEN,200,0
Benin,BEN,300,0
Benin,BEN,400,0
Benin,BEN,500,0
Benin,BEN,600,0
Benin,BEN,700,0
Benin,BEN,800,295937.03
Benin,BEN,900,591875.9
Benin,BEN,1000,675022.9
Benin,BEN,1100,769840
Benin,BEN,1200,877964.9
Benin,BEN,1300,1001253.3
Benin,BEN,1400,1124017.2
Benin,BEN,1500,1246197.5
Benin,BEN,1600,1284986
Benin,BEN,1700,2590256.8
Benin,BEN,1710,2390484
Benin,BEN,1720,2206118.2
Benin,BEN,1730,2035971.5
Benin,BEN,1740,1878946.9
Benin,BEN,1750,1734032.6
Benin,BEN,1760,1600294.8
Benin,BEN,1770,1476871.2
Benin,BEN,1780,1362966.5
Benin,BEN,1790,1257846.6
Benin,BEN,1800,1160834.1
Benin,BEN,1810,1071303.5
Benin,BEN,1820,1004126.06
Benin,BEN,1830,941160.94
Benin,BEN,1840,882143.94
Benin,BEN,1850,826827.6
Benin,BEN,1860,774979.9
Benin,BEN,1870,790621.25
Benin,BEN,1880,806578.1
Benin,BEN,1890,822856.94
Benin,BEN,1900,839464.25
Benin,BEN,1910,856406.56
Benin,BEN,1920,873690.6
Benin,BEN,1930,891323.56
Benin,BEN,1940,909312
Benin,BEN,1950,927663.5
Benin,BEN,1951,928979.7
Benin,BEN,1952,931589.44
Benin,BEN,1953,935519.44
Benin,BEN,1954,940808.2
Benin,BEN,1955,947451.06
Benin,BEN,1956,955437.3
Benin,BEN,1957,964736.06
Benin,BEN,1958,975298.94
Benin,BEN,1959,987069.6
Benin,BEN,1960,1000000
Benin,BEN,1961,1000000
Benin,BEN,1962,1020000
Benin,BEN,1963,1040000
Benin,BEN,1964,1060000
Benin,BEN,1965,1080000
Benin,BEN,1966,1110000
Benin,BEN,1967,1150000
Benin,BEN,1968,1180000
Benin,BEN,1969,1265000
Benin,BEN,1970,1285000
Benin,BEN,1971,1335000
Benin,BEN,1972,1365000
Benin,BEN,1973,1385000
Benin,BEN,1974,1415000
Benin,BEN,1975,1455000
Benin,BEN,1976,1485000
Benin,BEN,1977,1515000
Benin,BEN,1978,1535000
Benin,BEN,1979,1555000
Benin,BEN,1980,1585000
Benin,BEN,1981,1615000
Benin,BEN,1982,1640000
Benin,BEN,1983,1650000
Benin,BEN,1984,1660000
Benin,BEN,1985,1680000
Benin,BEN,1986,1690000
Benin,BEN,1987,1700000
Benin,BEN,1988,1710000
Benin,BEN,1989,1720000
Benin,BEN,1990,1720000
Benin,BEN,1991,1730000
Benin,BEN,1992,1745000
Benin,BEN,1993,1770000
Benin,BEN,1994,1850000
Benin,BEN,1995,1970000
Benin,BEN,1996,2160000
Benin,BEN,1997,2340000
Benin,BEN,1998,2500000
Benin,BEN,1999,2560000
Benin,BEN,2000,2645000
Benin,BEN,2001,2715000
Benin,BEN,2002,2815000
Benin,BEN,2003,2917000
Benin,BEN,2004,2917000
Benin,BEN,2005,2934000
Benin,BEN,2006,2790000
Benin,BEN,2007,2800000
Benin,BEN,2008,3000000
Benin,BEN,2009,3100000
Benin,BEN,2010,3100000
Benin,BEN,2011,3100000
Benin,BEN,2012,3200000
Benin,BEN,2013,3400000
Benin,BEN,2014,3400000
Benin,BEN,2015,3400000
Benin,BEN,2016,3400000
Benin,BEN,2017,3400000
Benin,BEN,2018,3400000
Benin,BEN,2019,3400000
Benin,BEN,2020,3400000
Benin,BEN,2021,3400000
Benin,BEN,2022,3400000
Benin,BEN,2023,3400000
Bhutan,BTN,-10000,0
Bhutan,BTN,-9000,0
Bhutan,BTN,-8000,0
Bhutan,BTN,-7000,0
Bhutan,BTN,-6000,0
Bhutan,BTN,-5000,0
Bhutan,BTN,-4000,0
Bhutan,BTN,-3000,0
Bhutan,BTN,-2000,0
Bhutan,BTN,-1000,0
Bhutan,BTN,0,0
Bhutan,BTN,100,156.14267
Bhutan,BTN,200,231.90218
Bhutan,BTN,300,344.4199
Bhutan,BTN,400,511.53073
Bhutan,BTN,500,759.72314
Bhutan,BTN,600,1128.3379
Bhutan,BTN,700,1675.8033
Bhutan,BTN,800,2488.8982
Bhutan,BTN,900,2464.3367
Bhutan,BTN,1000,2440.0186
Bhutan,BTN,1100,2415.9414
Bhutan,BTN,1200,2392.1025
Bhutan,BTN,1300,2605.3494
Bhutan,BTN,1400,2814.1562
Bhutan,BTN,1500,3482.9883
Bhutan,BTN,1600,4598.167
Bhutan,BTN,1700,5691.004
Bhutan,BTN,1710,6613.524
Bhutan,BTN,1720,7088.9
Bhutan,BTN,1730,7601.888
Bhutan,BTN,1740,8155.5376
Bhutan,BTN,1750,8753.155
Bhutan,BTN,1760,9398.325
Bhutan,BTN,1770,10094.93
Bhutan,BTN,1780,10847.177
Bhutan,BTN,1790,11659.631
Bhutan,BTN,1800,12537.238
Bhutan,BTN,1810,13485.359
Bhutan,BTN,1820,15786.917
Bhutan,BTN,1830,17511.635
Bhutan,BTN,1840,20853.252
Bhutan,BTN,1850,22271.572
Bhutan,BTN,1860,23349.223
Bhutan,BTN,1870,25083.662
Bhutan,BTN,1880,28154.768
Bhutan,BTN,1890,29199.068
Bhutan,BTN,1900,32351.615
Bhutan,BTN,1910,39286.51
Bhutan,BTN,1920,47683.66
Bhutan,BTN,1930,55821.953
Bhutan,BTN,1940,62787.066
Bhutan,BTN,1950,70421.58
Bhutan,BTN,1951,71435.04
Bhutan,BTN,1952,72346.36
Bhutan,BTN,1953,73213.72
Bhutan,BTN,1954,74085.15
Bhutan,BTN,1955,74994.805
Bhutan,BTN,1956,75949.766
Bhutan,BTN,1957,76948.195
Bhutan,BTN,1958,77968.266
Bhutan,BTN,1959,78983.27
Bhutan,BTN,1960,113000
Bhutan,BTN,1961,113000
Bhutan,BTN,1962,113000
Bhutan,BTN,1963,113000
Bhutan,BTN,1964,113000
Bhutan,BTN,1965,114000
Bhutan,BTN,1966,114000
Bhutan,BTN,1967,114000
Bhutan,BTN,1968,115000
Bhutan,BTN,1969,115000
Bhutan,BTN,1970,125000
Bhutan,BTN,1971,125000
Bhutan,BTN,1972,126000
Bhutan,BTN,1973,126000
Bhutan,BTN,1974,131000
Bhutan,BTN,1975,131000
Bhutan,BTN,1976,137000
Bhutan,BTN,1977,137000
Bhutan,BTN,1978,137000
Bhutan,BTN,1979,142000
Bhutan,BTN,1980,148000
Bhutan,BTN,1981,148000
Bhutan,BTN,1982,153000
Bhutan,BTN,1983,163000
Bhutan,BTN,1984,164000
Bhutan,BTN,1985,164000
Bhutan,BTN,1986,164000
Bhutan,BTN,1987,165000
Bhutan,BTN,1988,160000
Bhutan,BTN,1989,152000
Bhutan,BTN,1990,154000
Bhutan,BTN,1991,154000
Bhutan,BTN,1992,154000
Bhutan,BTN,1993,155000
Bhutan,BTN,1994,159000
Bhutan,BTN,1995,165000
Bhutan,BTN,1996,170000
Bhutan,BTN,1997,172000
Bhutan,BTN,1998,172000
Bhutan,BTN,1999,172000
Bhutan,BTN,2000,125000
Bhutan,BTN,2001,130000
Bhutan,BTN,2002,130000
Bhutan,BTN,2003,130000
Bhutan,BTN,2004,177000
Bhutan,BTN,2005,186000
Bhutan,BTN,2006,170000
Bhutan,BTN,2007,156000
Bhutan,BTN,2008,114300
Bhutan,BTN,2009,113000
Bhutan,BTN,2010,113000
Bhutan,BTN,2011,112600
Bhutan,BTN,2012,112600
Bhutan,BTN,2013,112600
Bhutan,BTN,2014,112600
Bhutan,BTN,2015,112600
Bhutan,BTN,2016,106000
Bhutan,BTN,2017,105500
Bhutan,BTN,2018,103619.99
Bhutan,BTN,2019,101540
Bhutan,BTN,2020,99460
Bhutan,BTN,2021,97380
Bhutan,BTN,2022,95300
Bhutan,BTN,2023,93220
Bolivia,BOL,-10000,0
Bolivia,BOL,-9000,0
Bolivia,BOL,-8000,0
Bolivia,BOL,-7000,0
Bolivia,BOL,-6000,0
Bolivia,BOL,-5000,0
Bolivia,BOL,-4000,0
Bolivia,BOL,-3000,0
Bolivia,BOL,-2000,76295.31
Bolivia,BOL,-1000,80730.4
Bolivia,BOL,0,80017.67
Bolivia,BOL,100,84089.57
Bolivia,BOL,200,88309.84
Bolivia,BOL,300,92673.86
Bolivia,BOL,400,97174.38
Bolivia,BOL,500,101800.99
Bolivia,BOL,600,106539.21
Bolivia,BOL,700,111369.41
Bolivia,BOL,800,116265.43
Bolivia,BOL,900,125082.766
Bolivia,BOL,1000,138527.28
Bolivia,BOL,1100,154445.77
Bolivia,BOL,1200,176832.2
Bolivia,BOL,1300,214049.31
Bolivia,BOL,1400,283970.25
Bolivia,BOL,1500,424568.3
Bolivia,BOL,1600,371033.3
Bolivia,BOL,1700,363643.66
Bolivia,BOL,1710,369736.66
Bolivia,BOL,1720,375912.62
Bolivia,BOL,1730,382171.16
Bolivia,BOL,1740,388511.78
Bolivia,BOL,1750,394933.84
Bolivia,BOL,1760,401436.38
Bolivia,BOL,1770,408018.22
Bolivia,BOL,1780,414677.84
Bolivia,BOL,1790,421413.38
Bolivia,BOL,1800,428222.56
Bolivia,BOL,1810,435102.5
Bolivia,BOL,1820,515020.75
Bolivia,BOL,1830,609553.25
Bolivia,BOL,1840,545361.94
Bolivia,BOL,1850,480932.62
Bolivia,BOL,1860,734973.56
Bolivia,BOL,1870,614535.4
Bolivia,BOL,1880,494592.9
Bolivia,BOL,1890,646875.06
Bolivia,BOL,1900,912309.25
Bolivia,BOL,1910,1047025.3
Bolivia,BOL,1920,1309364.2
Bolivia,BOL,1930,1514662.5
Bolivia,BOL,1940,1754593.1
Bolivia,BOL,1950,1171032.4
Bolivia,BOL,1951,1191190
Bolivia,BOL,1952,1212204.2
Bolivia,BOL,1953,1234061.8
Bolivia,BOL,1954,1256743.8
Bolivia,BOL,1955,1280215.1
Bolivia,BOL,1956,1304434.6
Bolivia,BOL,1957,1329342.8
Bolivia,BOL,1958,1354864.5
Bolivia,BOL,1959,1380903.9
Bolivia,BOL,1960,1407333.5
Bolivia,BOL,1961,1442000
Bolivia,BOL,1962,1442000
Bolivia,BOL,1963,1442000
Bolivia,BOL,1964,1478000
Bolivia,BOL,1965,1515000
Bolivia,BOL,1966,1551000
Bolivia,BOL,1967,1588000
Bolivia,BOL,1968,1624000
Bolivia,BOL,1969,1661000
Bolivia,BOL,1970,1697000
Bolivia,BOL,1971,1734000
Bolivia,BOL,1972,1770000
Bolivia,BOL,1973,1808000
Bolivia,BOL,1974,1843000
Bolivia,BOL,1975,1880000
Bolivia,BOL,1976,1916000
Bolivia,BOL,1977,1953000
Bolivia,BOL,1978,1989000
Bolivia,BOL,1979,2025000
Bolivia,BOL,1980,2062000
Bolivia,BOL,1981,2099000
Bolivia,BOL,1982,2136000
Bolivia,BOL,1983,2173000
Bolivia,BOL,1984,2217000
Bolivia,BOL,1985,2187000
Bolivia,BOL,1986,2203000
Bolivia,BOL,1987,2227000
Bolivia,BOL,1988,2250000
Bolivia,BOL,1989,2270000
Bolivia,BOL,1990,2255000
Bolivia,BOL,1991,2296000
Bolivia,BOL,1992,2331000
Bolivia,BOL,1993,2378000
Bolivia,BOL,1994,2516000
Bolivia,BOL,1995,2765000
Bolivia,BOL,1996,2853000
Bolivia,BOL,1997,3043000
Bolivia,BOL,1998,3151000
Bolivia,BOL,1999,3238000
Bolivia,BOL,2000,3312000
Bolivia,BOL,2001,3325000
Bolivia,BOL,2002,3480000
Bolivia,BOL,2003,3707000
Bolivia,BOL,2004,3776000
Bolivia,BOL,2005,4005000
Bolivia,BOL,2006,4112000
Bolivia,BOL,2007,4390000
Bolivia,BOL,2008,4485000
Bolivia,BOL,2009,4673000
Bolivia,BOL,2010,4516000
Bolivia,BOL,2011,4557000
Bolivia,BOL,2012,4651000
Bolivia,BOL,2013,4738000
Bolivia,BOL,2014,4702000
Bolivia,BOL,2015,4661000
Bolivia,BOL,2016,4685000
Bolivia,BOL,2017,4488000
Bolivia,BOL,2018,4499700
Bolivia,BOL,2019,4448000
Bolivia,BOL,2020,4396300
Bolivia,BOL,2021,4344600
Bolivia,BOL,2022,4292900
Bolivia,BOL,2023,4241200
Bosnia and Herzegovina,BIH,-10000,0
Bosnia and Herzegovina,BIH,-9000,0
Bosnia and Herzegovina,BIH,-8000,0
Bosnia and Herzegovina,BIH,-7000,0
Bosnia and Herzegovina,BIH,-6000,0
Bosnia and Herzegovina,BIH,-5000,0
Bosnia and Herzegovina,BIH,-4000,18843.047
Bosnia and Herzegovina,BIH,-3000,89781.57
Bosnia and Herzegovina,BIH,-2000,132558.1
Bosnia and Herzegovina,BIH,-1000,191726.33
Bosnia and Herzegovina,BIH,0,267234.53
Bosnia and Herzegovina,BIH,100,266763.06
Bosnia and Herzegovina,BIH,200,266304.28
Bosnia and Herzegovina,BIH,300,265596.8
Bosnia and Herzegovina,BIH,400,264613.97
Bosnia and Herzegovina,BIH,500,263325.1
Bosnia and Herzegovina,BIH,600,261694.58
Bosnia and Herzegovina,BIH,700,259680.73
Bosnia and Herzegovina,BIH,800,257234.2
Bosnia and Herzegovina,BIH,900,254295.73
Bosnia and Herzegovina,BIH,1000,250793.19
Bosnia and Herzegovina,BIH,1100,256719.61
Bosnia and Herzegovina,BIH,1200,261115.94
Bosnia and Herzegovina,BIH,1300,263758.34
Bosnia and Herzegovina,BIH,1400,264349.94
Bosnia and Herzegovina,BIH,1500,262481.2
Bosnia and Herzegovina,BIH,1600,301396.6
Bosnia and Herzegovina,BIH,1700,279096.16
Bosnia and Herzegovina,BIH,1710,293224.4
Bosnia and Herzegovina,BIH,1720,302459.5
Bosnia and Herzegovina,BIH,1730,311907.6
Bosnia and Herzegovina,BIH,1740,321566
Bosnia and Herzegovina,BIH,1750,331430.88
Bosnia and Herzegovina,BIH,1760,341497.25
Bosnia and Herzegovina,BIH,1770,351758.66
Bosnia and Herzegovina,BIH,1780,362207.06
Bosnia and Herzegovina,BIH,1790,372832.62
Bosnia and Herzegovina,BIH,1800,383623.38
Bosnia and Herzegovina,BIH,1810,394565
Bosnia and Herzegovina,BIH,1820,413353.2
Bosnia and Herzegovina,BIH,1830,432831.2
Bosnia and Herzegovina,BIH,1840,452995.6
Bosnia and Herzegovina,BIH,1850,473837.22
Bosnia and Herzegovina,BIH,1860,495339.7
Bosnia and Herzegovina,BIH,1870,540655.1
Bosnia and Herzegovina,BIH,1880,589692.5
Bosnia and Herzegovina,BIH,1890,642669.7
Bosnia and Herzegovina,BIH,1900,699795.2
Bosnia and Herzegovina,BIH,1910,761260
Bosnia and Herzegovina,BIH,1920,853167.7
Bosnia and Herzegovina,BIH,1930,955007
Bosnia and Herzegovina,BIH,1940,1067527.9
Bosnia and Herzegovina,BIH,1950,1191425.5
Bosnia and Herzegovina,BIH,1951,1210529.5
Bosnia and Herzegovina,BIH,1952,1231606.1
Bosnia and Herzegovina,BIH,1953,1253673
Bosnia and Herzegovina,BIH,1954,1276016.6
Bosnia and Herzegovina,BIH,1955,1298178.9
Bosnia and Herzegovina,BIH,1956,1319974.4
Bosnia and Herzegovina,BIH,1957,1341485.8
Bosnia and Herzegovina,BIH,1958,1362990.9
Bosnia and Herzegovina,BIH,1959,1384927
Bosnia and Herzegovina,BIH,1960,1407661.8
Bosnia and Herzegovina,BIH,1961,1407661.6
Bosnia and Herzegovina,BIH,1962,1404471.1
Bosnia and Herzegovina,BIH,1963,1402791.8
Bosnia and Herzegovina,BIH,1964,1401112.2
Bosnia and Herzegovina,BIH,1965,1394898
Bosnia and Herzegovina,BIH,1966,1388180.1
Bosnia and Herzegovina,BIH,1967,1388348
Bosnia and Herzegovina,BIH,1968,1384820.8
Bosnia and Herzegovina,BIH,1969,1383310.1
Bosnia and Herzegovina,BIH,1970,1377935.6
Bosnia and Herzegovina,BIH,1971,1372562
Bosnia and Herzegovina,BIH,1972,1365341.5
Bosnia and Herzegovina,BIH,1973,1358792.6
Bosnia and Herzegovina,BIH,1974,1354594.4
Bosnia and Herzegovina,BIH,1975,1349220.8
Bosnia and Herzegovina,BIH,1976,1344350.5
Bosnia and Herzegovina,BIH,1977,1334778.4
Bosnia and Herzegovina,BIH,1978,1331251.6
Bosnia and Herzegovina,BIH,1979,1326045.5
Bosnia and Herzegovina,BIH,1980,1324030.2
Bosnia and Herzegovina,BIH,1981,1320671.6
Bosnia and Herzegovina,BIH,1982,1316473
Bosnia and Herzegovina,BIH,1983,1312106.6
Bosnia and Herzegovina,BIH,1984,1307908.2
Bosnia and Herzegovina,BIH,1985,1306564.8
Bosnia and Herzegovina,BIH,1986,1306061
Bosnia and Herzegovina,BIH,1987,1304213.6
Bosnia and Herzegovina,BIH,1988,1303206
Bosnia and Herzegovina,BIH,1989,1302198.4
Bosnia and Herzegovina,BIH,1990,1299511.4
Bosnia and Herzegovina,BIH,1991,1280534.4
Bosnia and Herzegovina,BIH,1992,1000000
Bosnia and Herzegovina,BIH,1993,990000
Bosnia and Herzegovina,BIH,1994,980000
Bosnia and Herzegovina,BIH,1995,975000
Bosnia and Herzegovina,BIH,1996,1020000
Bosnia and Herzegovina,BIH,1997,1015000
Bosnia and Herzegovina,BIH,1998,1060000
Bosnia and Herzegovina,BIH,1999,1055000
Bosnia and Herzegovina,BIH,2000,1100000
Bosnia and Herzegovina,BIH,2001,1107000
Bosnia and Herzegovina,BIH,2002,1093000
Bosnia and Herzegovina,BIH,2003,1112000
Bosnia and Herzegovina,BIH,2004,1125400
Bosnia and Herzegovina,BIH,2005,1120000
Bosnia and Herzegovina,BIH,2006,1123000
Bosnia and Herzegovina,BIH,2007,1117000
Bosnia and Herzegovina,BIH,2008,1098000
Bosnia and Herzegovina,BIH,2009,1099000
Bosnia and Herzegovina,BIH,2010,1109000
Bosnia and Herzegovina,BIH,2011,1107000
Bosnia and Herzegovina,BIH,2012,1108000
Bosnia and Herzegovina,BIH,2013,1115000
Bosnia and Herzegovina,BIH,2014,1112000
Bosnia and Herzegovina,BIH,2015,1127000
Bosnia and Herzegovina,BIH,2016,1130000
Bosnia and Herzegovina,BIH,2017,1167000
Bosnia and Herzegovina,BIH,2018,1166800
Bosnia and Herzegovina,BIH,2019,1179000
Bosnia and Herzegovina,BIH,2020,1191200
Bosnia and Herzegovina,BIH,2021,1203400
Bosnia and Herzegovina,BIH,2022,1215600
Bosnia and Herzegovina,BIH,2023,1227800
Botswana,BWA,-10000,0
Botswana,BWA,-9000,0
Botswana,BWA,-8000,0
Botswana,BWA,-7000,0
Botswana,BWA,-6000,0
Botswana,BWA,-5000,0
Botswana,BWA,-4000,0
Botswana,BWA,-3000,0
Botswana,BWA,-2000,0
Botswana,BWA,-1000,0
Botswana,BWA,0,0
Botswana,BWA,100,0
Botswana,BWA,200,0
Botswana,BWA,300,0
Botswana,BWA,400,0
Botswana,BWA,500,0
Botswana,BWA,600,0
Botswana,BWA,700,0
Botswana,BWA,800,0
Botswana,BWA,900,0
Botswana,BWA,1000,45148.65
Botswana,BWA,1100,48492.99
Botswana,BWA,1200,52085.066
Botswana,BWA,1300,55943.22
Botswana,BWA,1400,60087.156
Botswana,BWA,1500,64538.062
Botswana,BWA,1600,69318.66
Botswana,BWA,1700,74453.375
Botswana,BWA,1710,75952.234
Botswana,BWA,1720,77043.69
Botswana,BWA,1730,78199.68
Botswana,BWA,1740,79427.19
Botswana,BWA,1750,80734.32
Botswana,BWA,1760,82130.54
Botswana,BWA,1770,83627.02
Botswana,BWA,1780,85237.055
Botswana,BWA,1790,86976.586
Botswana,BWA,1800,88864.97
Botswana,BWA,1810,90925.96
Botswana,BWA,1820,93189.125
Botswana,BWA,1830,95691.836
Botswana,BWA,1840,98482.16
Botswana,BWA,1850,101623.24
Botswana,BWA,1860,105200.05
Botswana,BWA,1870,109330.3
Botswana,BWA,1880,114183.08
Botswana,BWA,1890,120012.24
Botswana,BWA,1900,127221.46
Botswana,BWA,1910,136503.72
Botswana,BWA,1920,149184.39
Botswana,BWA,1930,168253.06
Botswana,BWA,1940,202714.53
Botswana,BWA,1950,307143.25
Botswana,BWA,1951,316624.16
Botswana,BWA,1952,325487.06
Botswana,BWA,1953,333880.2
Botswana,BWA,1954,341918.2
Botswana,BWA,1955,349737.28
Botswana,BWA,1956,357486.38
Botswana,BWA,1957,365287.6
Botswana,BWA,1958,373307.72
Botswana,BWA,1959,381682.97
Botswana,BWA,1960,390546.66
Botswana,BWA,1961,400000
Botswana,BWA,1962,400000
Botswana,BWA,1963,400000
Botswana,BWA,1964,400000
Botswana,BWA,1965,401000
Botswana,BWA,1966,401000
Botswana,BWA,1967,401000
Botswana,BWA,1968,401000
Botswana,BWA,1969,401000
Botswana,BWA,1970,401000
Botswana,BWA,1971,401000
Botswana,BWA,1972,402000
Botswana,BWA,1973,402000
Botswana,BWA,1974,402000
Botswana,BWA,1975,402000
Botswana,BWA,1976,402000
Botswana,BWA,1977,402000
Botswana,BWA,1978,402000
Botswana,BWA,1979,404000
Botswana,BWA,1980,404000
Botswana,BWA,1981,404000
Botswana,BWA,1982,406000
Botswana,BWA,1983,406000
Botswana,BWA,1984,406000
Botswana,BWA,1985,408000
Botswana,BWA,1986,408000
Botswana,BWA,1987,410000
Botswana,BWA,1988,410000
Botswana,BWA,1989,415000
Botswana,BWA,1990,421000
Botswana,BWA,1991,301000
Botswana,BWA,1992,251000
Botswana,BWA,1993,351000
Botswana,BWA,1994,396000
Botswana,BWA,1995,346000
Botswana,BWA,1996,346000
Botswana,BWA,1997,301000
Botswana,BWA,1998,231000
Botswana,BWA,1999,241000
Botswana,BWA,2000,351000
Botswana,BWA,2001,201000
Botswana,BWA,2002,246000
Botswana,BWA,2003,196000
Botswana,BWA,2004,227000
Botswana,BWA,2005,241500
Botswana,BWA,2006,203000
Botswana,BWA,2007,184000
Botswana,BWA,2008,281000
Botswana,BWA,2009,318000
Botswana,BWA,2010,261000
Botswana,BWA,2011,326000
Botswana,BWA,2012,287000
Botswana,BWA,2013,282000
Botswana,BWA,2014,404000
Botswana,BWA,2015,261600
Botswana,BWA,2016,259800
Botswana,BWA,2017,259800
Botswana,BWA,2018,236860.02
Botswana,BWA,2019,218000
Botswana,BWA,2020,199140
Botswana,BWA,2021,180280
Botswana,BWA,2022,161420
Botswana,BWA,2023,142560
Brazil,BRA,-10000,0
Brazil,BRA,-9000,0
Brazil,BRA,-8000,0
Brazil,BRA,-7000,0
Brazil,BRA,-6000,0
Brazil,BRA,-5000,0
Brazil,BRA,-4000,0
Brazil,BRA,-3000,0
Brazil,BRA,-2000,0
Brazil,BRA,-1000,69.73591
Brazil,BRA,0,139.84225
Brazil,BRA,100,234.81996
Brazil,BRA,200,415.6863
Brazil,BRA,300,782.3282
Brazil,BRA,400,1500.6542
Brazil,BRA,500,2938.1885
Brazil,BRA,600,5822.085
Brazil,BRA,700,12537.351
Brazil,BRA,800,24987.285
Brazil,BRA,900,49852.297
Brazil,BRA,1000,99596.17
Brazil,BRA,1100,191992.38
Brazil,BRA,1200,376040.8
Brazil,BRA,1300,743393.8
Brazil,BRA,1400,1816027.5
Brazil,BRA,1500,2136924.2
Brazil,BRA,1600,99100.71
Brazil,BRA,1700,80894.42
Brazil,BRA,1710,88694.83
Brazil,BRA,1720,97423.06
Brazil,BRA,1730,107226.89
Brazil,BRA,1740,118284.11
Brazil,BRA,1750,130809.445
Brazil,BRA,1760,145063.19
Brazil,BRA,1770,161361.88
Brazil,BRA,1780,180091.67
Brazil,BRA,1790,201724.97
Brazil,BRA,1800,226841.11
Brazil,BRA,1810,264307
Brazil,BRA,1820,314737.03
Brazil,BRA,1830,427645.6
Brazil,BRA,1840,541636.56
Brazil,BRA,1850,656921.7
Brazil,BRA,1860,773726.9
Brazil,BRA,1870,892337.2
Brazil,BRA,1880,1126956.2
Brazil,BRA,1890,1445856.9
Brazil,BRA,1900,1830326
Brazil,BRA,1910,2444810.2
Brazil,BRA,1920,3453295.8
Brazil,BRA,1930,4750165
Brazil,BRA,1940,5237252.5
Brazil,BRA,1950,7053310
Brazil,BRA,1951,7350475
Brazil,BRA,1952,7654631
Brazil,BRA,1953,7963452.5
Brazil,BRA,1954,8275461.5
Brazil,BRA,1955,8590145
Brazil,BRA,1956,8908019
Brazil,BRA,1957,9230620
Brazil,BRA,1958,9560347
Brazil,BRA,1959,9900168
Brazil,BRA,1960,10252674
Brazil,BRA,1961,10628172
Brazil,BRA,1962,11015821
Brazil,BRA,1963,11411719
Brazil,BRA,1964,11810188
Brazil,BRA,1965,12207018
Brazil,BRA,1966,12600980
Brazil,BRA,1967,12993180
Brazil,BRA,1968,13384578
Brazil,BRA,1969,13777034
Brazil,BRA,1970,14172152
Brazil,BRA,1971,14442838
Brazil,BRA,1972,14716523
Brazil,BRA,1973,14995098
Brazil,BRA,1974,15280939
Brazil,BRA,1975,15575706
Brazil,BRA,1976,15879339
Brazil,BRA,1977,16191208
Brazil,BRA,1978,16511517
Brazil,BRA,1979,16840354
Brazil,BRA,1980,17177252
Brazil,BRA,1981,17549876
Brazil,BRA,1982,17929218
Brazil,BRA,1983,18310960
Brazil,BRA,1984,18689486
Brazil,BRA,1985,19060570
Brazil,BRA,1986,19357268
Brazil,BRA,1987,21001400
Brazil,BRA,1988,22311206
Brazil,BRA,1989,23695198
Brazil,BRA,1990,25245492
Brazil,BRA,1991,27260324
Brazil,BRA,1992,27924034
Brazil,BRA,1993,28825672
Brazil,BRA,1994,29533118
Brazil,BRA,1995,30069784
Brazil,BRA,1996,30802734
Brazil,BRA,1997,31288172
Brazil,BRA,1998,31796112
Brazil,BRA,1999,32715932
Brazil,BRA,2000,33900350
Brazil,BRA,2001,35126510
Brazil,BRA,2002,35893330
Brazil,BRA,2003,36557810
Brazil,BRA,2004,38669340
Brazil,BRA,2005,40835904
Brazil,BRA,2006,42793470
Brazil,BRA,2007,44331572
Brazil,BRA,2008,45844220
Brazil,BRA,2009,47051536
Brazil,BRA,2010,48132770
Brazil,BRA,2011,48954224
Brazil,BRA,2012,50251590
Brazil,BRA,2013,52304010
Brazil,BRA,2014,54549110
Brazil,BRA,2015,56452620
Brazil,BRA,2016,57962650
Brazil,BRA,2017,59370850
Brazil,BRA,2018,59918864
Brazil,BRA,2019,60503524
Brazil,BRA,2020,61323220
Brazil,BRA,2021,62695250
Brazil,BRA,2022,63436900
Brazil,BRA,2023,64366144
Brunei,BRN,-10000,0
Brunei,BRN,-9000,0
Brunei,BRN,-8000,0
Brunei,BRN,-7000,0
Brunei,BRN,-6000,0
Brunei,BRN,-5000,0
Brunei,BRN,-4000,0
Brunei,BRN,-3000,0
Brunei,BRN,-2000,0
Brunei,BRN,-1000,0
Brunei,BRN,0,0
Brunei,BRN,100,31.228533
Brunei,BRN,200,46.380436
Brunei,BRN,300,68.88397
Brunei,BRN,400,102.30614
Brunei,BRN,500,151.94464
Brunei,BRN,600,225.66757
Brunei,BRN,700,335.16068
Brunei,BRN,800,497.77966
Brunei,BRN,900,492.86737
Brunei,BRN,1000,488.00372
Brunei,BRN,1100,579.8259
Brunei,BRN,1200,956.841
Brunei,BRN,1300,1042.1398
Brunei,BRN,1400,1125.6625
Brunei,BRN,1500,928.79694
Brunei,BRN,1600,1149.5417
Brunei,BRN,1700,1365.841
Brunei,BRN,1710,1490.8541
Brunei,BRN,1720,1711.594
Brunei,BRN,1730,1965.9071
Brunei,BRN,1740,2258.9873
Brunei,BRN,1750,2596.8416
Brunei,BRN,1760,2986.4202
Brunei,BRN,1770,3435.764
Brunei,BRN,1780,3954.1797
Brunei,BRN,1790,4552.439
Brunei,BRN,1800,5243.0117
Brunei,BRN,1810,6040.3364
Brunei,BRN,1820,6847.9434
Brunei,BRN,1830,7356.2026
Brunei,BRN,1840,8483.304
Brunei,BRN,1850,8774.176
Brunei,BRN,1860,8908.243
Brunei,BRN,1870,8788.749
Brunei,BRN,1880,9059.506
Brunei,BRN,1890,9032.151
Brunei,BRN,1900,9581.136
Brunei,BRN,1910,11099.382
Brunei,BRN,1920,11861.601
Brunei,BRN,1930,14997.054
Brunei,BRN,1940,17267.525
Brunei,BRN,1950,19119.703
Brunei,BRN,1951,20132.178
Brunei,BRN,1952,21112.734
Brunei,BRN,1953,22089.438
Brunei,BRN,1954,23076.4
Brunei,BRN,1955,24087.12
Brunei,BRN,1956,25117.738
Brunei,BRN,1957,26170.148
Brunei,BRN,1958,27221.197
Brunei,BRN,1959,28260.15
Brunei,BRN,1960,15000
Brunei,BRN,1961,15000
Brunei,BRN,1962,15000
Brunei,BRN,1963,15000
Brunei,BRN,1964,18000
Brunei,BRN,1965,18000
Brunei,BRN,1966,17000
Brunei,BRN,1967,17000
Brunei,BRN,1968,18000
Brunei,BRN,1969,18000
Brunei,BRN,1970,18000
Brunei,BRN,1971,13000
Brunei,BRN,1972,12000
Brunei,BRN,1973,12000
Brunei,BRN,1974,12000
Brunei,BRN,1975,12000
Brunei,BRN,1976,11000
Brunei,BRN,1977,9000
Brunei,BRN,1978,9000
Brunei,BRN,1979,9000
Brunei,BRN,1980,8000
Brunei,BRN,1981,8000
Brunei,BRN,1982,7000
Brunei,BRN,1983,7000
Brunei,BRN,1984,7000
Brunei,BRN,1985,7000
Brunei,BRN,1986,7000
Brunei,BRN,1987,7000
Brunei,BRN,1988,7000
Brunei,BRN,1989,7000
Brunei,BRN,1990,6000
Brunei,BRN,1991,6000
Brunei,BRN,1992,6000
Brunei,BRN,1993,6000
Brunei,BRN,1994,6000
Brunei,BRN,1995,6000
Brunei,BRN,1996,6000
Brunei,BRN,1997,6000
Brunei,BRN,1998,6000
Brunei,BRN,1999,6000
Brunei,BRN,2000,6000
Brunei,BRN,2001,7000
Brunei,BRN,2002,7000
Brunei,BRN,2003,7000
Brunei,BRN,2004,7000
Brunei,BRN,2005,7000
Brunei,BRN,2006,7000
Brunei,BRN,2007,8000
Brunei,BRN,2008,8000
Brunei,BRN,2009,10000
Brunei,BRN,2010,10000
Brunei,BRN,2011,10000
Brunei,BRN,2012,10000
Brunei,BRN,2013,11000
Brunei,BRN,2014,11000
Brunei,BRN,2015,11000
Brunei,BRN,2016,11000
Brunei,BRN,2017,11000
Brunei,BRN,2018,11000
Brunei,BRN,2019,11000
Brunei,BRN,2020,11000
Brunei,BRN,2021,11000
Brunei,BRN,2022,11000
Brunei,BRN,2023,11000
Bulgaria,BGR,-10000,0
Bulgaria,BGR,-9000,0
Bulgaria,BGR,-8000,0
Bulgaria,BGR,-7000,0
Bulgaria,BGR,-6000,16265.243
Bulgaria,BGR,-5000,43040.39
Bulgaria,BGR,-4000,76515.57
Bulgaria,BGR,-3000,135264.9
Bulgaria,BGR,-2000,237186.36
Bulgaria,BGR,-1000,410599.72
Bulgaria,BGR,0,694371.8
Bulgaria,BGR,100,893519.1
Bulgaria,BGR,200,1087954.2
Bulgaria,BGR,300,974817.56
Bulgaria,BGR,400,863507.25
Bulgaria,BGR,500,754140.4
Bulgaria,BGR,600,646851.44
Bulgaria,BGR,700,637407.25
Bulgaria,BGR,800,627367.6
Bulgaria,BGR,900,801633.3
Bulgaria,BGR,1000,968178.3
Bulgaria,BGR,1100,1031175.56
Bulgaria,BGR,1200,1076936.4
Bulgaria,BGR,1300,1127893.9
Bulgaria,BGR,1400,601802.1
Bulgaria,BGR,1500,844580.4
Bulgaria,BGR,1600,1263343.4
Bulgaria,BGR,1700,1194719.6
Bulgaria,BGR,1710,1243978.6
Bulgaria,BGR,1720,1294422
Bulgaria,BGR,1730,1346591.4
Bulgaria,BGR,1740,1400506.9
Bulgaria,BGR,1750,1456182.5
Bulgaria,BGR,1760,1513624.8
Bulgaria,BGR,1770,1572830.6
Bulgaria,BGR,1780,1633786.8
Bulgaria,BGR,1790,1696465.4
Bulgaria,BGR,1800,1760823
Bulgaria,BGR,1810,1826795.9
Bulgaria,BGR,1820,1894299
Bulgaria,BGR,1830,1933323.5
Bulgaria,BGR,1840,2012001.4
Bulgaria,BGR,1850,2092437.1
Bulgaria,BGR,1860,2101230
Bulgaria,BGR,1870,2107589.8
Bulgaria,BGR,1880,2421541.2
Bulgaria,BGR,1890,2723213.8
Bulgaria,BGR,1900,2527440
Bulgaria,BGR,1910,2882256.5
Bulgaria,BGR,1920,3155415.2
Bulgaria,BGR,1930,3692676.2
Bulgaria,BGR,1940,4083100
Bulgaria,BGR,1950,4383772.5
Bulgaria,BGR,1951,4405024.5
Bulgaria,BGR,1952,4427006
Bulgaria,BGR,1953,4449234.5
Bulgaria,BGR,1954,4471356
Bulgaria,BGR,1955,4493146
Bulgaria,BGR,1956,4514528.5
Bulgaria,BGR,1957,4535533
Bulgaria,BGR,1958,4556317.5
Bulgaria,BGR,1959,4577076
Bulgaria,BGR,1960,4597977
Bulgaria,BGR,1961,4619000
Bulgaria,BGR,1962,4538000
Bulgaria,BGR,1963,4531000
Bulgaria,BGR,1964,4574000
Bulgaria,BGR,1965,4563000
Bulgaria,BGR,1966,4564000
Bulgaria,BGR,1967,4554000
Bulgaria,BGR,1968,4558000
Bulgaria,BGR,1969,4555000
Bulgaria,BGR,1970,4527000
Bulgaria,BGR,1971,4516000
Bulgaria,BGR,1972,4510000
Bulgaria,BGR,1973,4502000
Bulgaria,BGR,1974,4488000
Bulgaria,BGR,1975,4343000
Bulgaria,BGR,1976,4327000
Bulgaria,BGR,1977,4313000
Bulgaria,BGR,1978,4288000
Bulgaria,BGR,1979,4254000
Bulgaria,BGR,1980,4177000
Bulgaria,BGR,1981,4166000
Bulgaria,BGR,1982,4150000
Bulgaria,BGR,1983,4141000
Bulgaria,BGR,1984,4135000
Bulgaria,BGR,1985,4134000
Bulgaria,BGR,1986,4133000
Bulgaria,BGR,1987,4131000
Bulgaria,BGR,1988,4140000
Bulgaria,BGR,1989,4146000
Bulgaria,BGR,1990,4156000
Bulgaria,BGR,1991,4162000
Bulgaria,BGR,1992,4330000
Bulgaria,BGR,1993,4310000
Bulgaria,BGR,1994,4217000
Bulgaria,BGR,1995,4202000
Bulgaria,BGR,1996,4402000
Bulgaria,BGR,1997,4497000
Bulgaria,BGR,1998,3816000
Bulgaria,BGR,1999,3859000
Bulgaria,BGR,2000,3778000
Bulgaria,BGR,2001,3712000
Bulgaria,BGR,2002,3583000
Bulgaria,BGR,2003,3537000
Bulgaria,BGR,2004,3524000
Bulgaria,BGR,2005,3361000
Bulgaria,BGR,2006,3314000
Bulgaria,BGR,2007,3274000
Bulgaria,BGR,2008,3272000
Bulgaria,BGR,2009,3311000
Bulgaria,BGR,2010,3350000
Bulgaria,BGR,2011,3410000
Bulgaria,BGR,2012,3476000
Bulgaria,BGR,2013,3614000
Bulgaria,BGR,2014,3613000
Bulgaria,BGR,2015,3643200
Bulgaria,BGR,2016,3637000
Bulgaria,BGR,2017,3637170
Bulgaria,BGR,2018,3649976.2
Bulgaria,BGR,2019,3657010.2
Bulgaria,BGR,2020,3664044.2
Bulgaria,BGR,2021,3671078
Bulgaria,BGR,2022,3678112
Bulgaria,BGR,2023,3685146
Burkina Faso,BFA,-10000,0
Burkina Faso,BFA,-9000,0
Burkina Faso,BFA,-8000,0
Burkina Faso,BFA,-7000,0
Burkina Faso,BFA,-6000,0
Burkina Faso,BFA,-5000,0
Burkina Faso,BFA,-4000,0
Burkina Faso,BFA,-3000,0
Burkina Faso,BFA,-2000,0
Burkina Faso,BFA,-1000,0
Burkina Faso,BFA,0,96144.63
Burkina Faso,BFA,100,108839.516
Burkina Faso,BFA,200,123210.14
Burkina Faso,BFA,300,139477.66
Burkina Faso,BFA,400,157892.33
Burkina Faso,BFA,500,178737.53
Burkina Faso,BFA,600,202333.9
Burkina Faso,BFA,700,229044.48
Burkina Faso,BFA,800,259280.11
Burkina Faso,BFA,900,293505.88
Burkina Faso,BFA,1000,332248.16
Burkina Faso,BFA,1100,376102.78
Burkina Faso,BFA,1200,425744.12
Burkina Faso,BFA,1300,481929.97
Burkina Faso,BFA,1400,545541.06
Burkina Faso,BFA,1500,617538.5
Burkina Faso,BFA,1600,699034.6
Burkina Faso,BFA,1700,791282.4
Burkina Faso,BFA,1710,793832.7
Burkina Faso,BFA,1720,801079.75
Burkina Faso,BFA,1730,808718.2
Burkina Faso,BFA,1740,816788.06
Burkina Faso,BFA,1750,825335.44
Burkina Faso,BFA,1760,834413.9
Burkina Faso,BFA,1770,844086.25
Burkina Faso,BFA,1780,854426.75
Burkina Faso,BFA,1790,865523.8
Burkina Faso,BFA,1800,877484.06
Burkina Faso,BFA,1810,890437.2
Burkina Faso,BFA,1820,904543.25
Burkina Faso,BFA,1830,920002.44
Burkina Faso,BFA,1840,937070.2
Burkina Faso,BFA,1850,956077.6
Burkina Faso,BFA,1860,977465.5
Burkina Faso,BFA,1870,1001835.75
Burkina Faso,BFA,1880,1030039.9
Burkina Faso,BFA,1890,1063333.2
Burkina Faso,BFA,1900,1103671.6
Burkina Faso,BFA,1910,1154327.5
Burkina Faso,BFA,1920,1221361.4
Burkina Faso,BFA,1930,1317855.1
Burkina Faso,BFA,1940,1480555.1
Burkina Faso,BFA,1950,1897915.9
Burkina Faso,BFA,1951,1915626.1
Burkina Faso,BFA,1952,1934490.9
Burkina Faso,BFA,1953,1954873.5
Burkina Faso,BFA,1954,1976982.2
Burkina Faso,BFA,1955,2000871.5
Burkina Faso,BFA,1956,2026443.5
Burkina Faso,BFA,1957,2053443.8
Burkina Faso,BFA,1958,2081494
Burkina Faso,BFA,1959,2110142.5
Burkina Faso,BFA,1960,2139000
Burkina Faso,BFA,1961,2139000
Burkina Faso,BFA,1962,2149000
Burkina Faso,BFA,1963,2159000
Burkina Faso,BFA,1964,2169000
Burkina Faso,BFA,1965,2179000
Burkina Faso,BFA,1966,2190000
Burkina Faso,BFA,1967,2200000
Burkina Faso,BFA,1968,2210000
Burkina Faso,BFA,1969,2222000
Burkina Faso,BFA,1970,2236000
Burkina Faso,BFA,1971,2220000
Burkina Faso,BFA,1972,2302000
Burkina Faso,BFA,1973,2373000
Burkina Faso,BFA,1974,2453000
Burkina Faso,BFA,1975,2536000
Burkina Faso,BFA,1976,2585000
Burkina Faso,BFA,1977,2635000
Burkina Faso,BFA,1978,2685000
Burkina Faso,BFA,1979,2735000
Burkina Faso,BFA,1980,2785000
Burkina Faso,BFA,1981,2835000
Burkina Faso,BFA,1982,2885000
Burkina Faso,BFA,1983,2935000
Burkina Faso,BFA,1984,2985000
Burkina Faso,BFA,1985,3035000
Burkina Faso,BFA,1986,3085000
Burkina Faso,BFA,1987,3140000
Burkina Faso,BFA,1988,3564000
Burkina Faso,BFA,1989,3600000
Burkina Faso,BFA,1990,3575000
Burkina Faso,BFA,1991,3550000
Burkina Faso,BFA,1992,3525000
Burkina Faso,BFA,1993,3500000
Burkina Faso,BFA,1994,3431000
Burkina Faso,BFA,1995,3450000
Burkina Faso,BFA,1996,3550000
Burkina Faso,BFA,1997,3850000
Burkina Faso,BFA,1998,3970000
Burkina Faso,BFA,1999,3970000
Burkina Faso,BFA,2000,3770000
Burkina Faso,BFA,2001,4570000
Burkina Faso,BFA,2002,4770000
Burkina Faso,BFA,2003,5170000
Burkina Faso,BFA,2004,4670000
Burkina Faso,BFA,2005,4970000
Burkina Faso,BFA,2006,4770000
Burkina Faso,BFA,2007,4970000
Burkina Faso,BFA,2008,6070000
Burkina Faso,BFA,2009,5770000
Burkina Faso,BFA,2010,6080000
Burkina Faso,BFA,2011,5790000
Burkina Faso,BFA,2012,6100000
Burkina Faso,BFA,2013,6300000
Burkina Faso,BFA,2014,6100000
Burkina Faso,BFA,2015,6100000
Burkina Faso,BFA,2016,6100000
Burkina Faso,BFA,2017,6100000
Burkina Faso,BFA,2018,6020000
Burkina Faso,BFA,2019,5980000
Burkina Faso,BFA,2020,5940000
Burkina Faso,BFA,2021,5900000
Burkina Faso,BFA,2022,5860000
Burkina Faso,BFA,2023,5820000
Burundi,BDI,-10000,0
Burundi,BDI,-9000,0
Burundi,BDI,-8000,0
Burundi,BDI,-7000,0
Burundi,BDI,-6000,0
Burundi,BDI,-5000,0
Burundi,BDI,-4000,0
Burundi,BDI,-3000,0
Burundi,BDI,-2000,0
Burundi,BDI,-1000,0
Burundi,BDI,0,3802.425
Burundi,BDI,100,5502.193
Burundi,BDI,200,7961.142
Burundi,BDI,300,11518.03
Burundi,BDI,400,16662.613
Burundi,BDI,500,24102.873
Burundi,BDI,600,34862.137
Burundi,BDI,700,50419.355
Burundi,BDI,800,72911.7
Burundi,BDI,900,90601.41
Burundi,BDI,1000,108068.06
Burundi,BDI,1100,130677.83
Burundi,BDI,1200,152989.06
Burundi,BDI,1300,174995.95
Burundi,BDI,1400,196692.48
Burundi,BDI,1500,218072.3
Burundi,BDI,1600,238262.38
Burundi,BDI,1700,258134.16
Burundi,BDI,1710,246399.73
Burundi,BDI,1720,249133.9
Burundi,BDI,1730,252027.42
Burundi,BDI,1740,255097.05
Burundi,BDI,1750,258362.28
Burundi,BDI,1760,261845.84
Burundi,BDI,1770,265574.47
Burundi,BDI,1780,269579.75
Burundi,BDI,1790,273899.62
Burundi,BDI,1800,278579.88
Burundi,BDI,1810,283676.53
Burundi,BDI,1820,289259
Burundi,BDI,1830,295414.66
Burundi,BDI,1840,302255.25
Burundi,BDI,1850,309926.94
Burundi,BDI,1860,318625.03
Burundi,BDI,1870,328618.6
Burundi,BDI,1880,340290.88
Burundi,BDI,1890,354212.47
Burundi,BDI,1900,371281.4
Burundi,BDI,1910,393020
Burundi,BDI,1920,422293.56
Burundi,BDI,1930,465424.06
Burundi,BDI,1940,540793.9
Burundi,BDI,1950,750550.44
Burundi,BDI,1951,766813.25
Burundi,BDI,1952,781183.7
Burundi,BDI,1953,794746.3
Burundi,BDI,1954,808326.75
Burundi,BDI,1955,822497.9
Burundi,BDI,1956,837562.7
Burundi,BDI,1957,853582.7
Burundi,BDI,1958,870383.4
Burundi,BDI,1959,887632.7
Burundi,BDI,1960,905000
Burundi,BDI,1961,905000
Burundi,BDI,1962,930000
Burundi,BDI,1963,954000
Burundi,BDI,1964,974000
Burundi,BDI,1965,996000
Burundi,BDI,1966,993000
Burundi,BDI,1967,1038000
Burundi,BDI,1968,1050000
Burundi,BDI,1969,1247000
Burundi,BDI,1970,1200000
Burundi,BDI,1971,1189000
Burundi,BDI,1972,1166000
Burundi,BDI,1973,1230000
Burundi,BDI,1974,1230000
Burundi,BDI,1975,1230000
Burundi,BDI,1976,1235000
Burundi,BDI,1977,1262000
Burundi,BDI,1978,1255000
Burundi,BDI,1979,1250000
Burundi,BDI,1980,1250000
Burundi,BDI,1981,1250000
Burundi,BDI,1982,1250000
Burundi,BDI,1983,1250000
Burundi,BDI,1984,1250000
Burundi,BDI,1985,1250000
Burundi,BDI,1986,1270000
Burundi,BDI,1987,1280000
Burundi,BDI,1988,1290000
Burundi,BDI,1989,1290000
Burundi,BDI,1990,1290000
Burundi,BDI,1991,1290000
Burundi,BDI,1992,1300000
Burundi,BDI,1993,1300000
Burundi,BDI,1994,1300000
Burundi,BDI,1995,1310000
Burundi,BDI,1996,1310000
Burundi,BDI,1997,1310000
Burundi,BDI,1998,1310000
Burundi,BDI,1999,1320000
Burundi,BDI,2000,1320000
Burundi,BDI,2001,1337000
Burundi,BDI,2002,1351000
Burundi,BDI,2003,1350000
Burundi,BDI,2004,1365000
Burundi,BDI,2005,1336000
Burundi,BDI,2006,1300000
Burundi,BDI,2007,1250000
Burundi,BDI,2008,1300000
Burundi,BDI,2009,1350000
Burundi,BDI,2010,1350000
Burundi,BDI,2011,1400000
Burundi,BDI,2012,1450000
Burundi,BDI,2013,1550000
Burundi,BDI,2014,1550000
Burundi,BDI,2015,1550000
Burundi,BDI,2016,1549999.9
Burundi,BDI,2017,1549999.9
Burundi,BDI,2018,1549999.9
Burundi,BDI,2019,1549999.9
Burundi,BDI,2020,1549999.9
Burundi,BDI,2021,1550000
Burundi,BDI,2022,1550000
Burundi,BDI,2023,1550000
Cambodia,KHM,-10000,0
Cambodia,KHM,-9000,0
Cambodia,KHM,-8000,0
Cambodia,KHM,-7000,0
Cambodia,KHM,-6000,0
Cambodia,KHM,-5000,0
Cambodia,KHM,-4000,0
Cambodia,KHM,-3000,0
Cambodia,KHM,-2000,0
Cambodia,KHM,-1000,0
Cambodia,KHM,0,152272.23
Cambodia,KHM,100,162008.19
Cambodia,KHM,200,172294.73
Cambodia,KHM,300,183152.27
Cambodia,KHM,400,194599.97
Cambodia,KHM,500,206655.22
Cambodia,KHM,600,219333.08
Cambodia,KHM,700,232645.36
Cambodia,KHM,800,246599.7
Cambodia,KHM,900,256155.56
Cambodia,KHM,1000,265129.28
Cambodia,KHM,1100,286501.28
Cambodia,KHM,1200,306739.56
Cambodia,KHM,1300,325761.8
Cambodia,KHM,1400,343483.03
Cambodia,KHM,1500,359804.75
Cambodia,KHM,1600,389836.34
Cambodia,KHM,1700,417427.2
Cambodia,KHM,1710,421219.25
Cambodia,KHM,1720,424977.97
Cambodia,KHM,1730,428703.06
Cambodia,KHM,1740,432394.28
Cambodia,KHM,1750,436051.2
Cambodia,KHM,1760,439673.53
Cambodia,KHM,1770,443260.94
Cambodia,KHM,1780,446813.1
Cambodia,KHM,1790,450329.6
Cambodia,KHM,1800,453810.16
Cambodia,KHM,1810,457254.34
Cambodia,KHM,1820,460661.8
Cambodia,KHM,1830,468017.38
Cambodia,KHM,1840,477700.78
Cambodia,KHM,1850,487570.75
Cambodia,KHM,1860,497630.4
Cambodia,KHM,1870,507882.75
Cambodia,KHM,1880,540033.56
Cambodia,KHM,1890,601875.06
Cambodia,KHM,1900,669795.7
Cambodia,KHM,1910,744348.56
Cambodia,KHM,1920,836451.7
Cambodia,KHM,1930,1159216.8
Cambodia,KHM,1940,1538170.2
Cambodia,KHM,1950,1981322.2
Cambodia,KHM,1951,2055587.9
Cambodia,KHM,1952,2137503
Cambodia,KHM,1953,2224611.2
Cambodia,KHM,1954,2315036.2
Cambodia,KHM,1955,2407511.2
Cambodia,KHM,1956,2501468.2
Cambodia,KHM,1957,2597068.5
Cambodia,KHM,1958,2695095.5
Cambodia,KHM,1959,2796826.8
Cambodia,KHM,1960,2938000
Cambodia,KHM,1961,2938000
Cambodia,KHM,1962,2953000
Cambodia,KHM,1963,2962000
Cambodia,KHM,1964,3015000
Cambodia,KHM,1965,3047000
Cambodia,KHM,1966,3047000
Cambodia,KHM,1967,3049000
Cambodia,KHM,1968,2997000
Cambodia,KHM,1969,2897000
Cambodia,KHM,1970,2839000
Cambodia,KHM,1971,1870000
Cambodia,KHM,1972,1870000
Cambodia,KHM,1973,1870000
Cambodia,KHM,1974,1920000
Cambodia,KHM,1975,1920000
Cambodia,KHM,1976,1970000
Cambodia,KHM,1977,1970000
Cambodia,KHM,1978,2020000
Cambodia,KHM,1979,2020000
Cambodia,KHM,1980,2070000
Cambodia,KHM,1981,2070000
Cambodia,KHM,1982,2100000
Cambodia,KHM,1983,2110000
Cambodia,KHM,1984,2110000
Cambodia,KHM,1985,2390000
Cambodia,KHM,1986,2690000
Cambodia,KHM,1987,3100000
Cambodia,KHM,1988,3550000
Cambodia,KHM,1989,3785000
Cambodia,KHM,1990,3805000
Cambodia,KHM,1991,3810000
Cambodia,KHM,1992,3815000
Cambodia,KHM,1993,3831000
Cambodia,KHM,1994,3819997
Cambodia,KHM,1995,3819997.2
Cambodia,KHM,1996,3829994.2
Cambodia,KHM,1997,3829995
Cambodia,KHM,1998,3829990.5
Cambodia,KHM,1999,3839991.8
Cambodia,KHM,2000,3839992.5
Cambodia,KHM,2001,3839993.2
Cambodia,KHM,2002,3849994.5
Cambodia,KHM,2003,3849995.2
Cambodia,KHM,2004,3849994.5
Cambodia,KHM,2005,3855995.2
Cambodia,KHM,2006,3854996.5
Cambodia,KHM,2007,3854997.2
Cambodia,KHM,2008,3854997.2
Cambodia,KHM,2009,3854999.5
Cambodia,KHM,2010,3955000
Cambodia,KHM,2011,3955000
Cambodia,KHM,2012,3955000
Cambodia,KHM,2013,3955000
Cambodia,KHM,2014,3955000
Cambodia,KHM,2015,4066000
Cambodia,KHM,2016,4066000
Cambodia,KHM,2017,4066000
Cambodia,KHM,2018,4121500
Cambodia,KHM,2019,4154800
Cambodia,KHM,2020,4188100
Cambodia,KHM,2021,4221400
Cambodia,KHM,2022,4254700
Cambodia,KHM,2023,4288000
Cameroon,CMR,-10000,0
Cameroon,CMR,-9000,0
Cameroon,CMR,-8000,0
Cameroon,CMR,-7000,0
Cameroon,CMR,-6000,0
Cameroon,CMR,-5000,0
Cameroon,CMR,-4000,0
Cameroon,CMR,-3000,0
Cameroon,CMR,-2000,0
Cameroon,CMR,-1000,0
Cameroon,CMR,0,187704.36
Cameroon,CMR,100,215145.62
Cameroon,CMR,200,246592.44
Cameroon,CMR,300,282628.62
Cameroon,CMR,400,323923.16
Cameroon,CMR,500,371242.22
Cameroon,CMR,600,425463.7
Cameroon,CMR,700,487593.06
Cameroon,CMR,800,558782.25
Cameroon,CMR,900,640350.9
Cameroon,CMR,1000,733810.25
Cameroon,CMR,1100,840891.8
Cameroon,CMR,1200,963578.44
Cameroon,CMR,1300,1104142.2
Cameroon,CMR,1400,1265184.2
Cameroon,CMR,1500,1449684.6
Cameroon,CMR,1600,1661060
Cameroon,CMR,1700,1903215.9
Cameroon,CMR,1710,1821625.2
Cameroon,CMR,1720,1839719.5
Cameroon,CMR,1730,1858775.2
Cameroon,CMR,1740,1878890.4
Cameroon,CMR,1750,1900179.1
Cameroon,CMR,1760,1922773.2
Cameroon,CMR,1770,1946827.5
Cameroon,CMR,1780,1972525.4
Cameroon,CMR,1790,2000084.8
Cameroon,CMR,1800,2029768.5
Cameroon,CMR,1810,2061897.5
Cameroon,CMR,1820,2096866.8
Cameroon,CMR,1830,2135172.2
Cameroon,CMR,1840,2177445
Cameroon,CMR,1850,2224506.2
Cameroon,CMR,1860,2277447.8
Cameroon,CMR,1870,2337763.8
Cameroon,CMR,1880,2407569.2
Cameroon,CMR,1890,2489988
Cameroon,CMR,1900,2589892.5
Cameroon,CMR,1910,2715453
Cameroon,CMR,1920,2881839.8
Cameroon,CMR,1930,3121907.8
Cameroon,CMR,1940,3528462.5
Cameroon,CMR,1950,4583565
Cameroon,CMR,1951,4664460
Cameroon,CMR,1952,4746941
Cameroon,CMR,1953,4831271.5
Cameroon,CMR,1954,4917797.5
Cameroon,CMR,1955,5006906
Cameroon,CMR,1956,5099078.5
Cameroon,CMR,1957,5194873.5
Cameroon,CMR,1958,5294885
Cameroon,CMR,1959,5399727.5
Cameroon,CMR,1960,5510000
Cameroon,CMR,1961,5510000
Cameroon,CMR,1962,5570000
Cameroon,CMR,1963,5620000
Cameroon,CMR,1964,5680000
Cameroon,CMR,1965,5740000
Cameroon,CMR,1966,5800000
Cameroon,CMR,1967,5870000
Cameroon,CMR,1968,5920000
Cameroon,CMR,1969,5970000
Cameroon,CMR,1970,5978000
Cameroon,CMR,1971,6028000
Cameroon,CMR,1972,6095000
Cameroon,CMR,1973,6160000
Cameroon,CMR,1974,6280000
Cameroon,CMR,1975,6395000
Cameroon,CMR,1976,6510000
Cameroon,CMR,1977,6644000
Cameroon,CMR,1978,6671000
Cameroon,CMR,1979,6912000
Cameroon,CMR,1980,6930000
Cameroon,CMR,1981,6960000
Cameroon,CMR,1982,7010000
Cameroon,CMR,1983,7060000
Cameroon,CMR,1984,7109989
Cameroon,CMR,1985,7159990
Cameroon,CMR,1986,7229990.5
Cameroon,CMR,1987,7209990.5
Cameroon,CMR,1988,7209991.5
Cameroon,CMR,1989,7189991.5
Cameroon,CMR,1990,7169991.5
Cameroon,CMR,1991,7149992
Cameroon,CMR,1992,7159992
Cameroon,CMR,1993,7159993
Cameroon,CMR,1994,7159993
Cameroon,CMR,1995,7159994
Cameroon,CMR,1996,7159994
Cameroon,CMR,1997,7159994.5
Cameroon,CMR,1998,7159995.5
Cameroon,CMR,1999,7159997
Cameroon,CMR,2000,7159990
Cameroon,CMR,2001,7159981
Cameroon,CMR,2002,7159965
Cameroon,CMR,2003,7159994.5
Cameroon,CMR,2004,7209991.5
Cameroon,CMR,2005,7212993
Cameroon,CMR,2006,7212994
Cameroon,CMR,2007,7212994.5
Cameroon,CMR,2008,7262994
Cameroon,CMR,2009,7313000
Cameroon,CMR,2010,7699999
Cameroon,CMR,2011,7749997.5
Cameroon,CMR,2012,7749997.5
Cameroon,CMR,2013,7750000
Cameroon,CMR,2014,7750000
Cameroon,CMR,2015,7750000
Cameroon,CMR,2016,7750000
Cameroon,CMR,2017,7750000
Cameroon,CMR,2018,7750000
Cameroon,CMR,2019,7750000
Cameroon,CMR,2020,7750000
Cameroon,CMR,2021,7750000
Cameroon,CMR,2022,7750000
Cameroon,CMR,2023,7750000
Canada,CAN,-10000,0
Canada,CAN,-9000,0
Canada,CAN,-8000,0
Canada,CAN,-7000,0
Canada,CAN,-6000,0
Canada,CAN,-5000,0
Canada,CAN,-4000,0
Canada,CAN,-3000,0
Canada,CAN,-2000,0
Canada,CAN,-1000,0
Canada,CAN,0,0
Canada,CAN,100,0
Canada,CAN,200,0
Canada,CAN,300,0
Canada,CAN,400,0
Canada,CAN,500,0
Canada,CAN,600,0
Canada,CAN,700,0
Canada,CAN,800,0
Canada,CAN,900,0
Canada,CAN,1000,0
Canada,CAN,1100,0
Canada,CAN,1200,0
Canada,CAN,1300,0
Canada,CAN,1400,0
Canada,CAN,1500,926.86084
Canada,CAN,1600,9697.019
Canada,CAN,1700,18666.105
Canada,CAN,1710,24776.96
Canada,CAN,1720,32983.867
Canada,CAN,1730,44043.727
Canada,CAN,1740,59002.027
Canada,CAN,1750,79308.95
Canada,CAN,1760,106984.64
Canada,CAN,1770,144855.27
Canada,CAN,1780,196891.45
Canada,CAN,1790,268695.47
Canada,CAN,1800,386044.66
Canada,CAN,1810,530496.56
Canada,CAN,1820,732052.3
Canada,CAN,1830,1014490.3
Canada,CAN,1840,1414122.8
Canada,CAN,1850,1976894.4
Canada,CAN,1860,3266879
Canada,CAN,1870,4908124
Canada,CAN,1880,6088281.5
Canada,CAN,1890,7635633.5
Canada,CAN,1900,8390034
Canada,CAN,1910,14468631
Canada,CAN,1920,20205300
Canada,CAN,1930,23544866
Canada,CAN,1940,27786844
Canada,CAN,1950,32028822
Canada,CAN,1951,32453022
Canada,CAN,1952,32877218
Canada,CAN,1953,33301416
Canada,CAN,1954,33725616
Canada,CAN,1955,34149812
Canada,CAN,1956,34574010
Canada,CAN,1957,34998210
Canada,CAN,1958,35422410
Canada,CAN,1959,35846604
Canada,CAN,1960,36270804
Canada,CAN,1961,36695000
Canada,CAN,1962,37020000
Canada,CAN,1963,37345000
Canada,CAN,1964,37670000
Canada,CAN,1965,37995000
Canada,CAN,1966,38317000
Canada,CAN,1967,38384000
Canada,CAN,1968,38451000
Canada,CAN,1969,38518000
Canada,CAN,1970,38585000
Canada,CAN,1971,38650000
Canada,CAN,1972,38773000
Canada,CAN,1973,38896000
Canada,CAN,1974,39019000
Canada,CAN,1975,39142000
Canada,CAN,1976,39263104
Canada,CAN,1977,39544000
Canada,CAN,1978,39824000
Canada,CAN,1979,40104000
Canada,CAN,1980,40384000
Canada,CAN,1981,40668000
Canada,CAN,1982,40870000
Canada,CAN,1983,41072000
Canada,CAN,1984,41274000
Canada,CAN,1985,41476000
Canada,CAN,1986,41679892
Canada,CAN,1987,41629000
Canada,CAN,1988,41578000
Canada,CAN,1989,41527000
Canada,CAN,1990,41476000
Canada,CAN,1991,41428730
Canada,CAN,1992,41389000
Canada,CAN,1993,41349000
Canada,CAN,1994,41309000
Canada,CAN,1995,41269000
Canada,CAN,1996,41231000
Canada,CAN,1997,41207000
Canada,CAN,1998,41184000
Canada,CAN,1999,41161000
Canada,CAN,2000,41138000
Canada,CAN,2001,41113160
Canada,CAN,2002,40780000
Canada,CAN,2003,40447000
Canada,CAN,2004,40114000
Canada,CAN,2005,39781000
Canada,CAN,2006,39448000
Canada,CAN,2007,39052000
Canada,CAN,2008,38656000
Canada,CAN,2009,38260000
Canada,CAN,2010,37864000
Canada,CAN,2011,37463700
Canada,CAN,2012,37713000
Canada,CAN,2013,37962000
Canada,CAN,2014,38211000
Canada,CAN,2015,38460000
Canada,CAN,2016,38708000
Canada,CAN,2017,38352400
Canada,CAN,2018,38722020
Canada,CAN,2019,38849800
Canada,CAN,2020,38977580
Canada,CAN,2021,39105360
Canada,CAN,2022,39233140
Canada,CAN,2023,39360920
Cape Verde,CPV,-10000,0
Cape Verde,CPV,-9000,0
Cape Verde,CPV,-8000,0
Cape Verde,CPV,-7000,0
Cape Verde,CPV,-6000,0
Cape Verde,CPV,-5000,0
Cape Verde,CPV,-4000,0
Cape Verde,CPV,-3000,0
Cape Verde,CPV,-2000,0
Cape Verde,CPV,-1000,0
Cape Verde,CPV,0,0
Cape Verde,CPV,100,0
Cape Verde,CPV,200,0
Cape Verde,CPV,300,0
Cape Verde,CPV,400,0
Cape Verde,CPV,500,0
Cape Verde,CPV,600,0
Cape Verde,CPV,700,0
Cape Verde,CPV,800,0
Cape Verde,CPV,900,0
Cape Verde,CPV,1000,0
Cape Verde,CPV,1100,0
Cape Verde,CPV,1200,0
Cape Verde,CPV,1300,0
Cape Verde,CPV,1400,0
Cape Verde,CPV,1500,0
Cape Verde,CPV,1600,2241.298
Cape Verde,CPV,1700,4348.4976
Cape Verde,CPV,1710,5652.1284
Cape Verde,CPV,1720,6103.4175
Cape Verde,CPV,1730,6590.5312
Cape Verde,CPV,1740,7116.2925
Cape Verde,CPV,1750,7683.7456
Cape Verde,CPV,1760,8296.169
Cape Verde,CPV,1770,8957.1
Cape Verde,CPV,1780,9670.347
Cape Verde,CPV,1790,10440.019
Cape Verde,CPV,1800,11270.541
Cape Verde,CPV,1810,12166.68
Cape Verde,CPV,1820,13133.577
Cape Verde,CPV,1830,14176.764
Cape Verde,CPV,1840,15302.206
Cape Verde,CPV,1850,16516.326
Cape Verde,CPV,1860,17826.043
Cape Verde,CPV,1870,19238.8
Cape Verde,CPV,1880,20762.629
Cape Verde,CPV,1890,22406.162
Cape Verde,CPV,1900,24178.701
Cape Verde,CPV,1910,26090.256
Cape Verde,CPV,1920,28151.6
Cape Verde,CPV,1930,30374.332
Cape Verde,CPV,1940,32770.93
Cape Verde,CPV,1950,35354.82
Cape Verde,CPV,1951,36940.477
Cape Verde,CPV,1952,37995.7
Cape Verde,CPV,1953,38636.16
Cape Verde,CPV,1954,38976.35
Cape Verde,CPV,1955,39115.723
Cape Verde,CPV,1956,39154.535
Cape Verde,CPV,1957,39183.19
Cape Verde,CPV,1958,39287.582
Cape Verde,CPV,1959,39541.4
Cape Verde,CPV,1960,40000
Cape Verde,CPV,1961,40000
Cape Verde,CPV,1962,40000
Cape Verde,CPV,1963,40000
Cape Verde,CPV,1964,40000
Cape Verde,CPV,1965,40000
Cape Verde,CPV,1966,40000
Cape Verde,CPV,1967,40000
Cape Verde,CPV,1968,40000
Cape Verde,CPV,1969,40000
Cape Verde,CPV,1970,40000
Cape Verde,CPV,1971,40000
Cape Verde,CPV,1972,40000
Cape Verde,CPV,1973,40000
Cape Verde,CPV,1974,40000
Cape Verde,CPV,1975,40000
Cape Verde,CPV,1976,40000
Cape Verde,CPV,1977,40000
Cape Verde,CPV,1978,40000
Cape Verde,CPV,1979,40000
Cape Verde,CPV,1980,40000
Cape Verde,CPV,1981,40000
Cape Verde,CPV,1982,40000
Cape Verde,CPV,1983,40000
Cape Verde,CPV,1984,40000
Cape Verde,CPV,1985,40000
Cape Verde,CPV,1986,40000
Cape Verde,CPV,1987,40000
Cape Verde,CPV,1988,42000
Cape Verde,CPV,1989,42000
Cape Verde,CPV,1990,43000
Cape Verde,CPV,1991,43000
Cape Verde,CPV,1992,44000
Cape Verde,CPV,1993,44000
Cape Verde,CPV,1994,44000
Cape Verde,CPV,1995,45000
Cape Verde,CPV,1996,45000
Cape Verde,CPV,1997,47000
Cape Verde,CPV,1998,47000
Cape Verde,CPV,1999,46000
Cape Verde,CPV,2000,46000
Cape Verde,CPV,2001,48000
Cape Verde,CPV,2002,49000
Cape Verde,CPV,2003,49000
Cape Verde,CPV,2004,50000
Cape Verde,CPV,2005,50000
Cape Verde,CPV,2006,51000
Cape Verde,CPV,2007,51000
Cape Verde,CPV,2008,53000
Cape Verde,CPV,2009,53000
Cape Verde,CPV,2010,53000
Cape Verde,CPV,2011,53000
Cape Verde,CPV,2012,59000
Cape Verde,CPV,2013,59000
Cape Verde,CPV,2014,54000
Cape Verde,CPV,2015,54000
Cape Verde,CPV,2016,54000
Cape Verde,CPV,2017,54000
Cape Verde,CPV,2018,52000
Cape Verde,CPV,2019,51000
Cape Verde,CPV,2020,50000
Cape Verde,CPV,2021,49000
Cape Verde,CPV,2022,48000
Cape Verde,CPV,2023,47000
Central African Republic,CAF,-10000,0
Central African Republic,CAF,-9000,0
Central African Republic,CAF,-8000,0
Central African Republic,CAF,-7000,0
Central African Republic,CAF,-6000,0
Central African Republic,CAF,-5000,0
Central African Republic,CAF,-4000,0
Central African Republic,CAF,-3000,0
Central African Republic,CAF,-2000,0
Central African Republic,CAF,-1000,0
Central African Republic,CAF,0,0
Central African Republic,CAF,100,0
Central African Republic,CAF,200,0
Central African Republic,CAF,300,0
Central African Republic,CAF,400,0
Central African Republic,CAF,500,0
Central African Republic,CAF,600,0
Central African Republic,CAF,700,0
Central African Republic,CAF,800,0
Central African Republic,CAF,900,0
Central African Republic,CAF,1000,0
Central African Republic,CAF,1100,0
Central African Republic,CAF,1200,0
Central African Republic,CAF,1300,0
Central African Republic,CAF,1400,0
Central African Republic,CAF,1500,0
Central African Republic,CAF,1600,339938.12
Central African Republic,CAF,1700,358769.8
Central African Republic,CAF,1710,360063.78
Central African Republic,CAF,1720,365487.8
Central African Republic,CAF,1730,371232.38
Central African Republic,CAF,1740,377332.16
Central African Republic,CAF,1750,383827.56
Central African Republic,CAF,1760,390765.88
Central African Republic,CAF,1770,398202.84
Central African Republic,CAF,1780,406204.75
Central African Republic,CAF,1790,414851.28
Central African Republic,CAF,1800,424239.16
Central African Republic,CAF,1810,434487.16
Central African Republic,CAF,1820,445743.3
Central African Republic,CAF,1830,458194.72
Central African Republic,CAF,1840,472082.3
Central African Republic,CAF,1850,487722.8
Central African Republic,CAF,1860,505542.78
Central African Republic,CAF,1870,526134
Central African Republic,CAF,1880,550347.4
Central African Republic,CAF,1890,579462.25
Central African Republic,CAF,1900,615516.6
Central African Republic,CAF,1910,662016.06
Central African Republic,CAF,1920,725683.6
Central African Republic,CAF,1930,821739.6
Central African Republic,CAF,1940,996303.7
Central African Republic,CAF,1950,1533168.1
Central African Republic,CAF,1951,1548448.6
Central African Republic,CAF,1952,1564240.9
Central African Republic,CAF,1953,1580839.5
Central African Republic,CAF,1954,1598535.9
Central African Republic,CAF,1955,1617548.4
Central African Republic,CAF,1956,1638084.1
Central African Republic,CAF,1957,1660287.8
Central African Republic,CAF,1958,1684282.8
Central African Republic,CAF,1959,1710169.1
Central African Republic,CAF,1960,1738000
Central African Republic,CAF,1961,1738000
Central African Republic,CAF,1962,1748000
Central African Republic,CAF,1963,1756000
Central African Republic,CAF,1964,1770000
Central African Republic,CAF,1965,1780000
Central African Republic,CAF,1966,1790000
Central African Republic,CAF,1967,1800000
Central African Republic,CAF,1968,1810000
Central African Republic,CAF,1969,1820000
Central African Republic,CAF,1970,1830000
Central African Republic,CAF,1971,1840000
Central African Republic,CAF,1972,1850000
Central African Republic,CAF,1973,1860000
Central African Republic,CAF,1974,1870000
Central African Republic,CAF,1975,1890000
Central African Republic,CAF,1976,1900000
Central African Republic,CAF,1977,1910000
Central African Republic,CAF,1978,1920000
Central African Republic,CAF,1979,1930000
Central African Republic,CAF,1980,1945000
Central African Republic,CAF,1981,1945000
Central African Republic,CAF,1982,1960000
Central African Republic,CAF,1983,1970000
Central African Republic,CAF,1984,1982000
Central African Republic,CAF,1985,1983000
Central African Republic,CAF,1986,2004000
Central African Republic,CAF,1987,2005000
Central African Republic,CAF,1988,2006000
Central African Republic,CAF,1989,2006000
Central African Republic,CAF,1990,2006000
Central African Republic,CAF,1991,2008000
Central African Republic,CAF,1992,2020000
Central African Republic,CAF,1993,2020000
Central African Republic,CAF,1994,2020000
Central African Republic,CAF,1995,2020000
Central African Republic,CAF,1996,2022000
Central African Republic,CAF,1997,2023000
Central African Republic,CAF,1998,2024000
Central African Republic,CAF,1999,2024000
Central African Republic,CAF,2000,2024000
Central African Republic,CAF,2001,2024000
Central African Republic,CAF,2002,2024000
Central African Republic,CAF,2003,1995000
Central African Republic,CAF,2004,2015000
Central African Republic,CAF,2005,2015000
Central African Republic,CAF,2006,2010000
Central African Republic,CAF,2007,2010000
Central African Republic,CAF,2008,2010000
Central African Republic,CAF,2009,2030000
Central African Republic,CAF,2010,1880000
Central African Republic,CAF,2011,1880000
Central African Republic,CAF,2012,1880000
Central African Republic,CAF,2013,1880000
Central African Republic,CAF,2014,1880000
Central African Republic,CAF,2015,1880000
Central African Republic,CAF,2016,1880000
Central African Republic,CAF,2017,1880000
Central African Republic,CAF,2018,1880000
Central African Republic,CAF,2019,1880000
Central African Republic,CAF,2020,1880000
Central African Republic,CAF,2021,1880000
Central African Republic,CAF,2022,1880000
Central African Republic,CAF,2023,1880000
Chad,TCD,-10000,0
Chad,TCD,-9000,0
Chad,TCD,-8000,0
Chad,TCD,-7000,0
Chad,TCD,-6000,0
Chad,TCD,-5000,0
Chad,TCD,-4000,0
Chad,TCD,-3000,0
Chad,TCD,-2000,0
Chad,TCD,-1000,0
Chad,TCD,0,0
Chad,TCD,100,0
Chad,TCD,200,0
Chad,TCD,300,0
Chad,TCD,400,0
Chad,TCD,500,0
Chad,TCD,600,0
Chad,TCD,700,0
Chad,TCD,800,0
Chad,TCD,900,0
Chad,TCD,1000,0
Chad,TCD,1100,0
Chad,TCD,1200,0
Chad,TCD,1300,0
Chad,TCD,1400,0
Chad,TCD,1500,0
Chad,TCD,1600,0
Chad,TCD,1700,0
Chad,TCD,1710,0
Chad,TCD,1720,0
Chad,TCD,1730,0
Chad,TCD,1740,0
Chad,TCD,1750,0
Chad,TCD,1760,0
Chad,TCD,1770,0
Chad,TCD,1780,0
Chad,TCD,1790,0
Chad,TCD,1800,0
Chad,TCD,1810,0
Chad,TCD,1820,0
Chad,TCD,1830,0
Chad,TCD,1840,0
Chad,TCD,1850,0
Chad,TCD,1860,1344370.2
Chad,TCD,1870,1373363.4
Chad,TCD,1880,1406774.4
Chad,TCD,1890,1446023.5
Chad,TCD,1900,1493311.8
Chad,TCD,1910,1552299
Chad,TCD,1920,1629710.2
Chad,TCD,1930,1739904.2
Chad,TCD,1940,1922546.1
Chad,TCD,1950,2373513.8
Chad,TCD,1951,2410606
Chad,TCD,1952,2453252.8
Chad,TCD,1953,2498127.5
Chad,TCD,1954,2544506
Chad,TCD,1955,2591889.8
Chad,TCD,1956,2640067
Chad,TCD,1957,2689070.2
Chad,TCD,1958,2739172.8
Chad,TCD,1959,2790785
Chad,TCD,1960,2844317
Chad,TCD,1961,2900000
Chad,TCD,1962,2900000
Chad,TCD,1963,2900000
Chad,TCD,1964,2900000
Chad,TCD,1965,2900000
Chad,TCD,1966,2900000
Chad,TCD,1967,2900000
Chad,TCD,1968,2900000
Chad,TCD,1969,2900000
Chad,TCD,1970,2900000
Chad,TCD,1971,2900000
Chad,TCD,1972,2900000
Chad,TCD,1973,2910000
Chad,TCD,1974,2920000
Chad,TCD,1975,3000000
Chad,TCD,1976,3100000
Chad,TCD,1977,3100000
Chad,TCD,1978,3150000
Chad,TCD,1979,3150000
Chad,TCD,1980,3150000
Chad,TCD,1981,3150000
Chad,TCD,1982,3150000
Chad,TCD,1983,3150000
Chad,TCD,1984,3150000
Chad,TCD,1985,3155000
Chad,TCD,1986,3205000
Chad,TCD,1987,3205000
Chad,TCD,1988,3230000
Chad,TCD,1989,3250000
Chad,TCD,1990,3300000
Chad,TCD,1991,3350000
Chad,TCD,1992,3370000
Chad,TCD,1993,3400000
Chad,TCD,1994,3420000
Chad,TCD,1995,3450000
Chad,TCD,1996,3430000
Chad,TCD,1997,3630000
Chad,TCD,1998,3630000
Chad,TCD,1999,3630000
Chad,TCD,2000,3630000
Chad,TCD,2001,3930000
Chad,TCD,2002,3730000
Chad,TCD,2003,3830000
Chad,TCD,2004,3830000
Chad,TCD,2005,3930000
Chad,TCD,2006,3930000
Chad,TCD,2007,3931000
Chad,TCD,2008,3931000
Chad,TCD,2009,4035000
Chad,TCD,2010,4235000
Chad,TCD,2011,4335000
Chad,TCD,2012,4685000
Chad,TCD,2013,5036000
Chad,TCD,2014,5236000
Chad,TCD,2015,5237000
Chad,TCD,2016,5238000
Chad,TCD,2017,5238000
Chad,TCD,2018,5318800
Chad,TCD,2019,5359400
Chad,TCD,2020,5400000
Chad,TCD,2021,5440600
Chad,TCD,2022,5481200
Chad,TCD,2023,5521800
Chile,CHL,-10000,0
Chile,CHL,-9000,0
Chile,CHL,-8000,0
Chile,CHL,-7000,0
Chile,CHL,-6000,0
Chile,CHL,-5000,0
Chile,CHL,-4000,0
Chile,CHL,-3000,0
Chile,CHL,-2000,241.95734
Chile,CHL,-1000,58877.824
Chile,CHL,0,116959.164
Chile,CHL,100,125297.25
Chile,CHL,200,134216.88
Chile,CHL,300,143756.6
Chile,CHL,400,153957.08
Chile,CHL,500,164861.22
Chile,CHL,600,176513.98
Chile,CHL,700,188962.38
Chile,CHL,800,202255.3
Chile,CHL,900,216234.23
Chile,CHL,1000,230103.25
Chile,CHL,1100,252452.27
Chile,CHL,1200,274604.62
Chile,CHL,1300,296525.53
Chile,CHL,1400,318168.84
Chile,CHL,1500,339470.53
Chile,CHL,1600,337814.88
Chile,CHL,1700,337565.25
Chile,CHL,1710,346220.1
Chile,CHL,1720,355091.2
Chile,CHL,1730,364183.44
Chile,CHL,1740,373501.88
Chile,CHL,1750,383051.5
Chile,CHL,1760,392837.34
Chile,CHL,1770,402864.66
Chile,CHL,1780,413138.44
Chile,CHL,1790,423663.88
Chile,CHL,1800,434446.03
Chile,CHL,1810,445490
Chile,CHL,1820,491693.9
Chile,CHL,1830,542671.75
Chile,CHL,1840,598913.1
Chile,CHL,1850,760199.7
Chile,CHL,1860,951048.06
Chile,CHL,1870,1125128.6
Chile,CHL,1880,1323747.8
Chile,CHL,1890,1488618.5
Chile,CHL,1900,1666931.2
Chile,CHL,1910,1929800.6
Chile,CHL,1920,2174525.8
Chile,CHL,1930,2353268.2
Chile,CHL,1940,2756444.5
Chile,CHL,1950,3207918.2
Chile,CHL,1951,3240351
Chile,CHL,1952,3281089
Chile,CHL,1953,3328344.2
Chile,CHL,1954,3380716.5
Chile,CHL,1955,3437175.8
Chile,CHL,1956,3497053.5
Chile,CHL,1957,3560006.2
Chile,CHL,1958,3625934.5
Chile,CHL,1959,3694805
Chile,CHL,1960,3765500
Chile,CHL,1961,3836000
Chile,CHL,1962,3856000
Chile,CHL,1963,3876000
Chile,CHL,1964,3898000
Chile,CHL,1965,3918000
Chile,CHL,1966,3938000
Chile,CHL,1967,3958000
Chile,CHL,1968,3978000
Chile,CHL,1969,3998000
Chile,CHL,1970,4100000
Chile,CHL,1971,4150000
Chile,CHL,1972,4200000
Chile,CHL,1973,4300000
Chile,CHL,1974,4350000
Chile,CHL,1975,4350000
Chile,CHL,1976,4400000
Chile,CHL,1977,4300000
Chile,CHL,1978,4200000
Chile,CHL,1979,4100000
Chile,CHL,1980,4050000
Chile,CHL,1981,3950000
Chile,CHL,1982,3800000
Chile,CHL,1983,3750000
Chile,CHL,1984,3700000
Chile,CHL,1985,3672000
Chile,CHL,1986,3586000
Chile,CHL,1987,3313000
Chile,CHL,1988,3304000
Chile,CHL,1989,3319000
Chile,CHL,1990,3049000
Chile,CHL,1991,2939000
Chile,CHL,1992,2706000
Chile,CHL,1993,2577000
Chile,CHL,1994,2550000
Chile,CHL,1995,2400000
Chile,CHL,1996,2300000
Chile,CHL,1997,2297000
Chile,CHL,1998,2294000
Chile,CHL,1999,2130000
Chile,CHL,2000,2110000
Chile,CHL,2001,2150000
Chile,CHL,2002,2065000
Chile,CHL,2003,1925000
Chile,CHL,2004,1935000
Chile,CHL,2005,1885000
Chile,CHL,2006,1800000
Chile,CHL,2007,1719000
Chile,CHL,2008,1769000
Chile,CHL,2009,1767000
Chile,CHL,2010,1728000
Chile,CHL,2011,1774000
Chile,CHL,2012,1740000
Chile,CHL,2013,1766000
Chile,CHL,2014,1746200
Chile,CHL,2015,1770000
Chile,CHL,2016,1726800
Chile,CHL,2017,1732000
Chile,CHL,2018,1721980.1
Chile,CHL,2019,1713240
Chile,CHL,2020,1704500
Chile,CHL,2021,1695760
Chile,CHL,2022,1687019.9
Chile,CHL,2023,1678280.1
China,CHN,-10000,0
China,CHN,-9000,0
China,CHN,-8000,0
China,CHN,-7000,0
China,CHN,-6000,153104.6
China,CHN,-5000,463718.66
China,CHN,-4000,2069802.1
China,CHN,-3000,4950788
China,CHN,-2000,9925861
China,CHN,-1000,10725196
China,CHN,0,46935704
China,CHN,100,40792810
China,CHN,200,33572890
China,CHN,300,16697016
China,CHN,400,22428510
China,CHN,500,27301372
China,CHN,600,36069216
China,CHN,700,29347396
China,CHN,800,22594460
China,CHN,900,26822354
China,CHN,1000,24512732
China,CHN,1100,58841110
China,CHN,1200,65984610
China,CHN,1300,50447776
China,CHN,1400,44311580
China,CHN,1500,55639600
China,CHN,1600,58290380
China,CHN,1700,60905110
China,CHN,1710,63628624
China,CHN,1720,66592524
China,CHN,1730,67957480
China,CHN,1740,68561070
China,CHN,1750,69604880
China,CHN,1760,70309864
China,CHN,1770,71162510
China,CHN,1780,72831960
China,CHN,1790,75034100
China,CHN,1800,77248040
China,CHN,1810,80463460
China,CHN,1820,83003860
China,CHN,1830,83965770
China,CHN,1840,84253070
China,CHN,1850,84534470
China,CHN,1860,84769976
China,CHN,1870,84896620
China,CHN,1880,85151700
China,CHN,1890,87323064
China,CHN,1900,89605560
China,CHN,1910,92254360
China,CHN,1920,97334776
China,CHN,1930,101597784
China,CHN,1940,98014744
China,CHN,1950,96739304
China,CHN,1951,97090070
China,CHN,1952,97484960
China,CHN,1953,97934984
China,CHN,1954,98453980
China,CHN,1955,99059096
China,CHN,1956,99771900
China,CHN,1957,100619320
China,CHN,1958,101635000
China,CHN,1959,102861010
China,CHN,1960,104349930
China,CHN,1961,104349930
China,CHN,1962,104099930
China,CHN,1963,103949950
China,CHN,1964,103799990
China,CHN,1965,103599980
China,CHN,1966,103199970
China,CHN,1967,102799950
China,CHN,1968,102399930
China,CHN,1969,101999920
China,CHN,1970,101599900
China,CHN,1971,101249900
China,CHN,1972,100869896
China,CHN,1973,100480000
China,CHN,1974,101100000
China,CHN,1975,99710000
China,CHN,1976,99660000
China,CHN,1977,99600000
China,CHN,1978,99390000
China,CHN,1979,99500000
China,CHN,1980,99305000
China,CHN,1981,100000000
China,CHN,1982,105000000
China,CHN,1983,110799960
China,CHN,1984,117800000
China,CHN,1985,125000000
China,CHN,1986,126500000
China,CHN,1987,127200000
China,CHN,1988,128200000
China,CHN,1989,129700000
China,CHN,1990,131300000
China,CHN,1991,132375000
China,CHN,1992,130700000
China,CHN,1993,130000000
China,CHN,1994,130000000
China,CHN,1995,130000000
China,CHN,1996,130039000
China,CHN,1997,130500000
China,CHN,1998,130850000
China,CHN,1999,130300000
China,CHN,2000,129170000
China,CHN,2001,127082000
China,CHN,2002,125700000
China,CHN,2003,123299800
China,CHN,2004,123599980
China,CHN,2005,124599336
China,CHN,2006,121300000
China,CHN,2007,121735000
China,CHN,2008,121716000
China,CHN,2009,121720000
China,CHN,2010,121720000
China,CHN,2011,121720000
China,CHN,2012,121720000
China,CHN,2013,121720000
China,CHN,2014,121720000
China,CHN,2015,135000000
China,CHN,2016,134900000
China,CHN,2017,134900000
China,CHN,2018,141510000
China,CHN,2019,145464000
China,CHN,2020,149418000
China,CHN,2021,153372000
China,CHN,2022,157326000
China,CHN,2023,161280000
Colombia,COL,-10000,0
Colombia,COL,-9000,0
Colombia,COL,-8000,0
Colombia,COL,-7000,0
Colombia,COL,-6000,0
Colombia,COL,-5000,0
Colombia,COL,-4000,0
Colombia,COL,-3000,0
Colombia,COL,-2000,0
Colombia,COL,-1000,1240174.5
Colombia,COL,0,1368293.1
Colombia,COL,100,1435611.5
Colombia,COL,200,1505169.9
Colombia,COL,300,1576556.2
Colombia,COL,400,1649595.5
Colombia,COL,500,1724191
Colombia,COL,600,1799682.2
Colombia,COL,700,1875874.4
Colombia,COL,800,1951880.9
Colombia,COL,900,2091993.1
Colombia,COL,1000,2218362.2
Colombia,COL,1100,2436688.5
Colombia,COL,1200,2630606.5
Colombia,COL,1300,2796014.2
Colombia,COL,1400,2927869.8
Colombia,COL,1500,3018950.5
Colombia,COL,1600,892008
Colombia,COL,1700,521802.25
Colombia,COL,1710,552980.9
Colombia,COL,1720,583319.7
Colombia,COL,1730,612783.1
Colombia,COL,1740,641332.06
Colombia,COL,1750,668923.5
Colombia,COL,1760,695509.8
Colombia,COL,1770,721038.06
Colombia,COL,1780,745449
Colombia,COL,1790,768675.94
Colombia,COL,1800,790643.44
Colombia,COL,1810,735065.75
Colombia,COL,1820,680375.4
Colombia,COL,1830,795901.5
Colombia,COL,1840,938609.9
Colombia,COL,1850,1105573.9
Colombia,COL,1860,1169485.1
Colombia,COL,1870,1228411.9
Colombia,COL,1880,1444770.2
Colombia,COL,1890,1646422.2
Colombia,COL,1900,1897995.2
Colombia,COL,1910,2246468.8
Colombia,COL,1920,2747758
Colombia,COL,1930,3344451.2
Colombia,COL,1940,3661057.5
Colombia,COL,1950,4420360.5
Colombia,COL,1951,4501134
Colombia,COL,1952,4579706
Colombia,COL,1953,4656113.5
Colombia,COL,1954,4730030
Colombia,COL,1955,4800660.5
Colombia,COL,1956,4866549.5
Colombia,COL,1957,4925192.5
Colombia,COL,1958,4972103
Colombia,COL,1959,4997845.5
Colombia,COL,1960,4970000
Colombia,COL,1961,4970000
Colombia,COL,1962,4972000
Colombia,COL,1963,4993000
Colombia,COL,1964,4995000
Colombia,COL,1965,5008000
Colombia,COL,1966,5020000
Colombia,COL,1967,5023000
Colombia,COL,1968,5025000
Colombia,COL,1969,5030000
Colombia,COL,1970,5030000
Colombia,COL,1971,5054000
Colombia,COL,1972,5068000
Colombia,COL,1973,5084000
Colombia,COL,1974,5099000
Colombia,COL,1975,5115000
Colombia,COL,1976,5130000
Colombia,COL,1977,5146000
Colombia,COL,1978,5161000
Colombia,COL,1979,5177000
Colombia,COL,1980,5192000
Colombia,COL,1981,5208000
Colombia,COL,1982,5223000
Colombia,COL,1983,5239000
Colombia,COL,1984,5256000
Colombia,COL,1985,5275000
Colombia,COL,1986,5295000
Colombia,COL,1987,5318000
Colombia,COL,1988,5200000
Colombia,COL,1989,5100000
Colombia,COL,1990,5000000
Colombia,COL,1991,4801000
Colombia,COL,1992,4900000
Colombia,COL,1993,4820000
Colombia,COL,1994,4782000
Colombia,COL,1995,4430000
Colombia,COL,1996,4096000
Colombia,COL,1997,4257000
Colombia,COL,1998,4377000
Colombia,COL,1999,4364000
Colombia,COL,2000,4545000
Colombia,COL,2001,4135000
Colombia,COL,2002,3736000
Colombia,COL,2003,3749000
Colombia,COL,2004,3708000
Colombia,COL,2005,3613000
Colombia,COL,2006,3369300
Colombia,COL,2007,3570000
Colombia,COL,2008,3461000
Colombia,COL,2009,3354000
Colombia,COL,2010,3353000
Colombia,COL,2011,3409000
Colombia,COL,2012,3453000
Colombia,COL,2013,3448000
Colombia,COL,2014,3540700
Colombia,COL,2015,3633500
Colombia,COL,2016,3726200
Colombia,COL,2017,3819000
Colombia,COL,2018,3911730
Colombia,COL,2019,4004480
Colombia,COL,2020,4097230
Colombia,COL,2021,4189980
Colombia,COL,2022,4282730
Colombia,COL,2023,4375480
Comoros,COM,-10000,0
Comoros,COM,-9000,0
Comoros,COM,-8000,0
Comoros,COM,-7000,0
Comoros,COM,-6000,0
Comoros,COM,-5000,0
Comoros,COM,-4000,0
Comoros,COM,-3000,0
Comoros,COM,-2000,0
Comoros,COM,-1000,0
Comoros,COM,0,0
Comoros,COM,100,0
Comoros,COM,200,0
Comoros,COM,300,0
Comoros,COM,400,0
Comoros,COM,500,0
Comoros,COM,600,0
Comoros,COM,700,0
Comoros,COM,800,0
Comoros,COM,900,0
Comoros,COM,1000,0
Comoros,COM,1100,5106.4062
Comoros,COM,1200,5946.322
Comoros,COM,1300,6783.0024
Comoros,COM,1400,7616.4307
Comoros,COM,1500,8446.587
Comoros,COM,1600,10538.015
Comoros,COM,1700,12621.261
Comoros,COM,1710,12806.462
Comoros,COM,1720,13718.555
Comoros,COM,1730,14695.605
Comoros,COM,1740,15742.241
Comoros,COM,1750,16863.418
Comoros,COM,1760,18064.443
Comoros,COM,1770,19351.004
Comoros,COM,1780,20729.193
Comoros,COM,1790,22205.535
Comoros,COM,1800,23787.018
Comoros,COM,1810,25481.135
Comoros,COM,1820,27295.902
Comoros,COM,1830,29239.914
Comoros,COM,1840,31322.373
Comoros,COM,1850,33553.145
Comoros,COM,1860,35942.78
Comoros,COM,1870,38502.605
Comoros,COM,1880,41244.734
Comoros,COM,1890,44182.15
Comoros,COM,1900,47328.76
Comoros,COM,1910,50699.465
Comoros,COM,1920,54310.223
Comoros,COM,1930,58178.125
Comoros,COM,1940,62321.484
Comoros,COM,1950,66759.92
Comoros,COM,1951,68299.27
Comoros,COM,1952,69722.17
Comoros,COM,1953,71065.06
Comoros,COM,1954,72341.734
Comoros,COM,1955,73616.81
Comoros,COM,1956,74889.23
Comoros,COM,1957,76162.9
Comoros,COM,1958,77404.85
Comoros,COM,1959,78681.26
Comoros,COM,1960,79945.08
Comoros,COM,1961,79945.016
Comoros,COM,1962,79944.95
Comoros,COM,1963,79944.9
Comoros,COM,1964,79944.85
Comoros,COM,1965,79944.81
Comoros,COM,1966,79944.78
Comoros,COM,1967,79944.7
Comoros,COM,1968,79944.63
Comoros,COM,1969,79944.57
Comoros,COM,1970,79944.51
Comoros,COM,1971,79944.42
Comoros,COM,1972,79944.34
Comoros,COM,1973,79944.3
Comoros,COM,1974,79944.266
Comoros,COM,1975,79944.25
Comoros,COM,1976,79944.234
Comoros,COM,1977,79944.25
Comoros,COM,1978,84975.12
Comoros,COM,1979,84975.11
Comoros,COM,1980,84975.1
Comoros,COM,1981,84975.09
Comoros,COM,1982,84975.09
Comoros,COM,1983,84975.086
Comoros,COM,1984,94976.08
Comoros,COM,1985,94976.04
Comoros,COM,1986,94976
Comoros,COM,1987,97974.91
Comoros,COM,1988,98986.734
Comoros,COM,1989,98986.72
Comoros,COM,1990,98986.7
Comoros,COM,1991,98986.68
Comoros,COM,1992,99986.49
Comoros,COM,1993,99986.48
Comoros,COM,1994,104967.84
Comoros,COM,1995,106990.87
Comoros,COM,1996,108986.85
Comoros,COM,1997,110948.4
Comoros,COM,1998,114983.07
Comoros,COM,1999,116996.05
Comoros,COM,2000,118000
Comoros,COM,2001,120000
Comoros,COM,2002,120000
Comoros,COM,2003,120000
Comoros,COM,2004,120000
Comoros,COM,2005,118000
Comoros,COM,2006,118000
Comoros,COM,2007,118000
Comoros,COM,2008,118000
Comoros,COM,2009,118000
Comoros,COM,2010,118000
Comoros,COM,2011,118000
Comoros,COM,2012,118000
Comoros,COM,2013,118000
Comoros,COM,2014,117929.39
Comoros,COM,2015,118000
Comoros,COM,2016,116917.3
Comoros,COM,2017,116000
Comoros,COM,2018,115900
Comoros,COM,2019,115400
Comoros,COM,2020,114888.76
Comoros,COM,2021,114400
Comoros,COM,2022,113900
Comoros,COM,2023,113400
Congo,COG,-10000,0
Congo,COG,-9000,0
Congo,COG,-8000,0
Congo,COG,-7000,0
Congo,COG,-6000,0
Congo,COG,-5000,0
Congo,COG,-4000,0
Congo,COG,-3000,0
Congo,COG,-2000,0
Congo,COG,-1000,0
Congo,COG,0,18347.213
Congo,COG,100,20975.04
Congo,COG,200,23979.238
Congo,COG,300,27413.71
Congo,COG,400,31340.084
Congo,COG,500,35828.81
Congo,COG,600,40960.418
Congo,COG,700,46827
Congo,COG,800,53533.8
Congo,COG,900,61201.17
Congo,COG,1000,69966.67
Congo,COG,1100,79987.59
Congo,COG,1200,91443.71
Congo,COG,1300,104540.586
Congo,COG,1400,119513.21
Congo,COG,1500,136630.22
Congo,COG,1600,156198.72
Congo,COG,1700,178569.81
Congo,COG,1710,179472.88
Congo,COG,1720,181139.03
Congo,COG,1730,182894.23
Congo,COG,1740,184747.55
Congo,COG,1750,186709.45
Congo,COG,1760,188792.11
Congo,COG,1770,191009.83
Congo,COG,1780,193379.44
Congo,COG,1790,195921.06
Congo,COG,1800,198658.86
Congo,COG,1810,201622.31
Congo,COG,1820,204847.78
Congo,COG,1830,208380.77
Congo,COG,1840,212279.17
Congo,COG,1850,216618.31
Congo,COG,1860,221498.17
Congo,COG,1870,227055.47
Congo,COG,1880,233483.5
Congo,COG,1890,241067.33
Congo,COG,1900,250250.88
Congo,COG,1910,261777.03
Congo,COG,1920,277021.56
Congo,COG,1930,298953.62
Congo,COG,1940,335913.66
Congo,COG,1950,430672.25
Congo,COG,1951,439394.8
Congo,COG,1952,448612.06
Congo,COG,1953,458303.06
Congo,COG,1954,468458.6
Congo,COG,1955,479078.5
Congo,COG,1956,490178.5
Congo,COG,1957,501783.6
Congo,COG,1958,513925
Congo,COG,1959,526651.7
Congo,COG,1960,540000
Congo,COG,1961,540000
Congo,COG,1962,540000
Congo,COG,1963,542000
Congo,COG,1964,543000
Congo,COG,1965,543000
Congo,COG,1966,543000
Congo,COG,1967,543000
Congo,COG,1968,543000
Congo,COG,1969,544000
Congo,COG,1970,548000
Congo,COG,1971,548000
Congo,COG,1972,550000
Congo,COG,1973,554000
Congo,COG,1974,558000
Congo,COG,1975,562000
Congo,COG,1976,568000
Congo,COG,1977,565000
Congo,COG,1978,520000
Congo,COG,1979,522000
Congo,COG,1980,525000
Congo,COG,1981,528000
Congo,COG,1982,554000
Congo,COG,1983,558000
Congo,COG,1984,562000
Congo,COG,1985,568000
Congo,COG,1986,565000
Congo,COG,1987,540000
Congo,COG,1988,542000
Congo,COG,1989,544000
Congo,COG,1990,521000
Congo,COG,1991,523000
Congo,COG,1992,525000
Congo,COG,1993,530000
Congo,COG,1994,518000
Congo,COG,1995,520000
Congo,COG,1996,522000
Congo,COG,1997,536000
Congo,COG,1998,538000
Congo,COG,1999,544000
Congo,COG,2000,540000
Congo,COG,2001,540000
Congo,COG,2002,540000
Congo,COG,2003,540000
Congo,COG,2004,545000
Congo,COG,2005,547000
Congo,COG,2006,550000
Congo,COG,2007,550000
Congo,COG,2008,550000
Congo,COG,2009,563000
Congo,COG,2010,576000
Congo,COG,2011,596000
Congo,COG,2012,602000
Congo,COG,2013,627000
Congo,COG,2014,627000
Congo,COG,2015,627000
Congo,COG,2016,627000
Congo,COG,2017,628000
Congo,COG,2018,627800
Congo,COG,2019,628000
Congo,COG,2020,628200
Congo,COG,2021,628400
Congo,COG,2022,628600
Congo,COG,2023,628800
Costa Rica,CRI,-10000,0
Costa Rica,CRI,-9000,0
Costa Rica,CRI,-8000,0
Costa Rica,CRI,-7000,0
Costa Rica,CRI,-6000,0
Costa Rica,CRI,-5000,0
Costa Rica,CRI,-4000,0
Costa Rica,CRI,-3000,0
Costa Rica,CRI,-2000,0
Costa Rica,CRI,-1000,0
Costa Rica,CRI,0,134845.47
Costa Rica,CRI,100,144648.12
Costa Rica,CRI,200,155024.42
Costa Rica,CRI,300,165979.58
Costa Rica,CRI,400,177510.8
Costa Rica,CRI,500,189596.94
Costa Rica,CRI,600,202233.92
Costa Rica,CRI,700,215352.22
Costa Rica,CRI,800,228880.11
Costa Rica,CRI,900,242738.89
Costa Rica,CRI,1000,256753.73
Costa Rica,CRI,1100,270722.1
Costa Rica,CRI,1200,284346.47
Costa Rica,CRI,1300,297205.1
Costa Rica,CRI,1400,308690.94
Costa Rica,CRI,1500,317906.8
Costa Rica,CRI,1600,5271.343
Costa Rica,CRI,1700,13720.286
Costa Rica,CRI,1710,14693.506
Costa Rica,CRI,1720,15730.643
Costa Rica,CRI,1730,16835.148
Costa Rica,CRI,1740,18010.541
Costa Rica,CRI,1750,19260.365
Costa Rica,CRI,1760,20588.174
Costa Rica,CRI,1770,21997.469
Costa Rica,CRI,1780,23491.656
Costa Rica,CRI,1790,25073.97
Costa Rica,CRI,1800,26747.395
Costa Rica,CRI,1810,29448.123
Costa Rica,CRI,1820,32380.117
Costa Rica,CRI,1830,37632.74
Costa Rica,CRI,1840,44274.06
Costa Rica,CRI,1850,50853.535
Costa Rica,CRI,1860,57269.703
Costa Rica,CRI,1870,71044.79
Costa Rica,CRI,1880,89155.95
Costa Rica,CRI,1890,106307.58
Costa Rica,CRI,1900,133242.45
Costa Rica,CRI,1910,161121.95
Costa Rica,CRI,1920,192877.42
Costa Rica,CRI,1930,204640.08
Costa Rica,CRI,1940,256920.92
Costa Rica,CRI,1950,361175.4
Costa Rica,CRI,1951,369662.03
Costa Rica,CRI,1952,379194.38
Costa Rica,CRI,1953,389589.16
Costa Rica,CRI,1954,400727.12
Costa Rica,CRI,1955,412502.78
Costa Rica,CRI,1956,424861.53
Costa Rica,CRI,1957,437777.75
Costa Rica,CRI,1958,451262.88
Costa Rica,CRI,1959,465332.97
Costa Rica,CRI,1960,480000
Costa Rica,CRI,1961,480000
Costa Rica,CRI,1962,485000
Costa Rica,CRI,1963,485000
Costa Rica,CRI,1964,485000
Costa Rica,CRI,1965,485000
Costa Rica,CRI,1966,485000
Costa Rica,CRI,1967,486000
Costa Rica,CRI,1968,486000
Costa Rica,CRI,1969,490000
Costa Rica,CRI,1970,493000
Costa Rica,CRI,1971,497000
Costa Rica,CRI,1972,497000
Costa Rica,CRI,1973,490000
Costa Rica,CRI,1974,490000
Costa Rica,CRI,1975,492000
Costa Rica,CRI,1976,495000
Costa Rica,CRI,1977,497000
Costa Rica,CRI,1978,500000
Costa Rica,CRI,1979,503000
Costa Rica,CRI,1980,506000
Costa Rica,CRI,1981,509000
Costa Rica,CRI,1982,512000
Costa Rica,CRI,1983,515000
Costa Rica,CRI,1984,518000
Costa Rica,CRI,1985,523000
Costa Rica,CRI,1986,526000
Costa Rica,CRI,1987,526000
Costa Rica,CRI,1988,523000
Costa Rica,CRI,1989,510000
Costa Rica,CRI,1990,510000
Costa Rica,CRI,1991,515000
Costa Rica,CRI,1992,510000
Costa Rica,CRI,1993,500000
Costa Rica,CRI,1994,520000
Costa Rica,CRI,1995,510000
Costa Rica,CRI,1996,495000
Costa Rica,CRI,1997,490000
Costa Rica,CRI,1998,490000
Costa Rica,CRI,1999,500000
Costa Rica,CRI,2000,490000
Costa Rica,CRI,2001,490000
Costa Rica,CRI,2002,490000
Costa Rica,CRI,2003,500000
Costa Rica,CRI,2004,500000
Costa Rica,CRI,2005,490000
Costa Rica,CRI,2006,505000
Costa Rica,CRI,2007,500000
Costa Rica,CRI,2008,500000
Costa Rica,CRI,2009,530000
Costa Rica,CRI,2010,540000
Costa Rica,CRI,2011,547000
Costa Rica,CRI,2012,547000
Costa Rica,CRI,2013,551000
Costa Rica,CRI,2014,544000
Costa Rica,CRI,2015,558500
Costa Rica,CRI,2016,577500
Costa Rica,CRI,2017,569500
Costa Rica,CRI,2018,581250
Costa Rica,CRI,2019,588300
Costa Rica,CRI,2020,595350
Costa Rica,CRI,2021,602400
Costa Rica,CRI,2022,609450
Costa Rica,CRI,2023,616500
Cote d'Ivoire,CIV,-10000,0
Cote d'Ivoire,CIV,-9000,0
Cote d'Ivoire,CIV,-8000,0
Cote d'Ivoire,CIV,-7000,0
Cote d'Ivoire,CIV,-6000,0
Cote d'Ivoire,CIV,-5000,0
Cote d'Ivoire,CIV,-4000,0
Cote d'Ivoire,CIV,-3000,0
Cote d'Ivoire,CIV,-2000,0
Cote d'Ivoire,CIV,-1000,0
Cote d'Ivoire,CIV,0,0
Cote d'Ivoire,CIV,100,0
Cote d'Ivoire,CIV,200,0
Cote d'Ivoire,CIV,300,0
Cote d'Ivoire,CIV,400,0
Cote d'Ivoire,CIV,500,0
Cote d'Ivoire,CIV,600,0
Cote d'Ivoire,CIV,700,0
Cote d'Ivoire,CIV,800,170398.36
Cote d'Ivoire,CIV,900,340796.72
Cote d'Ivoire,CIV,1000,390299.3
Cote d'Ivoire,CIV,1100,446986.56
Cote d'Ivoire,CIV,1200,511900.53
Cote d'Ivoire,CIV,1300,586233.6
Cote d'Ivoire,CIV,1400,671352.1
Cote d'Ivoire,CIV,1500,768819.8
Cote d'Ivoire,CIV,1600,880430.56
Cote d'Ivoire,CIV,1700,1008228.8
Cote d'Ivoire,CIV,1710,1015294.06
Cote d'Ivoire,CIV,1720,1022698.6
Cote d'Ivoire,CIV,1730,1030474.8
Cote d'Ivoire,CIV,1740,1038659.5
Cote d'Ivoire,CIV,1750,1047295.1
Cote d'Ivoire,CIV,1760,1056431
Cote d'Ivoire,CIV,1770,1066124.5
Cote d'Ivoire,CIV,1780,1076443.6
Cote d'Ivoire,CIV,1790,1087468.9
Cote d'Ivoire,CIV,1800,1099296.6
Cote d'Ivoire,CIV,1810,1112044.4
Cote d'Ivoire,CIV,1820,1125856.1
Cote d'Ivoire,CIV,1830,1140911.9
Cote d'Ivoire,CIV,1840,1157439
Cote d'Ivoire,CIV,1850,1175732.2
Cote d'Ivoire,CIV,1860,1196181
Cote d'Ivoire,CIV,1870,1219314
Cote d'Ivoire,CIV,1880,1245874.8
Cote d'Ivoire,CIV,1890,1276950.6
Cote d'Ivoire,CIV,1900,1314220.6
Cote d'Ivoire,CIV,1910,1360464.2
Cote d'Ivoire,CIV,1920,1420760.2
Cote d'Ivoire,CIV,1930,1505871.6
Cote d'Ivoire,CIV,1940,1645187.2
Cote d'Ivoire,CIV,1950,1980158.8
Cote d'Ivoire,CIV,1951,2029123.6
Cote d'Ivoire,CIV,1952,2085817.4
Cote d'Ivoire,CIV,1953,2147700.5
Cote d'Ivoire,CIV,1954,2213038
Cote d'Ivoire,CIV,1955,2280910.2
Cote d'Ivoire,CIV,1956,2351225.5
Cote d'Ivoire,CIV,1957,2424710.5
Cote d'Ivoire,CIV,1958,2502770
Cote d'Ivoire,CIV,1959,2587283.5
Cote d'Ivoire,CIV,1960,2680000
Cote d'Ivoire,CIV,1961,2680000
Cote d'Ivoire,CIV,1962,2880000
Cote d'Ivoire,CIV,1963,2880000
Cote d'Ivoire,CIV,1964,2980000
Cote d'Ivoire,CIV,1965,3080000
Cote d'Ivoire,CIV,1966,3080000
Cote d'Ivoire,CIV,1967,3150000
Cote d'Ivoire,CIV,1968,3150000
Cote d'Ivoire,CIV,1969,3200000
Cote d'Ivoire,CIV,1970,3200000
Cote d'Ivoire,CIV,1971,3300000
Cote d'Ivoire,CIV,1972,3310000
Cote d'Ivoire,CIV,1973,3440000
Cote d'Ivoire,CIV,1974,3625000
Cote d'Ivoire,CIV,1975,3715000
Cote d'Ivoire,CIV,1976,3840000
Cote d'Ivoire,CIV,1977,4080000
Cote d'Ivoire,CIV,1978,4210000
Cote d'Ivoire,CIV,1979,4225000
Cote d'Ivoire,CIV,1980,4255000
Cote d'Ivoire,CIV,1981,4370000
Cote d'Ivoire,CIV,1982,4490000
Cote d'Ivoire,CIV,1983,4584000
Cote d'Ivoire,CIV,1984,4901000
Cote d'Ivoire,CIV,1985,5180000
Cote d'Ivoire,CIV,1986,5280000
Cote d'Ivoire,CIV,1987,5400000
Cote d'Ivoire,CIV,1988,5720000
Cote d'Ivoire,CIV,1989,5820000
Cote d'Ivoire,CIV,1990,5930000
Cote d'Ivoire,CIV,1991,5950000
Cote d'Ivoire,CIV,1992,6200000
Cote d'Ivoire,CIV,1993,6502000
Cote d'Ivoire,CIV,1994,6700000
Cote d'Ivoire,CIV,1995,6800000
Cote d'Ivoire,CIV,1996,6800000
Cote d'Ivoire,CIV,1997,6700000
Cote d'Ivoire,CIV,1998,6700000
Cote d'Ivoire,CIV,1999,6600000
Cote d'Ivoire,CIV,2000,6600000
Cote d'Ivoire,CIV,2001,6600000
Cote d'Ivoire,CIV,2002,6600000
Cote d'Ivoire,CIV,2003,6600000
Cote d'Ivoire,CIV,2004,6800000
Cote d'Ivoire,CIV,2005,7000000
Cote d'Ivoire,CIV,2006,7100000
Cote d'Ivoire,CIV,2007,7400000
Cote d'Ivoire,CIV,2008,7400000
Cote d'Ivoire,CIV,2009,7400000
Cote d'Ivoire,CIV,2010,7400000
Cote d'Ivoire,CIV,2011,7400000
Cote d'Ivoire,CIV,2012,7500000
Cote d'Ivoire,CIV,2013,8000000
Cote d'Ivoire,CIV,2014,8000000
Cote d'Ivoire,CIV,2015,8000000
Cote d'Ivoire,CIV,2016,8000000
Cote d'Ivoire,CIV,2017,8000000
Cote d'Ivoire,CIV,2018,8000000
Cote d'Ivoire,CIV,2019,8000000
Cote d'Ivoire,CIV,2020,8000000
Cote d'Ivoire,CIV,2021,8000000
Cote d'Ivoire,CIV,2022,8000000
Cote d'Ivoire,CIV,2023,8000000
Croatia,HRV,-10000,0
Croatia,HRV,-9000,0
Croatia,HRV,-8000,0
Croatia,HRV,-7000,0
Croatia,HRV,-6000,3734.8794
Croatia,HRV,-5000,15445.195
Croatia,HRV,-4000,26497.814
Croatia,HRV,-3000,45205.203
Croatia,HRV,-2000,76495.4
Croatia,HRV,-1000,127793.29
Croatia,HRV,0,208556.72
Croatia,HRV,100,209478.25
Croatia,HRV,200,210475.92
Croatia,HRV,300,211349.17
Croatia,HRV,400,212080.73
Croatia,HRV,500,212650.47
Croatia,HRV,600,213034.47
Croatia,HRV,700,213204.17
Croatia,HRV,800,213124.92
Croatia,HRV,900,212754.08
Croatia,HRV,1000,212038.25
Croatia,HRV,1100,219531.06
Croatia,HRV,1200,226075.05
Croatia,HRV,1300,231490.38
Croatia,HRV,1400,235526.83
Croatia,HRV,1500,237817.83
Croatia,HRV,1600,278262.88
Croatia,HRV,1700,263147.9
Croatia,HRV,1710,267249.03
Croatia,HRV,1720,276280.25
Croatia,HRV,1730,285548.88
Croatia,HRV,1740,295053.4
Croatia,HRV,1750,304790.8
Croatia,HRV,1760,314756.7
Croatia,HRV,1770,324944.7
Croatia,HRV,1780,335346.34
Croatia,HRV,1790,345950.47
Croatia,HRV,1800,356742.9
Croatia,HRV,1810,367705.7
Croatia,HRV,1820,386019.2
Croatia,HRV,1830,405021.03
Croatia,HRV,1840,424696.8
Croatia,HRV,1850,445021.38
Croatia,HRV,1860,465955.66
Croatia,HRV,1870,509274.12
Croatia,HRV,1880,556054.1
Croatia,HRV,1890,606415.7
Croatia,HRV,1900,660423.8
Croatia,HRV,1910,718058.3
Croatia,HRV,1920,803602.25
Croatia,HRV,1930,897126.44
Croatia,HRV,1940,998419.06
Croatia,HRV,1950,1106631.1
Croatia,HRV,1951,1113234.6
Croatia,HRV,1952,1119869.2
Croatia,HRV,1953,1126377
Croatia,HRV,1954,1132638.1
Croatia,HRV,1955,1138560.8
Croatia,HRV,1956,1144093.5
Croatia,HRV,1957,1149210.1
Croatia,HRV,1958,1153917.6
Croatia,HRV,1959,1158240.4
Croatia,HRV,1960,1162202
Croatia,HRV,1961,1165801.9
Croatia,HRV,1962,1163159.2
Croatia,HRV,1963,1161768.4
Croatia,HRV,1964,1160377.5
Croatia,HRV,1965,1155231.5
Croatia,HRV,1966,1149668.1
Croatia,HRV,1967,1149807.1
Croatia,HRV,1968,1146886.4
Croatia,HRV,1969,1145634.6
Croatia,HRV,1970,1141184
Croatia,HRV,1971,1136733.2
Croatia,HRV,1972,1130752.6
Croatia,HRV,1973,1125328.4
Croatia,HRV,1974,1121851.2
Croatia,HRV,1975,1117400.6
Croatia,HRV,1976,1113367.2
Croatia,HRV,1977,1105439.4
Croatia,HRV,1978,1102518.6
Croatia,HRV,1979,1098207
Croatia,HRV,1980,1096538
Croatia,HRV,1981,1093756.4
Croatia,HRV,1982,1090279.2
Croatia,HRV,1983,1086663.1
Croatia,HRV,1984,1083186
Croatia,HRV,1985,1082073.2
Croatia,HRV,1986,1081656
Croatia,HRV,1987,1080126.1
Croatia,HRV,1988,1079291.6
Croatia,HRV,1989,1078457.1
Croatia,HRV,1990,1076231.8
Croatia,HRV,1991,1060515.2
Croatia,HRV,1992,1325000
Croatia,HRV,1993,1179000
Croatia,HRV,1994,1221000
Croatia,HRV,1995,1233000
Croatia,HRV,1996,1111000
Croatia,HRV,1997,1108000
Croatia,HRV,1998,1218000
Croatia,HRV,1999,1197000
Croatia,HRV,2000,911000
Croatia,HRV,2001,923000
Croatia,HRV,2002,928000
Croatia,HRV,2003,935000
Croatia,HRV,2004,917000
Croatia,HRV,2005,946000
Croatia,HRV,2006,957000
Croatia,HRV,2007,932000
Croatia,HRV,2008,946700
Croatia,HRV,2009,956300
Croatia,HRV,2010,988400
Croatia,HRV,2011,979700
Croatia,HRV,2012,985400
Croatia,HRV,2013,949300
Croatia,HRV,2014,890500
Croatia,HRV,2015,919200
Croatia,HRV,2016,946000
Croatia,HRV,2017,889000
Croatia,HRV,2018,899270
Croatia,HRV,2019,892759.94
Croatia,HRV,2020,886250
Croatia,HRV,2021,879740.06
Croatia,HRV,2022,873230
Croatia,HRV,2023,866720
Cuba,CUB,-10000,0
Cuba,CUB,-9000,0
Cuba,CUB,-8000,0
Cuba,CUB,-7000,0
Cuba,CUB,-6000,0
Cuba,CUB,-5000,0
Cuba,CUB,-4000,0
Cuba,CUB,-3000,0
Cuba,CUB,-2000,0
Cuba,CUB,-1000,0
Cuba,CUB,0,0
Cuba,CUB,100,0
Cuba,CUB,200,0
Cuba,CUB,300,0
Cuba,CUB,400,0
Cuba,CUB,500,0
Cuba,CUB,600,0
Cuba,CUB,700,0
Cuba,CUB,800,0
Cuba,CUB,900,0
Cuba,CUB,1000,0
Cuba,CUB,1100,0
Cuba,CUB,1200,0
Cuba,CUB,1300,0
Cuba,CUB,1400,0
Cuba,CUB,1500,16308.982
Cuba,CUB,1600,19994.72
Cuba,CUB,1700,24484.06
Cuba,CUB,1710,28391.744
Cuba,CUB,1720,32922.65
Cuba,CUB,1730,38176.094
Cuba,CUB,1740,44267.2
Cuba,CUB,1750,51329.426
Cuba,CUB,1760,59517.48
Cuba,CUB,1770,69010.67
Cuba,CUB,1780,80016.875
Cuba,CUB,1790,92777.016
Cuba,CUB,1800,107570.35
Cuba,CUB,1810,124720.555
Cuba,CUB,1820,144602.8
Cuba,CUB,1830,181002.17
Cuba,CUB,1840,225727.56
Cuba,CUB,1850,281499.94
Cuba,CUB,1860,298004.9
Cuba,CUB,1870,314425.28
Cuba,CUB,1880,335629.28
Cuba,CUB,1890,358738
Cuba,CUB,1900,383431.12
Cuba,CUB,1910,502974.38
Cuba,CUB,1920,689528.94
Cuba,CUB,1930,901644.25
Cuba,CUB,1940,999166.5
Cuba,CUB,1950,1371321.2
Cuba,CUB,1951,1401381.2
Cuba,CUB,1952,1430833.5
Cuba,CUB,1953,1459287.1
Cuba,CUB,1954,1486605.2
Cuba,CUB,1955,1512902.4
Cuba,CUB,1956,1538566.8
Cuba,CUB,1957,1564235.1
Cuba,CUB,1958,1590751.9
Cuba,CUB,1959,1619068.2
Cuba,CUB,1960,1650000
Cuba,CUB,1961,1650000
Cuba,CUB,1962,1705000
Cuba,CUB,1963,1803000
Cuba,CUB,1964,1975000
Cuba,CUB,1965,1818000
Cuba,CUB,1966,1744000
Cuba,CUB,1967,1922000
Cuba,CUB,1968,2171000
Cuba,CUB,1969,2325000
Cuba,CUB,1970,2612000
Cuba,CUB,1971,2673000
Cuba,CUB,1972,3005000
Cuba,CUB,1973,3179000
Cuba,CUB,1974,3031000
Cuba,CUB,1975,3170000
Cuba,CUB,1976,3327000
Cuba,CUB,1977,3331000
Cuba,CUB,1978,3336000
Cuba,CUB,1979,3329000
Cuba,CUB,1980,3330000
Cuba,CUB,1981,3350000
Cuba,CUB,1982,3400000
Cuba,CUB,1983,3450000
Cuba,CUB,1984,3507000
Cuba,CUB,1985,3568000
Cuba,CUB,1986,3650000
Cuba,CUB,1987,3730000
Cuba,CUB,1988,3780000
Cuba,CUB,1989,3801000
Cuba,CUB,1990,3841000
Cuba,CUB,1991,3885000
Cuba,CUB,1992,4075000
Cuba,CUB,1993,4130000
Cuba,CUB,1994,4186000
Cuba,CUB,1995,4184000
Cuba,CUB,1996,4035000
Cuba,CUB,1997,4184000
Cuba,CUB,1998,4124000
Cuba,CUB,1999,4160000
Cuba,CUB,2000,4054000
Cuba,CUB,2001,4251000
Cuba,CUB,2002,4237000
Cuba,CUB,2003,4182000
Cuba,CUB,2004,4134000
Cuba,CUB,2005,4097000
Cuba,CUB,2006,4061000
Cuba,CUB,2007,3991000
Cuba,CUB,2008,3928600
Cuba,CUB,2009,3866000
Cuba,CUB,2010,3804000
Cuba,CUB,2011,3741200
Cuba,CUB,2012,3554900
Cuba,CUB,2013,3576900
Cuba,CUB,2014,3514700
Cuba,CUB,2015,3517300
Cuba,CUB,2016,3472200
Cuba,CUB,2017,3559000
Cuba,CUB,2018,3504530
Cuba,CUB,2019,3496700
Cuba,CUB,2020,3488870
Cuba,CUB,2021,3481039.8
Cuba,CUB,2022,3473210.2
Cuba,CUB,2023,3465380
Cyprus,CYP,-10000,0
Cyprus,CYP,-9000,0
Cyprus,CYP,-8000,0
Cyprus,CYP,-7000,0
Cyprus,CYP,-6000,0
Cyprus,CYP,-5000,0
Cyprus,CYP,-4000,17273.975
Cyprus,CYP,-3000,27971.152
Cyprus,CYP,-2000,45168.96
Cyprus,CYP,-1000,72699.65
Cyprus,CYP,0,116533.31
Cyprus,CYP,100,120051.08
Cyprus,CYP,200,123668.516
Cyprus,CYP,300,127388.086
Cyprus,CYP,400,131212.25
Cyprus,CYP,500,135143.56
Cyprus,CYP,600,139184.53
Cyprus,CYP,700,143337.75
Cyprus,CYP,800,147605.81
Cyprus,CYP,900,128559.336
Cyprus,CYP,1000,109678.305
Cyprus,CYP,1100,109158.01
Cyprus,CYP,1200,123117.06
Cyprus,CYP,1300,144136.36
Cyprus,CYP,1400,107566.56
Cyprus,CYP,1500,142700.64
Cyprus,CYP,1600,85183.09
Cyprus,CYP,1700,77679.5
Cyprus,CYP,1710,77638.766
Cyprus,CYP,1720,77597.984
Cyprus,CYP,1730,77557.164
Cyprus,CYP,1740,77516.305
Cyprus,CYP,1750,77475.41
Cyprus,CYP,1760,77434.445
Cyprus,CYP,1770,77393.45
Cyprus,CYP,1780,77352.42
Cyprus,CYP,1790,77311.34
Cyprus,CYP,1800,77270.22
Cyprus,CYP,1810,82845.72
Cyprus,CYP,1820,88415.164
Cyprus,CYP,1830,93978.57
Cyprus,CYP,1840,99535.92
Cyprus,CYP,1850,105087.2
Cyprus,CYP,1860,116861.37
Cyprus,CYP,1870,128622.74
Cyprus,CYP,1880,140371.31
Cyprus,CYP,1890,152107.05
Cyprus,CYP,1900,163829.94
Cyprus,CYP,1910,188674.19
Cyprus,CYP,1920,214288.47
Cyprus,CYP,1930,240124.27
Cyprus,CYP,1940,266271.7
Cyprus,CYP,1950,344167.56
Cyprus,CYP,1951,348581.6
Cyprus,CYP,1952,352891.25
Cyprus,CYP,1953,357617.06
Cyprus,CYP,1954,362997.44
Cyprus,CYP,1955,369072.94
Cyprus,CYP,1956,375631.94
Cyprus,CYP,1957,382472.6
Cyprus,CYP,1958,389033.12
Cyprus,CYP,1959,394569.8
Cyprus,CYP,1960,398686.56
Cyprus,CYP,1961,398684.66
Cyprus,CYP,1962,396696.25
Cyprus,CYP,1963,399695.38
Cyprus,CYP,1964,397685.88
Cyprus,CYP,1965,396713.1
Cyprus,CYP,1966,394729.06
Cyprus,CYP,1967,395729.44
Cyprus,CYP,1968,395735.06
Cyprus,CYP,1969,393751.06
Cyprus,CYP,1970,392773.2
Cyprus,CYP,1971,390825.88
Cyprus,CYP,1972,388829.06
Cyprus,CYP,1973,388631.75
Cyprus,CYP,1974,283000
Cyprus,CYP,1975,177100
Cyprus,CYP,1976,174500
Cyprus,CYP,1977,172500
Cyprus,CYP,1978,170500
Cyprus,CYP,1979,168500
Cyprus,CYP,1980,167500
Cyprus,CYP,1981,171900
Cyprus,CYP,1982,178000
Cyprus,CYP,1983,179000
Cyprus,CYP,1984,178000
Cyprus,CYP,1985,157800
Cyprus,CYP,1986,158200
Cyprus,CYP,1987,157400
Cyprus,CYP,1988,156400
Cyprus,CYP,1989,156400
Cyprus,CYP,1990,156600
Cyprus,CYP,1991,155200
Cyprus,CYP,1992,155600
Cyprus,CYP,1993,154700
Cyprus,CYP,1994,141400
Cyprus,CYP,1995,141100
Cyprus,CYP,1996,142000
Cyprus,CYP,1997,141100
Cyprus,CYP,1998,143100
Cyprus,CYP,1999,143100
Cyprus,CYP,2000,140400
Cyprus,CYP,2001,139000
Cyprus,CYP,2002,139000
Cyprus,CYP,2003,153000
Cyprus,CYP,2004,155000
Cyprus,CYP,2005,166000
Cyprus,CYP,2006,156000
Cyprus,CYP,2007,145300
Cyprus,CYP,2008,114200
Cyprus,CYP,2009,123300
Cyprus,CYP,2010,112500
Cyprus,CYP,2011,113900
Cyprus,CYP,2012,114300
Cyprus,CYP,2013,107030.01
Cyprus,CYP,2014,107180.01
Cyprus,CYP,2015,125580.01
Cyprus,CYP,2016,110506.99
Cyprus,CYP,2017,122559
Cyprus,CYP,2018,124886.695
Cyprus,CYP,2019,128325.195
Cyprus,CYP,2020,131763.7
Cyprus,CYP,2021,135202.2
Cyprus,CYP,2022,138640.7
Cyprus,CYP,2023,142079.2
Czechia,CZE,-10000,0
Czechia,CZE,-9000,0
Czechia,CZE,-8000,0
Czechia,CZE,-7000,0
Czechia,CZE,-6000,0
Czechia,CZE,-5000,25238.918
Czechia,CZE,-4000,48947.77
Czechia,CZE,-3000,94396.695
Czechia,CZE,-2000,180571.8
Czechia,CZE,-1000,341010.22
Czechia,CZE,0,629114.1
Czechia,CZE,100,623350.56
Czechia,CZE,200,617301
Czechia,CZE,300,610936.7
Czechia,CZE,400,604224.06
Czechia,CZE,500,597123.6
Czechia,CZE,600,589588.44
Czechia,CZE,700,581561.8
Czechia,CZE,800,572974.9
Czechia,CZE,900,633575.44
Czechia,CZE,1000,690810.3
Czechia,CZE,1100,811872.94
Czechia,CZE,1200,1057597.9
Czechia,CZE,1300,1545153.4
Czechia,CZE,1400,1249149.8
Czechia,CZE,1500,1446285.6
Czechia,CZE,1600,2076860.5
Czechia,CZE,1700,1964047.2
Czechia,CZE,1710,2005154.8
Czechia,CZE,1720,2045188.2
Czechia,CZE,1730,2084095.8
Czechia,CZE,1740,2121820
Czechia,CZE,1750,2158298.5
Czechia,CZE,1760,2193462
Czechia,CZE,1770,2227234.8
Czechia,CZE,1780,2259532.2
Czechia,CZE,1790,2290260.2
Czechia,CZE,1800,2319312.8
Czechia,CZE,1810,2346571.5
Czechia,CZE,1820,2371901.2
Czechia,CZE,1830,2748034.8
Czechia,CZE,1840,3113906
Czechia,CZE,1850,3225761.5
Czechia,CZE,1860,3414835.5
Czechia,CZE,1870,3631193.8
Czechia,CZE,1880,3829700.5
Czechia,CZE,1890,3978192.2
Czechia,CZE,1900,4213383
Czechia,CZE,1910,4485082.5
Czechia,CZE,1920,4358990
Czechia,CZE,1930,4530979.5
Czechia,CZE,1940,3951289
Czechia,CZE,1950,3574973.8
Czechia,CZE,1951,3563147.2
Czechia,CZE,1952,3591738.2
Czechia,CZE,1953,3617010.2
Czechia,CZE,1954,3637420.8
Czechia,CZE,1955,3652244.2
Czechia,CZE,1956,3661619.2
Czechia,CZE,1957,3666471
Czechia,CZE,1958,3668393.8
Czechia,CZE,1959,3669397.8
Czechia,CZE,1960,3709586.8
Czechia,CZE,1961,3674364.8
Czechia,CZE,1962,3670295.8
Czechia,CZE,1963,3670974.2
Czechia,CZE,1964,3411910.2
Czechia,CZE,1965,3653341.5
Czechia,CZE,1966,3643847
Czechia,CZE,1967,3636387
Czechia,CZE,1968,3630283.5
Czechia,CZE,1969,3622823.5
Czechia,CZE,1970,3617398
Czechia,CZE,1971,3614007
Czechia,CZE,1972,3609938.2
Czechia,CZE,1973,3601800
Czechia,CZE,1974,3587558.2
Czechia,CZE,1975,3564500.5
Czechia,CZE,1976,3565856.8
Czechia,CZE,1977,3566534.8
Czechia,CZE,1978,3557718.2
Czechia,CZE,1979,3536016.8
Czechia,CZE,1980,3505498.8
Czechia,CZE,1981,3506177
Czechia,CZE,1982,3506855
Czechia,CZE,1983,3506177
Czechia,CZE,1984,3502786
Czechia,CZE,1985,3494648
Czechia,CZE,1986,3489222.8
Czechia,CZE,1987,3481762.5
Czechia,CZE,1988,3471589.8
Czechia,CZE,1989,3464130
Czechia,CZE,1990,3455313.8
Czechia,CZE,1991,3424795.8
Czechia,CZE,1992,3409197.8
Czechia,CZE,1993,3409000
Czechia,CZE,1994,3394000
Czechia,CZE,1995,3378000
Czechia,CZE,1996,3334000
Czechia,CZE,1997,3327000
Czechia,CZE,1998,3337000
Czechia,CZE,1999,3332000
Czechia,CZE,2000,3319000
Czechia,CZE,2001,3312000
Czechia,CZE,2002,3304000
Czechia,CZE,2003,3298000
Czechia,CZE,2004,3293000
Czechia,CZE,2005,3286000
Czechia,CZE,2006,3278000
Czechia,CZE,2007,3271000
Czechia,CZE,2008,3264000
Czechia,CZE,2009,3256000
Czechia,CZE,2010,3248000
Czechia,CZE,2011,3240000
Czechia,CZE,2012,3233000
Czechia,CZE,2013,2547000
Czechia,CZE,2014,2535000
Czechia,CZE,2015,2536000
Czechia,CZE,2016,2540000
Czechia,CZE,2017,2543000
Czechia,CZE,2018,2539300
Czechia,CZE,2019,2539000
Czechia,CZE,2020,2538700
Czechia,CZE,2021,2538400
Czechia,CZE,2022,2538100
Czechia,CZE,2023,2537800
Democratic Republic of Congo,COD,-10000,0
Democratic Republic of Congo,COD,-9000,0
Democratic Republic of Congo,COD,-8000,0
Democratic Republic of Congo,COD,-7000,0
Democratic Republic of Congo,COD,-6000,0
Democratic Republic of Congo,COD,-5000,0
Democratic Republic of Congo,COD,-4000,0
Democratic Republic of Congo,COD,-3000,0
Democratic Republic of Congo,COD,-2000,0
Democratic Republic of Congo,COD,-1000,0
Democratic Republic of Congo,COD,0,85.74357
Democratic Republic of Congo,COD,100,322.61728
Democratic Republic of Congo,COD,200,834.8006
Democratic Republic of Congo,COD,300,2177.7417
Democratic Republic of Congo,COD,400,5654.329
Democratic Republic of Congo,COD,500,14703.358
Democratic Republic of Congo,COD,600,38290.074
Democratic Republic of Congo,COD,700,99853.48
Democratic Republic of Congo,COD,800,260747.53
Democratic Republic of Congo,COD,900,586682
Democratic Republic of Congo,COD,1000,1303737.8
Democratic Republic of Congo,COD,1100,1521027.4
Democratic Republic of Congo,COD,1200,1738317
Democratic Republic of Congo,COD,1300,1955606.6
Democratic Republic of Congo,COD,1400,2281541
Democratic Republic of Congo,COD,1500,2607475.5
Democratic Republic of Congo,COD,1600,2770442.5
Democratic Republic of Congo,COD,1700,2933409.8
Democratic Republic of Congo,COD,1710,2956574.5
Democratic Republic of Congo,COD,1720,2975649
Democratic Republic of Congo,COD,1730,2995687
Democratic Republic of Congo,COD,1740,3016783.5
Democratic Republic of Congo,COD,1750,3039047.8
Democratic Republic of Congo,COD,1760,3062606
Democratic Republic of Congo,COD,1770,3087607
Democratic Republic of Congo,COD,1780,3114224.2
Democratic Republic of Congo,COD,1790,3142664.8
Democratic Republic of Congo,COD,1800,3173176
Democratic Republic of Congo,COD,1810,3206058.5
Democratic Republic of Congo,COD,1820,3241681.5
Democratic Republic of Congo,COD,1830,3280504
Democratic Republic of Congo,COD,1840,3323108.2
Democratic Republic of Congo,COD,1850,3370244.2
Democratic Republic of Congo,COD,1860,3422904.2
Democratic Republic of Congo,COD,1870,3482433.2
Democratic Republic of Congo,COD,1880,3550716
Democratic Republic of Congo,COD,1890,3630507.5
Democratic Republic of Congo,COD,1900,3726047.2
Democratic Republic of Congo,COD,1910,3844334.5
Democratic Republic of Congo,COD,1920,3998107.8
Democratic Republic of Congo,COD,1930,4214222
Democratic Republic of Congo,COD,1940,4565407
Democratic Republic of Congo,COD,1950,5395481
Democratic Republic of Congo,COD,1951,5504051.5
Democratic Republic of Congo,COD,1952,5615694
Democratic Republic of Congo,COD,1953,5732365
Democratic Republic of Congo,COD,1954,5855535
Democratic Republic of Congo,COD,1955,5986172.5
Democratic Republic of Congo,COD,1956,6124751
Democratic Republic of Congo,COD,1957,6271245
Democratic Republic of Congo,COD,1958,6425209
Democratic Republic of Congo,COD,1959,6585900
Democratic Republic of Congo,COD,1960,6752622
Democratic Republic of Congo,COD,1961,6950000
Democratic Republic of Congo,COD,1962,6970000
Democratic Republic of Congo,COD,1963,7000000
Democratic Republic of Congo,COD,1964,7030000
Democratic Republic of Congo,COD,1965,7050000
Democratic Republic of Congo,COD,1966,7070000
Democratic Republic of Congo,COD,1967,7100000
Democratic Republic of Congo,COD,1968,7150000
Democratic Republic of Congo,COD,1969,7200000
Democratic Republic of Congo,COD,1970,7250000
Democratic Republic of Congo,COD,1971,7300000
Democratic Republic of Congo,COD,1972,7350000
Democratic Republic of Congo,COD,1973,7400000
Democratic Republic of Congo,COD,1974,7450000
Democratic Republic of Congo,COD,1975,7450000
Democratic Republic of Congo,COD,1976,7500000
Democratic Republic of Congo,COD,1977,7530000
Democratic Republic of Congo,COD,1978,7550000
Democratic Republic of Congo,COD,1979,7550000
Democratic Republic of Congo,COD,1980,7600000
Democratic Republic of Congo,COD,1981,7650000
Democratic Republic of Congo,COD,1982,7670000
Democratic Republic of Congo,COD,1983,7700000
Democratic Republic of Congo,COD,1984,7750000
Democratic Republic of Congo,COD,1985,7800000
Democratic Republic of Congo,COD,1986,7850000
Democratic Republic of Congo,COD,1987,7850000
Democratic Republic of Congo,COD,1988,7850000
Democratic Republic of Congo,COD,1989,7850000
Democratic Republic of Congo,COD,1990,7860000
Democratic Republic of Congo,COD,1991,7880000
Democratic Republic of Congo,COD,1992,7900000
Democratic Republic of Congo,COD,1993,7900000
Democratic Republic of Congo,COD,1994,7900000
Democratic Republic of Congo,COD,1995,7700000
Democratic Republic of Congo,COD,1996,7700000
Democratic Republic of Congo,COD,1997,7600000
Democratic Republic of Congo,COD,1998,7600000
Democratic Republic of Congo,COD,1999,7500000
Democratic Republic of Congo,COD,2000,7500000
Democratic Republic of Congo,COD,2001,7450000
Democratic Republic of Congo,COD,2002,7450000
Democratic Republic of Congo,COD,2003,7450000
Democratic Republic of Congo,COD,2004,7450000
Democratic Republic of Congo,COD,2005,7450000
Democratic Republic of Congo,COD,2006,7450000
Democratic Republic of Congo,COD,2007,7449976
Democratic Republic of Congo,COD,2008,7499977.5
Democratic Republic of Congo,COD,2009,8686997
Democratic Republic of Congo,COD,2010,10229000
Democratic Republic of Congo,COD,2011,11436000
Democratic Republic of Congo,COD,2012,12686000
Democratic Republic of Congo,COD,2013,13230000
Democratic Republic of Congo,COD,2014,14049000
Democratic Republic of Congo,COD,2015,14250000
Democratic Republic of Congo,COD,2016,14472000
Democratic Republic of Congo,COD,2017,15076000
Democratic Republic of Congo,COD,2018,15344000
Democratic Republic of Congo,COD,2019,15530000
Democratic Republic of Congo,COD,2020,15372000
Democratic Republic of Congo,COD,2021,16073500
Democratic Republic of Congo,COD,2022,16386417
Democratic Republic of Congo,COD,2023,16699333
Denmark,DNK,-10000,0
Denmark,DNK,-9000,0
Denmark,DNK,-8000,0
Denmark,DNK,-7000,0
Denmark,DNK,-6000,0
Denmark,DNK,-5000,0
Denmark,DNK,-4000,18.665638
Denmark,DNK,-3000,19.998354
Denmark,DNK,-2000,21.252737
Denmark,DNK,-1000,22.29769
Denmark,DNK,0,286651.22
Denmark,DNK,100,311966.34
Denmark,DNK,200,336388.8
Denmark,DNK,300,359854.75
Denmark,DNK,400,382286.8
Denmark,DNK,500,403602.4
Denmark,DNK,600,423701.28
Denmark,DNK,700,442473.94
Denmark,DNK,800,459786.12
Denmark,DNK,900,472265
Denmark,DNK,1000,489367.34
Denmark,DNK,1100,561371.4
Denmark,DNK,1200,630143.44
Denmark,DNK,1300,688156.7
Denmark,DNK,1400,426414.94
Denmark,DNK,1500,634631.3
Denmark,DNK,1600,711466.06
Denmark,DNK,1700,770532.94
Denmark,DNK,1710,775164.4
Denmark,DNK,1720,779531.25
Denmark,DNK,1730,783619.3
Denmark,DNK,1740,787413.3
Denmark,DNK,1750,790896.56
Denmark,DNK,1760,794074.06
Denmark,DNK,1770,796876.1
Denmark,DNK,1780,799303.44
Denmark,DNK,1790,801340.56
Denmark,DNK,1800,802938.5
Denmark,DNK,1810,856782.3
Denmark,DNK,1820,908761.94
Denmark,DNK,1830,990857.25
Denmark,DNK,1840,1044262.9
Denmark,DNK,1850,1139670.8
Denmark,DNK,1860,1272955.6
Denmark,DNK,1870,1397701.1
Denmark,DNK,1880,1517985.8
Denmark,DNK,1890,1646873.5
Denmark,DNK,1900,1806952
Denmark,DNK,1910,1999488.6
Denmark,DNK,1920,2272154
Denmark,DNK,1930,2445085.2
Denmark,DNK,1940,2578025.2
Denmark,DNK,1950,2612438
Denmark,DNK,1951,2636846.2
Denmark,DNK,1952,2658930
Denmark,DNK,1953,2678831.8
Denmark,DNK,1954,2696776.8
Denmark,DNK,1955,2713079.8
Denmark,DNK,1956,2728149.8
Denmark,DNK,1957,2742504.5
Denmark,DNK,1958,2756702.2
Denmark,DNK,1959,2771339
Denmark,DNK,1960,2786910.5
Denmark,DNK,1961,2816164.2
Denmark,DNK,1962,2782174.5
Denmark,DNK,1963,2755182.5
Denmark,DNK,1964,2739187
Denmark,DNK,1965,2707196.8
Denmark,DNK,1966,2700198.8
Denmark,DNK,1967,2699199
Denmark,DNK,1968,2708196.2
Denmark,DNK,1969,2692201.2
Denmark,DNK,1970,2675206
Denmark,DNK,1971,2661210.2
Denmark,DNK,1972,2665209.2
Denmark,DNK,1973,2667208.5
Denmark,DNK,1974,2654212.2
Denmark,DNK,1975,2659211
Denmark,DNK,1976,2666208.8
Denmark,DNK,1977,2647214.5
Denmark,DNK,1978,2652213
Denmark,DNK,1979,2655212
Denmark,DNK,1980,2652213
Denmark,DNK,1981,2650213.5
Denmark,DNK,1982,2643215.5
Denmark,DNK,1983,2609225.8
Denmark,DNK,1984,2626220.8
Denmark,DNK,1985,2613224.5
Denmark,DNK,1986,2603227.5
Denmark,DNK,1987,2587232.2
Denmark,DNK,1988,2569237.5
Denmark,DNK,1989,2554242
Denmark,DNK,1990,2570237.2
Denmark,DNK,1991,2557241.2
Denmark,DNK,1992,2547244.2
Denmark,DNK,1993,2541374.8
Denmark,DNK,1994,2373445
Denmark,DNK,1995,2327454
Denmark,DNK,1996,2330431.8
Denmark,DNK,1997,2372420.5
Denmark,DNK,1998,2373467
Denmark,DNK,1999,2301493.2
Denmark,DNK,2000,2288487.2
Denmark,DNK,2001,2299497.8
Denmark,DNK,2002,2282501.2
Denmark,DNK,2003,2273503.2
Denmark,DNK,2004,2275479
Denmark,DNK,2005,2338458
Denmark,DNK,2006,2352473
Denmark,DNK,2007,2312441
Denmark,DNK,2008,2406405.2
Denmark,DNK,2009,2436402.5
Denmark,DNK,2010,2425373
Denmark,DNK,2011,2502387.8
Denmark,DNK,2012,2423411.2
Denmark,DNK,2013,2432399.5
Denmark,DNK,2014,2459060
Denmark,DNK,2015,2378353
Denmark,DNK,2016,2399078.8
Denmark,DNK,2017,2396065.5
Denmark,DNK,2018,2373195.8
Denmark,DNK,2019,2359920.2
Denmark,DNK,2020,2346645
Denmark,DNK,2021,2333369.5
Denmark,DNK,2022,2320094.2
Denmark,DNK,2023,2306818.8
Djibouti,DJI,-10000,0
Djibouti,DJI,-9000,0
Djibouti,DJI,-8000,0
Djibouti,DJI,-7000,0
Djibouti,DJI,-6000,0
Djibouti,DJI,-5000,0
Djibouti,DJI,-4000,0
Djibouti,DJI,-3000,0
Djibouti,DJI,-2000,0
Djibouti,DJI,-1000,0
Djibouti,DJI,0,2262.7153
Djibouti,DJI,100,2268.9424
Djibouti,DJI,200,2272.9927
Djibouti,DJI,300,2274.5977
Djibouti,DJI,400,2273.4475
Djibouti,DJI,500,2269.182
Djibouti,DJI,600,2261.3777
Djibouti,DJI,700,2249.5325
Djibouti,DJI,800,2233.0422
Djibouti,DJI,900,2287.3323
Djibouti,DJI,1000,2329.5022
Djibouti,DJI,1100,2694.7778
Djibouti,DJI,1200,3017.0217
Djibouti,DJI,1300,3289.6667
Djibouti,DJI,1400,3503.6887
Djibouti,DJI,1500,3645.99
Djibouti,DJI,1600,3570.044
Djibouti,DJI,1700,3391.6633
Djibouti,DJI,1710,3415.2007
Djibouti,DJI,1720,3401.6738
Djibouti,DJI,1730,3387.6663
Djibouti,DJI,1740,3373.141
Djibouti,DJI,1750,3358.0562
Djibouti,DJI,1760,3342.3645
Djibouti,DJI,1770,3326.0127
Djibouti,DJI,1780,3308.9397
Djibouti,DJI,1790,3291.076
Djibouti,DJI,1800,3272.341
Djibouti,DJI,1810,3252.6423
Djibouti,DJI,1820,3231.8704
Djibouti,DJI,1830,3209.8972
Djibouti,DJI,1840,3186.5718
Djibouti,DJI,1850,3161.713
Djibouti,DJI,1860,3135.1025
Djibouti,DJI,1870,3106.4792
Djibouti,DJI,1880,3075.5261
Djibouti,DJI,1890,3041.8677
Djibouti,DJI,1900,3005.0823
Djibouti,DJI,1910,2964.7832
Djibouti,DJI,1920,2920.9639
Djibouti,DJI,1930,2875.5293
Djibouti,DJI,1940,2840.9878
Djibouti,DJI,1950,2936.3293
Djibouti,DJI,1951,2896.3901
Djibouti,DJI,1952,2850.5176
Djibouti,DJI,1953,2793.042
Djibouti,DJI,1954,2720.7705
Djibouti,DJI,1955,2629.749
Djibouti,DJI,1956,2514.78
Djibouti,DJI,1957,2365.5298
Djibouti,DJI,1958,2159.0994
Djibouti,DJI,1959,1830.7584
Djibouti,DJI,1960,1000
Djibouti,DJI,1961,1000
Djibouti,DJI,1962,1000
Djibouti,DJI,1963,1000
Djibouti,DJI,1964,1000
Djibouti,DJI,1965,1000
Djibouti,DJI,1966,1000
Djibouti,DJI,1967,1000
Djibouti,DJI,1968,1000
Djibouti,DJI,1969,1000
Djibouti,DJI,1970,1000
Djibouti,DJI,1971,1000
Djibouti,DJI,1972,1000
Djibouti,DJI,1973,1000
Djibouti,DJI,1974,1000
Djibouti,DJI,1975,1000
Djibouti,DJI,1976,1000
Djibouti,DJI,1977,1000
Djibouti,DJI,1978,1000
Djibouti,DJI,1979,1000
Djibouti,DJI,1980,1000
Djibouti,DJI,1981,1000
Djibouti,DJI,1982,1000
Djibouti,DJI,1983,1000
Djibouti,DJI,1984,1000
Djibouti,DJI,1985,1000
Djibouti,DJI,1986,1000
Djibouti,DJI,1987,1000
Djibouti,DJI,1988,1000
Djibouti,DJI,1989,1000
Djibouti,DJI,1990,1000
Djibouti,DJI,1991,1000
Djibouti,DJI,1992,1000
Djibouti,DJI,1993,1000
Djibouti,DJI,1994,1000
Djibouti,DJI,1995,1000
Djibouti,DJI,1996,1000
Djibouti,DJI,1997,1000
Djibouti,DJI,1998,1000
Djibouti,DJI,1999,1000
Djibouti,DJI,2000,1000
Djibouti,DJI,2001,1000
Djibouti,DJI,2002,1000
Djibouti,DJI,2003,1000
Djibouti,DJI,2004,1000
Djibouti,DJI,2005,1000
Djibouti,DJI,2006,1300
Djibouti,DJI,2007,1500
Djibouti,DJI,2008,1200
Djibouti,DJI,2009,1300
Djibouti,DJI,2010,1600
Djibouti,DJI,2011,2000
Djibouti,DJI,2012,2000
Djibouti,DJI,2013,2000
Djibouti,DJI,2014,2000
Djibouti,DJI,2015,2000
Djibouti,DJI,2016,2000
Djibouti,DJI,2017,2000
Djibouti,DJI,2018,2000
Djibouti,DJI,2019,2000
Djibouti,DJI,2020,2000
Djibouti,DJI,2021,2000
Djibouti,DJI,2022,2000
Djibouti,DJI,2023,2000
Dominica,DMA,-10000,0
Dominica,DMA,-9000,0
Dominica,DMA,-8000,0
Dominica,DMA,-7000,0
Dominica,DMA,-6000,0
Dominica,DMA,-5000,0
Dominica,DMA,-4000,0
Dominica,DMA,-3000,0
Dominica,DMA,-2000,0
Dominica,DMA,-1000,0
Dominica,DMA,0,0
Dominica,DMA,100,0
Dominica,DMA,200,0
Dominica,DMA,300,0
Dominica,DMA,400,0
Dominica,DMA,500,0
Dominica,DMA,600,0
Dominica,DMA,700,0
Dominica,DMA,800,0
Dominica,DMA,900,0
Dominica,DMA,1000,0
Dominica,DMA,1100,0
Dominica,DMA,1200,0
Dominica,DMA,1300,0
Dominica,DMA,1400,0
Dominica,DMA,1500,934.5496
Dominica,DMA,1600,1081.335
Dominica,DMA,1700,1222.1329
Dominica,DMA,1710,1408.8497
Dominica,DMA,1720,1623.3683
Dominica,DMA,1730,1869.6514
Dominica,DMA,1740,2152.18
Dominica,DMA,1750,2476.0073
Dominica,DMA,1760,2846.8152
Dominica,DMA,1770,3270.9675
Dominica,DMA,1780,3754.892
Dominica,DMA,1790,4308.472
Dominica,DMA,1800,4938.3745
Dominica,DMA,1810,5654.754
Dominica,DMA,1820,6467.867
Dominica,DMA,1830,7388.652
Dominica,DMA,1840,8428.548
Dominica,DMA,1850,9392.653
Dominica,DMA,1860,10928.519
Dominica,DMA,1870,11607.764
Dominica,DMA,1880,11547.228
Dominica,DMA,1890,7930.555
Dominica,DMA,1900,10726.161
Dominica,DMA,1910,12258.336
Dominica,DMA,1920,12817.217
Dominica,DMA,1930,11401.857
Dominica,DMA,1940,16185.193
Dominica,DMA,1950,14381.559
Dominica,DMA,1951,14405.371
Dominica,DMA,1952,14419.624
Dominica,DMA,1953,14441.051
Dominica,DMA,1954,14480.759
Dominica,DMA,1955,14547.133
Dominica,DMA,1956,14634.334
Dominica,DMA,1957,14735.848
Dominica,DMA,1958,14840.693
Dominica,DMA,1959,14934.746
Dominica,DMA,1960,15000
Dominica,DMA,1961,15000
Dominica,DMA,1962,16000
Dominica,DMA,1963,16000
Dominica,DMA,1964,16000
Dominica,DMA,1965,16000
Dominica,DMA,1966,16521.17
Dominica,DMA,1967,16504.326
Dominica,DMA,1968,16486.848
Dominica,DMA,1969,16468.682
Dominica,DMA,1970,16450.066
Dominica,DMA,1971,16431.977
Dominica,DMA,1972,16421.107
Dominica,DMA,1973,16410.162
Dominica,DMA,1974,16398.809
Dominica,DMA,1975,16380.005
Dominica,DMA,1976,16358.25
Dominica,DMA,1977,16334.879
Dominica,DMA,1978,16310.992
Dominica,DMA,1979,16288.346
Dominica,DMA,1980,16268.427
Dominica,DMA,1981,16254.477
Dominica,DMA,1982,16245.102
Dominica,DMA,1983,16236.846
Dominica,DMA,1984,16229.194
Dominica,DMA,1985,16221.723
Dominica,DMA,1986,16214.3955
Dominica,DMA,1987,16207.232
Dominica,DMA,1988,16000
Dominica,DMA,1989,16000
Dominica,DMA,1990,16000
Dominica,DMA,1991,16000
Dominica,DMA,1992,16000
Dominica,DMA,1993,16000
Dominica,DMA,1994,16000
Dominica,DMA,1995,15000
Dominica,DMA,1996,15000
Dominica,DMA,1997,15000
Dominica,DMA,1998,15000
Dominica,DMA,1999,16096.202
Dominica,DMA,2000,12499.832
Dominica,DMA,2001,12497.313
Dominica,DMA,2002,12494.751
Dominica,DMA,2003,12492.189
Dominica,DMA,2004,12489.714
Dominica,DMA,2005,12487.378
Dominica,DMA,2006,12485.207
Dominica,DMA,2007,12483.166
Dominica,DMA,2008,12481.147
Dominica,DMA,2009,12478.988
Dominica,DMA,2010,8174.0684
Dominica,DMA,2011,8173.829
Dominica,DMA,2012,8173.552
Dominica,DMA,2013,8121.289
Dominica,DMA,2014,8120.7705
Dominica,DMA,2015,8120.268
Dominica,DMA,2016,8119.794
Dominica,DMA,2017,8119.335
Dominica,DMA,2018,8118.872
Dominica,DMA,2019,8118.3677
Dominica,DMA,2020,8117.797
Dominica,DMA,2021,8117.154
Dominica,DMA,2022,8116.456
Dominica,DMA,2023,8115.735
Dominican Republic,DOM,-10000,0
Dominican Republic,DOM,-9000,0
Dominican Republic,DOM,-8000,0
Dominican Republic,DOM,-7000,0
Dominican Republic,DOM,-6000,0
Dominican Republic,DOM,-5000,0
Dominican Republic,DOM,-4000,0
Dominican Republic,DOM,-3000,0
Dominican Republic,DOM,-2000,0
Dominican Republic,DOM,-1000,0
Dominican Republic,DOM,0,0
Dominican Republic,DOM,100,0
Dominican Republic,DOM,200,0
Dominican Republic,DOM,300,0
Dominican Republic,DOM,400,0
Dominican Republic,DOM,500,0
Dominican Republic,DOM,600,0
Dominican Republic,DOM,700,0
Dominican Republic,DOM,800,0
Dominican Republic,DOM,900,0
Dominican Republic,DOM,1000,0
Dominican Republic,DOM,1100,0
Dominican Republic,DOM,1200,0
Dominican Republic,DOM,1300,0
Dominican Republic,DOM,1400,0
Dominican Republic,DOM,1500,62766.992
Dominican Republic,DOM,1600,30471.592
Dominican Republic,DOM,1700,31450.924
Dominican Republic,DOM,1710,32730.832
Dominican Republic,DOM,1720,34062.73
Dominican Republic,DOM,1730,35448.74
Dominican Republic,DOM,1740,36891.047
Dominican Republic,DOM,1750,38391.934
Dominican Republic,DOM,1760,39953.777
Dominican Republic,DOM,1770,41579.047
Dominican Republic,DOM,1780,43270.312
Dominican Republic,DOM,1790,45030.25
Dominican Republic,DOM,1800,46861.64
Dominican Republic,DOM,1810,48767.38
Dominican Republic,DOM,1820,52200.496
Dominican Republic,DOM,1830,55875.133
Dominican Republic,DOM,1840,59808.28
Dominican Republic,DOM,1850,64018.117
Dominican Republic,DOM,1860,68524.08
Dominican Republic,DOM,1870,89850.055
Dominican Republic,DOM,1880,117812.734
Dominican Republic,DOM,1890,155276.36
Dominican Republic,DOM,1900,203348.19
Dominican Republic,DOM,1910,256506.69
Dominican Republic,DOM,1920,337049.84
Dominican Republic,DOM,1930,448339.06
Dominican Republic,DOM,1940,537219.94
Dominican Republic,DOM,1950,711392.5
Dominican Republic,DOM,1951,733506.6
Dominican Republic,DOM,1952,757151.2
Dominican Republic,DOM,1953,782199.94
Dominican Republic,DOM,1954,808555.1
Dominican Republic,DOM,1955,836124
Dominican Republic,DOM,1956,864836.44
Dominican Republic,DOM,1957,894626.25
Dominican Republic,DOM,1958,925445.1
Dominican Republic,DOM,1959,957251.4
Dominican Republic,DOM,1960,990000
Dominican Republic,DOM,1961,990000
Dominican Republic,DOM,1962,1005000
Dominican Republic,DOM,1963,1020000
Dominican Republic,DOM,1964,1035000
Dominican Republic,DOM,1965,1050000
Dominican Republic,DOM,1966,1065000
Dominican Republic,DOM,1967,1080000
Dominican Republic,DOM,1968,1090000
Dominican Republic,DOM,1969,1130000
Dominican Republic,DOM,1970,1135000
Dominican Republic,DOM,1971,1144000
Dominican Republic,DOM,1972,1170000
Dominican Republic,DOM,1973,1205000
Dominican Republic,DOM,1974,1225000
Dominican Republic,DOM,1975,1255000
Dominican Republic,DOM,1976,1310000
Dominican Republic,DOM,1977,1340000
Dominican Republic,DOM,1978,1365000
Dominican Republic,DOM,1979,1390000
Dominican Republic,DOM,1980,1420000
Dominican Republic,DOM,1981,1425000
Dominican Republic,DOM,1982,1430000
Dominican Republic,DOM,1983,1430000
Dominican Republic,DOM,1984,1430000
Dominican Republic,DOM,1985,1430000
Dominican Republic,DOM,1986,1437000
Dominican Republic,DOM,1987,1437000
Dominican Republic,DOM,1988,1437000
Dominican Republic,DOM,1989,1441000
Dominican Republic,DOM,1990,1346000
Dominican Republic,DOM,1991,1346000
Dominican Republic,DOM,1992,1346000
Dominican Republic,DOM,1993,1346000
Dominican Republic,DOM,1994,1346000
Dominican Republic,DOM,1995,1376000
Dominican Republic,DOM,1996,1375000
Dominican Republic,DOM,1997,1300000
Dominican Republic,DOM,1998,1310000
Dominican Republic,DOM,1999,1270000
Dominican Republic,DOM,2000,1318000
Dominican Republic,DOM,2001,1318000
Dominican Republic,DOM,2002,1318000
Dominican Republic,DOM,2003,1238000
Dominican Republic,DOM,2004,1220000
Dominican Republic,DOM,2005,1220000
Dominican Republic,DOM,2006,1220000
Dominican Republic,DOM,2007,1220000
Dominican Republic,DOM,2008,1200000
Dominican Republic,DOM,2009,1200000
Dominican Republic,DOM,2010,1200000
Dominican Republic,DOM,2011,1200000
Dominican Republic,DOM,2012,1155000
Dominican Republic,DOM,2013,1155000
Dominican Republic,DOM,2014,1155000
Dominican Republic,DOM,2015,1155000
Dominican Republic,DOM,2016,1155000
Dominican Republic,DOM,2017,1155000
Dominican Republic,DOM,2018,1155000
Dominican Republic,DOM,2019,1155000
Dominican Republic,DOM,2020,1155000
Dominican Republic,DOM,2021,1155000
Dominican Republic,DOM,2022,1155000
Dominican Republic,DOM,2023,1155000
East Timor,TLS,-10000,0
East Timor,TLS,-9000,0
East Timor,TLS,-8000,0
East Timor,TLS,-7000,0
East Timor,TLS,-6000,0
East Timor,TLS,-5000,0
East Timor,TLS,-4000,0
East Timor,TLS,-3000,0
East Timor,TLS,-2000,1061.6777
East Timor,TLS,-1000,1309.2001
East Timor,TLS,0,1630.5365
East Timor,TLS,100,2037.8612
East Timor,TLS,200,2546.9932
East Timor,TLS,300,3183.3816
East Timor,TLS,400,3978.6592
East Timor,TLS,500,4972.9854
East Timor,TLS,600,6215.8457
East Timor,TLS,700,7769.375
East Timor,TLS,800,9711.238
East Timor,TLS,900,12138.519
East Timor,TLS,1000,15172.569
East Timor,TLS,1100,18965.121
East Timor,TLS,1200,23705.7
East Timor,TLS,1300,29631.37
East Timor,TLS,1400,37038.4
East Timor,TLS,1500,46297.12
East Timor,TLS,1600,57870.46
East Timor,TLS,1700,72337.06
East Timor,TLS,1710,73676.54
East Timor,TLS,1720,75040.83
East Timor,TLS,1730,76430.375
East Timor,TLS,1740,77845.66
East Timor,TLS,1750,79287.15
East Timor,TLS,1760,80755.33
East Timor,TLS,1770,82250.7
East Timor,TLS,1780,83773.766
East Timor,TLS,1790,85325.03
East Timor,TLS,1800,86905.03
East Timor,TLS,1810,88514.28
East Timor,TLS,1820,96211.07
East Timor,TLS,1830,104577.13
East Timor,TLS,1840,113670.68
East Timor,TLS,1850,123554.95
East Timor,TLS,1860,134298.73
East Timor,TLS,1870,140137.66
East Timor,TLS,1880,146230.45
East Timor,TLS,1890,152588.16
East Timor,TLS,1900,159222.27
East Timor,TLS,1910,166144.81
East Timor,TLS,1920,173067.36
East Timor,TLS,1930,180261.9
East Timor,TLS,1940,187789.77
East Timor,TLS,1950,195614.14
East Timor,TLS,1951,197798.69
East Timor,TLS,1952,200138.03
East Timor,TLS,1953,202648
East Timor,TLS,1954,205350.25
East Timor,TLS,1955,208246.56
East Timor,TLS,1956,211343.28
East Timor,TLS,1957,214638.14
East Timor,TLS,1958,218128.44
East Timor,TLS,1959,221804.25
East Timor,TLS,1960,80000
East Timor,TLS,1961,80000
East Timor,TLS,1962,80000
East Timor,TLS,1963,80000
East Timor,TLS,1964,80000
East Timor,TLS,1965,80000
East Timor,TLS,1966,80000
East Timor,TLS,1967,82000
East Timor,TLS,1968,82000
East Timor,TLS,1969,83000
East Timor,TLS,1970,93000
East Timor,TLS,1971,92974.734
East Timor,TLS,1972,95000
East Timor,TLS,1973,100000
East Timor,TLS,1974,100000
East Timor,TLS,1975,105000
East Timor,TLS,1976,108000
East Timor,TLS,1977,112000
East Timor,TLS,1978,121000
East Timor,TLS,1979,125901.69
East Timor,TLS,1980,129000
East Timor,TLS,1981,132000
East Timor,TLS,1982,134000
East Timor,TLS,1983,136000
East Timor,TLS,1984,139000
East Timor,TLS,1985,142000
East Timor,TLS,1986,145000
East Timor,TLS,1987,149000
East Timor,TLS,1988,153000
East Timor,TLS,1989,155000
East Timor,TLS,1990,168000
East Timor,TLS,1991,180000
East Timor,TLS,1992,180000
East Timor,TLS,1993,185000
East Timor,TLS,1994,190000
East Timor,TLS,1995,190000
East Timor,TLS,1996,192000
East Timor,TLS,1997,193000
East Timor,TLS,1998,191000
East Timor,TLS,1999,187000
East Timor,TLS,2000,186972.69
East Timor,TLS,2001,211998.92
East Timor,TLS,2002,211996.52
East Timor,TLS,2003,214999.36
East Timor,TLS,2004,235000
East Timor,TLS,2005,235000
East Timor,TLS,2006,235000
East Timor,TLS,2007,225000
East Timor,TLS,2008,230000
East Timor,TLS,2009,232000
East Timor,TLS,2010,222000
East Timor,TLS,2011,223000
East Timor,TLS,2012,234000
East Timor,TLS,2013,230000
East Timor,TLS,2014,230000
East Timor,TLS,2015,230000
East Timor,TLS,2016,230000
East Timor,TLS,2017,230000
East Timor,TLS,2018,229999.97
East Timor,TLS,2019,229999.92
East Timor,TLS,2020,229999.92
East Timor,TLS,2021,230000
East Timor,TLS,2022,230000
East Timor,TLS,2023,230000
Ecuador,ECU,-10000,0
Ecuador,ECU,-9000,0
Ecuador,ECU,-8000,0
Ecuador,ECU,-7000,0
Ecuador,ECU,-6000,0
Ecuador,ECU,-5000,0
Ecuador,ECU,-4000,0
Ecuador,ECU,-3000,0
Ecuador,ECU,-2000,0
Ecuador,ECU,-1000,88904.125
Ecuador,ECU,0,97579.85
Ecuador,ECU,100,102509.83
Ecuador,ECU,200,107682.79
Ecuador,ECU,300,113110.06
Ecuador,ECU,400,118803.36
Ecuador,ECU,500,124774.85
Ecuador,ECU,600,131037.11
Ecuador,ECU,700,137603.1
Ecuador,ECU,800,144486.12
Ecuador,ECU,900,168221.62
Ecuador,ECU,1000,191840.39
Ecuador,ECU,1100,210548.53
Ecuador,ECU,1200,229143.83
Ecuador,ECU,1300,247616.22
Ecuador,ECU,1400,265953.47
Ecuador,ECU,1500,284140.25
Ecuador,ECU,1600,236059.8
Ecuador,ECU,1700,234962.02
Ecuador,ECU,1710,234905.83
Ecuador,ECU,1720,234848.83
Ecuador,ECU,1730,234790.97
Ecuador,ECU,1740,234732.25
Ecuador,ECU,1750,234672.61
Ecuador,ECU,1760,234612.03
Ecuador,ECU,1770,234550.48
Ecuador,ECU,1780,234487.92
Ecuador,ECU,1790,234424.3
Ecuador,ECU,1800,234359.6
Ecuador,ECU,1810,234293.75
Ecuador,ECU,1820,234226.69
Ecuador,ECU,1830,292548.38
Ecuador,ECU,1840,334204.5
Ecuador,ECU,1850,381789.7
Ecuador,ECU,1860,427695.8
Ecuador,ECU,1870,473559.97
Ecuador,ECU,1880,540653.9
Ecuador,ECU,1890,594456
Ecuador,ECU,1900,653606.56
Ecuador,ECU,1910,754567.9
Ecuador,ECU,1920,834904.1
Ecuador,ECU,1930,906295.2
Ecuador,ECU,1940,1354694
Ecuador,ECU,1950,1732654.1
Ecuador,ECU,1951,1779746.9
Ecuador,ECU,1952,1836485.4
Ecuador,ECU,1953,1894856.2
Ecuador,ECU,1954,1954997.1
Ecuador,ECU,1955,2017047.6
Ecuador,ECU,1956,2081184.8
Ecuador,ECU,1957,2147587.8
Ecuador,ECU,1958,2216462.5
Ecuador,ECU,1959,2288003
Ecuador,ECU,1960,2362388
Ecuador,ECU,1961,2510000
Ecuador,ECU,1962,2510000
Ecuador,ECU,1963,2520000
Ecuador,ECU,1964,2520000
Ecuador,ECU,1965,2530000
Ecuador,ECU,1966,2530000
Ecuador,ECU,1967,2540000
Ecuador,ECU,1968,2535000
Ecuador,ECU,1969,2545000
Ecuador,ECU,1970,2555000
Ecuador,ECU,1971,2565000
Ecuador,ECU,1972,2575000
Ecuador,ECU,1973,2585000
Ecuador,ECU,1974,2609000
Ecuador,ECU,1975,2585000
Ecuador,ECU,1976,2555000
Ecuador,ECU,1977,2535000
Ecuador,ECU,1978,2505000
Ecuador,ECU,1979,2490000
Ecuador,ECU,1980,2462000
Ecuador,ECU,1981,2542000
Ecuador,ECU,1982,2540000
Ecuador,ECU,1983,2595000
Ecuador,ECU,1984,2655000
Ecuador,ECU,1985,2720000
Ecuador,ECU,1986,2780000
Ecuador,ECU,1987,2836000
Ecuador,ECU,1988,2852000
Ecuador,ECU,1989,2853000
Ecuador,ECU,1990,2925000
Ecuador,ECU,1991,2995000
Ecuador,ECU,1992,3020000
Ecuador,ECU,1993,2974000
Ecuador,ECU,1994,3036000
Ecuador,ECU,1995,3001000
Ecuador,ECU,1996,2991000
Ecuador,ECU,1997,3004000
Ecuador,ECU,1998,3004000
Ecuador,ECU,1999,2980000
Ecuador,ECU,2000,2979000
Ecuador,ECU,2001,2800000
Ecuador,ECU,2002,2600000
Ecuador,ECU,2003,2487000
Ecuador,ECU,2004,2523000
Ecuador,ECU,2005,2510000
Ecuador,ECU,2006,2446000
Ecuador,ECU,2007,2415000
Ecuador,ECU,2008,2500000
Ecuador,ECU,2009,2548400
Ecuador,ECU,2010,2577800
Ecuador,ECU,2011,2535200
Ecuador,ECU,2012,2530900
Ecuador,ECU,2013,2663000
Ecuador,ECU,2014,2387000
Ecuador,ECU,2015,2551000
Ecuador,ECU,2016,2415000
Ecuador,ECU,2017,2464000
Ecuador,ECU,2018,2385000
Ecuador,ECU,2019,2348000
Ecuador,ECU,2020,2311000
Ecuador,ECU,2021,2274000
Ecuador,ECU,2022,2237000
Ecuador,ECU,2023,2200000
Egypt,EGY,-10000,0
Egypt,EGY,-9000,0
Egypt,EGY,-8000,0
Egypt,EGY,-7000,0
Egypt,EGY,-6000,6521.631
Egypt,EGY,-5000,9717.759
Egypt,EGY,-4000,23994.633
Egypt,EGY,-3000,95310.98
Egypt,EGY,-2000,142980.61
Egypt,EGY,-1000,190640.81
Egypt,EGY,0,381281.62
Egypt,EGY,100,409877.75
Egypt,EGY,200,438473.8
Egypt,EGY,300,409877.75
Egypt,EGY,400,381281.62
Egypt,EGY,500,333621.4
Egypt,EGY,600,285961.22
Egypt,EGY,700,324089.38
Egypt,EGY,800,362217.53
Egypt,EGY,900,419409.75
Egypt,EGY,1000,476602
Egypt,EGY,1100,414643.75
Egypt,EGY,1200,381281.62
Egypt,EGY,1300,448005.9
Egypt,EGY,1400,386047.62
Egypt,EGY,1500,381281.62
Egypt,EGY,1600,476602
Egypt,EGY,1700,428941.8
Egypt,EGY,1710,419409.75
Egypt,EGY,1720,409877.75
Egypt,EGY,1730,400345.7
Egypt,EGY,1740,390813.66
Egypt,EGY,1750,381281.62
Egypt,EGY,1760,371749.6
Egypt,EGY,1770,362217.53
Egypt,EGY,1780,352685.5
Egypt,EGY,1790,343153.47
Egypt,EGY,1800,333621.4
Egypt,EGY,1810,371749.6
Egypt,EGY,1820,409877.75
Egypt,EGY,1830,448005.9
Egypt,EGY,1840,486134.1
Egypt,EGY,1850,524262.22
Egypt,EGY,1860,436894.1
Egypt,EGY,1870,499307.53
Egypt,EGY,1880,570637.2
Egypt,EGY,1890,786565.1
Egypt,EGY,1900,954072
Egypt,EGY,1910,1098464.5
Egypt,EGY,1920,1344743.9
Egypt,EGY,1930,1518726.1
Egypt,EGY,1940,1679318.5
Egypt,EGY,1950,1974403.1
Egypt,EGY,1951,2013259.6
Egypt,EGY,1952,2055317.6
Egypt,EGY,1953,2100537.8
Egypt,EGY,1954,2148829
Egypt,EGY,1955,2200051.2
Egypt,EGY,1956,2254010.8
Egypt,EGY,1957,2310461.5
Egypt,EGY,1958,2369116.5
Egypt,EGY,1959,2429660.5
Egypt,EGY,1960,2491801
Egypt,EGY,1961,2568000
Egypt,EGY,1962,2505000
Egypt,EGY,1963,2490000
Egypt,EGY,1964,2506000
Egypt,EGY,1965,2672000
Egypt,EGY,1966,2780000
Egypt,EGY,1967,2801000
Egypt,EGY,1968,2801000
Egypt,EGY,1969,2835000
Egypt,EGY,1970,2843000
Egypt,EGY,1971,2852000
Egypt,EGY,1972,2855000
Egypt,EGY,1973,2855000
Egypt,EGY,1974,2843000
Egypt,EGY,1975,2825000
Egypt,EGY,1976,2730000
Egypt,EGY,1977,2635000
Egypt,EGY,1978,2540000
Egypt,EGY,1979,2447000
Egypt,EGY,1980,2445000
Egypt,EGY,1981,2468000
Egypt,EGY,1982,2445240
Egypt,EGY,1983,2434740
Egypt,EGY,1984,2458260
Egypt,EGY,1985,2497000
Egypt,EGY,1986,2567000
Egypt,EGY,1987,2547000
Egypt,EGY,1988,2581000
Egypt,EGY,1989,2571000
Egypt,EGY,1990,2648000
Egypt,EGY,1991,2643000
Egypt,EGY,1992,2996280
Egypt,EGY,1993,3246000
Egypt,EGY,1994,3245986.8
Egypt,EGY,1995,3282879.8
Egypt,EGY,1996,3176407.5
Egypt,EGY,1997,3244920
Egypt,EGY,1998,3259620
Egypt,EGY,1999,3483000
Egypt,EGY,2000,3291000
Egypt,EGY,2001,3337982.5
Egypt,EGY,2002,3424000
Egypt,EGY,2003,3409000
Egypt,EGY,2004,3478000
Egypt,EGY,2005,3523000
Egypt,EGY,2006,3533000
Egypt,EGY,2007,3538000
Egypt,EGY,2008,3542000
Egypt,EGY,2009,3689000
Egypt,EGY,2010,3670997
Egypt,EGY,2011,3619998
Egypt,EGY,2012,3695994.2
Egypt,EGY,2013,3730948.5
Egypt,EGY,2014,3715187.5
Egypt,EGY,2015,3789858.5
Egypt,EGY,2016,3733754.8
Egypt,EGY,2017,3733747.8
Egypt,EGY,2018,3747962.5
Egypt,EGY,2019,3750358.2
Egypt,EGY,2020,3752788.2
Egypt,EGY,2021,3755200.8
Egypt,EGY,2022,3757637
Egypt,EGY,2023,3760048
El Salvador,SLV,-10000,0
El Salvador,SLV,-9000,0
El Salvador,SLV,-8000,0
El Salvador,SLV,-7000,0
El Salvador,SLV,-6000,0
El Salvador,SLV,-5000,0
El Salvador,SLV,-4000,0
El Salvador,SLV,-3000,0
El Salvador,SLV,-2000,27907.76
El Salvador,SLV,-1000,28156.938
El Salvador,SLV,0,27298.688
El Salvador,SLV,100,29270.27
El Salvador,SLV,200,31354.584
El Salvador,SLV,300,33551.906
El Salvador,SLV,400,35860.715
El Salvador,SLV,500,38277.098
El Salvador,SLV,600,40793.96
El Salvador,SLV,700,43400.004
El Salvador,SLV,800,46078.285
El Salvador,SLV,900,48804.312
El Salvador,SLV,1000,51543.26
El Salvador,SLV,1100,54246.062
El Salvador,SLV,1200,56843.39
El Salvador,SLV,1300,59236.34
El Salvador,SLV,1400,61280.87
El Salvador,SLV,1500,62759.94
El Salvador,SLV,1600,63328.613
El Salvador,SLV,1700,62385.992
El Salvador,SLV,1710,62320.105
El Salvador,SLV,1720,62410.305
El Salvador,SLV,1730,62720.105
El Salvador,SLV,1740,63339.05
El Salvador,SLV,1750,64393.97
El Salvador,SLV,1760,66065.164
El Salvador,SLV,1770,68609.87
El Salvador,SLV,1780,79324.56
El Salvador,SLV,1790,89599.13
El Salvador,SLV,1800,99408.555
El Salvador,SLV,1810,108724.55
El Salvador,SLV,1820,117514.914
El Salvador,SLV,1830,133242.61
El Salvador,SLV,1840,148022.23
El Salvador,SLV,1850,161778.39
El Salvador,SLV,1860,184605.98
El Salvador,SLV,1870,205627.98
El Salvador,SLV,1880,238515.48
El Salvador,SLV,1890,268216.7
El Salvador,SLV,1900,294325.03
El Salvador,SLV,1910,359834.25
El Salvador,SLV,1920,479816.94
El Salvador,SLV,1930,462459.3
El Salvador,SLV,1940,531676.25
El Salvador,SLV,1950,592928.25
El Salvador,SLV,1951,595880.8
El Salvador,SLV,1952,599768.3
El Salvador,SLV,1953,604384.44
El Salvador,SLV,1954,609569.8
El Salvador,SLV,1955,615202.75
El Salvador,SLV,1956,621198.75
El Salvador,SLV,1957,627505.9
El Salvador,SLV,1958,634095.75
El Salvador,SLV,1959,640945.94
El Salvador,SLV,1960,647930.56
El Salvador,SLV,1961,647930.44
El Salvador,SLV,1962,647930.25
El Salvador,SLV,1963,652883.56
El Salvador,SLV,1964,652883.3
El Salvador,SLV,1965,649918.44
El Salvador,SLV,1966,640000
El Salvador,SLV,1967,631000
El Salvador,SLV,1968,629000
El Salvador,SLV,1969,627000
El Salvador,SLV,1970,625000
El Salvador,SLV,1971,667816.3
El Salvador,SLV,1972,670827.8
El Salvador,SLV,1973,677839.2
El Salvador,SLV,1974,687775
El Salvador,SLV,1975,697747.1
El Salvador,SLV,1976,689763.1
El Salvador,SLV,1977,698746.2
El Salvador,SLV,1978,739664.75
El Salvador,SLV,1979,789563.06
El Salvador,SLV,1980,799616.2
El Salvador,SLV,1981,759564.44
El Salvador,SLV,1982,730664.06
El Salvador,SLV,1983,726652.8
El Salvador,SLV,1984,736558.5
El Salvador,SLV,1985,756544.06
El Salvador,SLV,1986,776512.7
El Salvador,SLV,1987,776507.25
El Salvador,SLV,1988,796604.6
El Salvador,SLV,1989,796603.9
El Salvador,SLV,1990,809738.7
El Salvador,SLV,1991,827776.4
El Salvador,SLV,1992,850895.44
El Salvador,SLV,1993,850895
El Salvador,SLV,1994,853888.94
El Salvador,SLV,1995,854914.6
El Salvador,SLV,1996,815832.75
El Salvador,SLV,1997,815811.4
El Salvador,SLV,1998,849927.8
El Salvador,SLV,1999,880982.44
El Salvador,SLV,2000,899979.1
El Salvador,SLV,2001,949959.9
El Salvador,SLV,2002,934963.7
El Salvador,SLV,2003,925932.5
El Salvador,SLV,2004,973789.56
El Salvador,SLV,2005,928916.8
El Salvador,SLV,2006,837932.1
El Salvador,SLV,2007,866921.1
El Salvador,SLV,2008,912825.5
El Salvador,SLV,2009,907912.1
El Salvador,SLV,2010,897785.1
El Salvador,SLV,2011,905794.75
El Salvador,SLV,2012,933782.7
El Salvador,SLV,2013,937902.1
El Salvador,SLV,2014,956000
El Salvador,SLV,2015,927827.8
El Salvador,SLV,2016,948000
El Salvador,SLV,2017,931809.06
El Salvador,SLV,2018,934184.9
El Salvador,SLV,2019,932209.56
El Salvador,SLV,2020,930220.3
El Salvador,SLV,2021,928231.94
El Salvador,SLV,2022,926243.6
El Salvador,SLV,2023,924255.5
Equatorial Guinea,GNQ,-10000,0
Equatorial Guinea,GNQ,-9000,0
Equatorial Guinea,GNQ,-8000,0
Equatorial Guinea,GNQ,-7000,0
Equatorial Guinea,GNQ,-6000,0
Equatorial Guinea,GNQ,-5000,0
Equatorial Guinea,GNQ,-4000,0
Equatorial Guinea,GNQ,-3000,0
Equatorial Guinea,GNQ,-2000,0
Equatorial Guinea,GNQ,-1000,0
Equatorial Guinea,GNQ,0,23355.36
Equatorial Guinea,GNQ,100,25643.701
Equatorial Guinea,GNQ,200,28143.871
Equatorial Guinea,GNQ,300,30873.176
Equatorial Guinea,GNQ,400,33849.844
Equatorial Guinea,GNQ,500,37092.957
Equatorial Guinea,GNQ,600,40622.324
Equatorial Guinea,GNQ,700,44458.3
Equatorial Guinea,GNQ,800,48621.523
Equatorial Guinea,GNQ,900,53796.723
Equatorial Guinea,GNQ,1000,58736.535
Equatorial Guinea,GNQ,1100,57660.926
Equatorial Guinea,GNQ,1200,56543.617
Equatorial Guinea,GNQ,1300,83070.47
Equatorial Guinea,GNQ,1400,94790.445
Equatorial Guinea,GNQ,1500,105788.34
Equatorial Guinea,GNQ,1600,109562.8
Equatorial Guinea,GNQ,1700,112838.19
Equatorial Guinea,GNQ,1710,113077.516
Equatorial Guinea,GNQ,1720,113313.63
Equatorial Guinea,GNQ,1730,113577.34
Equatorial Guinea,GNQ,1740,113872.14
Equatorial Guinea,GNQ,1750,114202.164
Equatorial Guinea,GNQ,1760,114572.375
Equatorial Guinea,GNQ,1770,114988.805
Equatorial Guinea,GNQ,1780,115458.83
Equatorial Guinea,GNQ,1790,115991.6
Equatorial Guinea,GNQ,1800,116598.734
Equatorial Guinea,GNQ,1810,117295.13
Equatorial Guinea,GNQ,1820,118100.43
Equatorial Guinea,GNQ,1830,119041.15
Equatorial Guinea,GNQ,1840,120154.31
Equatorial Guinea,GNQ,1850,121493.64
Equatorial Guinea,GNQ,1860,123141.28
Equatorial Guinea,GNQ,1870,125231.57
Equatorial Guinea,GNQ,1880,128006.04
Equatorial Guinea,GNQ,1890,131965.31
Equatorial Guinea,GNQ,1900,138428.84
Equatorial Guinea,GNQ,1910,153270.52
Equatorial Guinea,GNQ,1920,161602.48
Equatorial Guinea,GNQ,1930,169866.97
Equatorial Guinea,GNQ,1940,178063.22
Equatorial Guinea,GNQ,1950,186190.48
Equatorial Guinea,GNQ,1951,190396.53
Equatorial Guinea,GNQ,1952,192913.22
Equatorial Guinea,GNQ,1953,194515.89
Equatorial Guinea,GNQ,1954,195815.58
Equatorial Guinea,GNQ,1955,197249.33
Equatorial Guinea,GNQ,1956,199066.6
Equatorial Guinea,GNQ,1957,201366.55
Equatorial Guinea,GNQ,1958,204072.95
Equatorial Guinea,GNQ,1959,207015.81
Equatorial Guinea,GNQ,1960,210000
Equatorial Guinea,GNQ,1961,210000
Equatorial Guinea,GNQ,1962,215000
Equatorial Guinea,GNQ,1963,220000
Equatorial Guinea,GNQ,1964,221000
Equatorial Guinea,GNQ,1965,221000
Equatorial Guinea,GNQ,1966,225000
Equatorial Guinea,GNQ,1967,225000
Equatorial Guinea,GNQ,1968,225000
Equatorial Guinea,GNQ,1969,225000
Equatorial Guinea,GNQ,1970,225000
Equatorial Guinea,GNQ,1971,230000
Equatorial Guinea,GNQ,1972,230000
Equatorial Guinea,GNQ,1973,230000
Equatorial Guinea,GNQ,1974,230000
Equatorial Guinea,GNQ,1975,230000
Equatorial Guinea,GNQ,1976,230000
Equatorial Guinea,GNQ,1977,230000
Equatorial Guinea,GNQ,1978,230000
Equatorial Guinea,GNQ,1979,230000
Equatorial Guinea,GNQ,1980,230000
Equatorial Guinea,GNQ,1981,230000
Equatorial Guinea,GNQ,1982,230000
Equatorial Guinea,GNQ,1983,230000
Equatorial Guinea,GNQ,1984,230000
Equatorial Guinea,GNQ,1985,230000
Equatorial Guinea,GNQ,1986,230000
Equatorial Guinea,GNQ,1987,230000
Equatorial Guinea,GNQ,1988,230000
Equatorial Guinea,GNQ,1989,230000
Equatorial Guinea,GNQ,1990,230000
Equatorial Guinea,GNQ,1991,230000
Equatorial Guinea,GNQ,1992,230000
Equatorial Guinea,GNQ,1993,230000
Equatorial Guinea,GNQ,1994,230000
Equatorial Guinea,GNQ,1995,230000
Equatorial Guinea,GNQ,1996,230000
Equatorial Guinea,GNQ,1997,230000
Equatorial Guinea,GNQ,1998,230000
Equatorial Guinea,GNQ,1999,230000
Equatorial Guinea,GNQ,2000,230000
Equatorial Guinea,GNQ,2001,230000
Equatorial Guinea,GNQ,2002,220000
Equatorial Guinea,GNQ,2003,220000
Equatorial Guinea,GNQ,2004,220000
Equatorial Guinea,GNQ,2005,220000
Equatorial Guinea,GNQ,2006,210000
Equatorial Guinea,GNQ,2007,210000
Equatorial Guinea,GNQ,2008,205000
Equatorial Guinea,GNQ,2009,190000
Equatorial Guinea,GNQ,2010,190000
Equatorial Guinea,GNQ,2011,180000
Equatorial Guinea,GNQ,2012,180000
Equatorial Guinea,GNQ,2013,180000
Equatorial Guinea,GNQ,2014,180000
Equatorial Guinea,GNQ,2015,180000
Equatorial Guinea,GNQ,2016,180000
Equatorial Guinea,GNQ,2017,180000
Equatorial Guinea,GNQ,2018,180000
Equatorial Guinea,GNQ,2019,180000
Equatorial Guinea,GNQ,2020,180000
Equatorial Guinea,GNQ,2021,180000
Equatorial Guinea,GNQ,2022,180000
Equatorial Guinea,GNQ,2023,180000
Eritrea,ERI,-10000,0
Eritrea,ERI,-9000,0
Eritrea,ERI,-8000,0
Eritrea,ERI,-7000,0
Eritrea,ERI,-6000,0
Eritrea,ERI,-5000,0
Eritrea,ERI,-4000,0
Eritrea,ERI,-3000,0
Eritrea,ERI,-2000,0
Eritrea,ERI,-1000,0
Eritrea,ERI,0,12383.425
Eritrea,ERI,100,13310.113
Eritrea,ERI,200,14305.984
Eritrea,ERI,300,15376.191
Eritrea,ERI,400,16526.266
Eritrea,ERI,500,17762.15
Eritrea,ERI,600,19090.23
Eritrea,ERI,700,20517.365
Eritrea,ERI,800,22050.916
Eritrea,ERI,900,23228.584
Eritrea,ERI,1000,24401.06
Eritrea,ERI,1100,28003.39
Eritrea,ERI,1200,31590.363
Eritrea,ERI,1300,37182.68
Eritrea,ERI,1400,42750.957
Eritrea,ERI,1500,48295.04
Eritrea,ERI,1600,54216.375
Eritrea,ERI,1700,60111.49
Eritrea,ERI,1710,61214.734
Eritrea,ERI,1720,62440.465
Eritrea,ERI,1730,63746.832
Eritrea,ERI,1740,65143.13
Eritrea,ERI,1750,66640.2
Eritrea,ERI,1760,68250.85
Eritrea,ERI,1770,69990.26
Eritrea,ERI,1780,71876.64
Eritrea,ERI,1790,73932.04
Eritrea,ERI,1800,76183.414
Eritrea,ERI,1810,78664.2
Eritrea,ERI,1820,81416.44
Eritrea,ERI,1830,84493.81
Eritrea,ERI,1840,87966.21
Eritrea,ERI,1850,91926.63
Eritrea,ERI,1860,96502.016
Eritrea,ERI,1870,101871.055
Eritrea,ERI,1880,108295.05
Eritrea,ERI,1890,116174.516
Eritrea,ERI,1900,126162.09
Eritrea,ERI,1910,139411.94
Eritrea,ERI,1920,158216.9
Eritrea,ERI,1930,188028.14
Eritrea,ERI,1940,246733.08
Eritrea,ERI,1950,470933
Eritrea,ERI,1951,478200.06
Eritrea,ERI,1952,486328.06
Eritrea,ERI,1953,495217.7
Eritrea,ERI,1954,504796.62
Eritrea,ERI,1955,515013.78
Eritrea,ERI,1956,525862.06
Eritrea,ERI,1957,537346.8
Eritrea,ERI,1958,549510.06
Eritrea,ERI,1959,562410.7
Eritrea,ERI,1960,576090.7
Eritrea,ERI,1961,576090.7
Eritrea,ERI,1962,599312.9
Eritrea,ERI,1963,608391.1
Eritrea,ERI,1964,608391.1
Eritrea,ERI,1965,628202.7
Eritrea,ERI,1966,635475.3
Eritrea,ERI,1967,641995.56
Eritrea,ERI,1968,650522.06
Eritrea,ERI,1969,664565.75
Eritrea,ERI,1970,664565.75
Eritrea,ERI,1971,677104.7
Eritrea,ERI,1972,688640.5
Eritrea,ERI,1973,688640.5
Eritrea,ERI,1974,688640.5
Eritrea,ERI,1975,688640.5
Eritrea,ERI,1976,688640.5
Eritrea,ERI,1977,690145.2
Eritrea,ERI,1978,691599.75
Eritrea,ERI,1979,693505.7
Eritrea,ERI,1980,687888.2
Eritrea,ERI,1981,677606.25
Eritrea,ERI,1982,667324.25
Eritrea,ERI,1983,656942
Eritrea,ERI,1984,636478.44
Eritrea,ERI,1985,628955
Eritrea,ERI,1986,616165.25
Eritrea,ERI,1987,600867.75
Eritrea,ERI,1988,590585.75
Eritrea,ERI,1989,580303.8
Eritrea,ERI,1990,572379.1
Eritrea,ERI,1991,567162.94
Eritrea,ERI,1992,567012.44
Eritrea,ERI,1993,500000
Eritrea,ERI,1994,439000
Eritrea,ERI,1995,440000
Eritrea,ERI,1996,371000
Eritrea,ERI,1997,393000
Eritrea,ERI,1998,500000
Eritrea,ERI,1999,500000
Eritrea,ERI,2000,563000
Eritrea,ERI,2001,565000
Eritrea,ERI,2002,565000
Eritrea,ERI,2003,600000
Eritrea,ERI,2004,600000
Eritrea,ERI,2005,622000
Eritrea,ERI,2006,672000
Eritrea,ERI,2007,672000
Eritrea,ERI,2008,672000
Eritrea,ERI,2009,692000
Eritrea,ERI,2010,692000
Eritrea,ERI,2011,692000
Eritrea,ERI,2012,692000
Eritrea,ERI,2013,692000
Eritrea,ERI,2014,692000
Eritrea,ERI,2015,692000
Eritrea,ERI,2016,692000
Eritrea,ERI,2017,692000
Eritrea,ERI,2018,692000
Eritrea,ERI,2019,692000
Eritrea,ERI,2020,692000
Eritrea,ERI,2021,692000
Eritrea,ERI,2022,692000
Eritrea,ERI,2023,692000
Estonia,EST,-10000,0
Estonia,EST,-9000,0
Estonia,EST,-8000,0
Estonia,EST,-7000,0
Estonia,EST,-6000,0
Estonia,EST,-5000,0
Estonia,EST,-4000,0
Estonia,EST,-3000,0
Estonia,EST,-2000,2468.3616
Estonia,EST,-1000,9873.446
Estonia,EST,0,39493.785
Estonia,EST,100,83144.805
Estonia,EST,200,85995.875
Estonia,EST,300,88857.695
Estonia,EST,400,91714.336
Estonia,EST,500,94546.32
Estonia,EST,600,97329.766
Estonia,EST,700,100035.35
Estonia,EST,800,102626.84
Estonia,EST,900,105059.22
Estonia,EST,1000,107275.94
Estonia,EST,1100,109205.2
Estonia,EST,1200,110754.21
Estonia,EST,1300,111800.586
Estonia,EST,1400,112178.21
Estonia,EST,1500,111652.98
Estonia,EST,1600,109877.11
Estonia,EST,1700,106292.82
Estonia,EST,1710,122804.664
Estonia,EST,1720,141839.78
Estonia,EST,1730,163774.27
Estonia,EST,1740,189037.92
Estonia,EST,1750,218121.39
Estonia,EST,1760,251584.08
Estonia,EST,1770,290062.75
Estonia,EST,1780,334280.97
Estonia,EST,1790,385059.44
Estonia,EST,1800,443327.06
Estonia,EST,1810,510132.22
Estonia,EST,1820,574682.56
Estonia,EST,1830,646980.94
Estonia,EST,1840,727857.94
Estonia,EST,1850,818206.3
Estonia,EST,1860,918977.06
Estonia,EST,1870,938366.2
Estonia,EST,1880,957141.4
Estonia,EST,1890,975120.9
Estonia,EST,1900,992089.06
Estonia,EST,1910,1007788.56
Estonia,EST,1920,1034321.1
Estonia,EST,1930,1059346.2
Estonia,EST,1940,1082318.5
Estonia,EST,1950,1102546.8
Estonia,EST,1951,1110963.1
Estonia,EST,1952,1119010
Estonia,EST,1953,1126619.1
Estonia,EST,1954,1133767.2
Estonia,EST,1955,1140519.4
Estonia,EST,1956,1147012.5
Estonia,EST,1957,1153448.8
Estonia,EST,1958,1160081.4
Estonia,EST,1959,1167201.2
Estonia,EST,1960,1175026.8
Estonia,EST,1961,1175027.1
Estonia,EST,1962,1177477.4
Estonia,EST,1963,1168657.4
Estonia,EST,1964,1161797.5
Estonia,EST,1965,1159102.6
Estonia,EST,1966,1146117.6
Estonia,EST,1967,1144402.8
Estonia,EST,1968,1142198
Estonia,EST,1969,1143668.1
Estonia,EST,1970,1141708.2
Estonia,EST,1971,1140728.4
Estonia,EST,1972,1139748.5
Estonia,EST,1973,1138278.6
Estonia,EST,1974,1141218.8
Estonia,EST,1975,1138768.9
Estonia,EST,1976,1139259
Estonia,EST,1977,1139749
Estonia,EST,1978,1136809.1
Estonia,EST,1979,1133869.2
Estonia,EST,1980,1134442.6
Estonia,EST,1981,1135339.5
Estonia,EST,1982,1135584.6
Estonia,EST,1983,1136319.8
Estonia,EST,1984,1135271.2
Estonia,EST,1985,1135883.8
Estonia,EST,1986,1136442.4
Estonia,EST,1987,1137113.8
Estonia,EST,1988,1134556
Estonia,EST,1989,1126667
Estonia,EST,1990,1121718.1
Estonia,EST,1991,1121718.1
Estonia,EST,1992,1126999.4
Estonia,EST,1993,1076998.9
Estonia,EST,1994,960999.3
Estonia,EST,1995,885999.44
Estonia,EST,1996,895999.5
Estonia,EST,1997,899999.5
Estonia,EST,1998,898999.6
Estonia,EST,1999,870999.6
Estonia,EST,2000,854999.7
Estonia,EST,2001,695999.75
Estonia,EST,2002,631199.75
Estonia,EST,2003,560700
Estonia,EST,2004,534100
Estonia,EST,2005,602899.8
Estonia,EST,2006,568000
Estonia,EST,2007,607599.8
Estonia,EST,2008,605799.75
Estonia,EST,2009,604499.7
Estonia,EST,2010,652100
Estonia,EST,2011,639400
Estonia,EST,2012,627300
Estonia,EST,2013,641000
Estonia,EST,2014,657000
Estonia,EST,2015,678000
Estonia,EST,2016,699000
Estonia,EST,2017,688000
Estonia,EST,2018,713400
Estonia,EST,2019,727000
Estonia,EST,2020,740600
Estonia,EST,2021,754200
Estonia,EST,2022,767800
Estonia,EST,2023,781400
Eswatini,SWZ,-10000,0
Eswatini,SWZ,-9000,0
Eswatini,SWZ,-8000,0
Eswatini,SWZ,-7000,0
Eswatini,SWZ,-6000,0
Eswatini,SWZ,-5000,0
Eswatini,SWZ,-4000,0
Eswatini,SWZ,-3000,0
Eswatini,SWZ,-2000,0
Eswatini,SWZ,-1000,0
Eswatini,SWZ,0,0
Eswatini,SWZ,100,0
Eswatini,SWZ,200,0
Eswatini,SWZ,300,0
Eswatini,SWZ,400,0
Eswatini,SWZ,500,0
Eswatini,SWZ,600,0
Eswatini,SWZ,700,0
Eswatini,SWZ,800,0
Eswatini,SWZ,900,0
Eswatini,SWZ,1000,0
Eswatini,SWZ,1100,2832.5444
Eswatini,SWZ,1200,3290.9175
Eswatini,SWZ,1300,3745.2397
Eswatini,SWZ,1400,4195.4585
Eswatini,SWZ,1500,4641.519
Eswatini,SWZ,1600,5391.4497
Eswatini,SWZ,1700,7667.977
Eswatini,SWZ,1710,8924.526
Eswatini,SWZ,1720,9679.849
Eswatini,SWZ,1730,10499.798
Eswatini,SWZ,1740,11389.957
Eswatini,SWZ,1750,12356.394
Eswatini,SWZ,1760,13405.707
Eswatini,SWZ,1770,14545.068
Eswatini,SWZ,1780,15782.277
Eswatini,SWZ,1790,17125.812
Eswatini,SWZ,1800,18584.895
Eswatini,SWZ,1810,20169.549
Eswatini,SWZ,1820,21890.678
Eswatini,SWZ,1830,23760.133
Eswatini,SWZ,1840,25790.81
Eswatini,SWZ,1850,27996.734
Eswatini,SWZ,1860,30393.152
Eswatini,SWZ,1870,32996.645
Eswatini,SWZ,1880,35825.26
Eswatini,SWZ,1890,38898.62
Eswatini,SWZ,1900,42238.066
Eswatini,SWZ,1910,45866.816
Eswatini,SWZ,1920,49810.137
Eswatini,SWZ,1930,54095.5
Eswatini,SWZ,1940,58752.8
Eswatini,SWZ,1950,98559.14
Eswatini,SWZ,1951,100702.18
Eswatini,SWZ,1952,103001.33
Eswatini,SWZ,1953,105467.04
Eswatini,SWZ,1954,108100
Eswatini,SWZ,1955,110888.63
Eswatini,SWZ,1956,113812.37
Eswatini,SWZ,1957,116828.21
Eswatini,SWZ,1958,119893.58
Eswatini,SWZ,1959,122965.15
Eswatini,SWZ,1960,126000
Eswatini,SWZ,1961,126000
Eswatini,SWZ,1962,136000
Eswatini,SWZ,1963,132000
Eswatini,SWZ,1964,135000
Eswatini,SWZ,1965,142000
Eswatini,SWZ,1966,151000
Eswatini,SWZ,1967,155000
Eswatini,SWZ,1968,156000
Eswatini,SWZ,1969,152000
Eswatini,SWZ,1970,152000
Eswatini,SWZ,1971,152000
Eswatini,SWZ,1972,171000
Eswatini,SWZ,1973,171000
Eswatini,SWZ,1974,158000
Eswatini,SWZ,1975,170000
Eswatini,SWZ,1976,165000
Eswatini,SWZ,1977,153000
Eswatini,SWZ,1978,194000
Eswatini,SWZ,1979,190000
Eswatini,SWZ,1980,189000
Eswatini,SWZ,1981,142000
Eswatini,SWZ,1982,141000
Eswatini,SWZ,1983,141000
Eswatini,SWZ,1984,179000
Eswatini,SWZ,1985,164000
Eswatini,SWZ,1986,164000
Eswatini,SWZ,1987,177000
Eswatini,SWZ,1988,190000
Eswatini,SWZ,1989,204000
Eswatini,SWZ,1990,192000
Eswatini,SWZ,1991,195000
Eswatini,SWZ,1992,191000
Eswatini,SWZ,1993,190000
Eswatini,SWZ,1994,190000
Eswatini,SWZ,1995,190000
Eswatini,SWZ,1996,190000
Eswatini,SWZ,1997,191000
Eswatini,SWZ,1998,191000
Eswatini,SWZ,1999,191000
Eswatini,SWZ,2000,191000
Eswatini,SWZ,2001,192000
Eswatini,SWZ,2002,192000
Eswatini,SWZ,2003,192000
Eswatini,SWZ,2004,192000
Eswatini,SWZ,2005,192000
Eswatini,SWZ,2006,192000
Eswatini,SWZ,2007,192000
Eswatini,SWZ,2008,192000
Eswatini,SWZ,2009,190000
Eswatini,SWZ,2010,190000
Eswatini,SWZ,2011,190000
Eswatini,SWZ,2012,190000
Eswatini,SWZ,2013,190000
Eswatini,SWZ,2014,190000
Eswatini,SWZ,2015,190000
Eswatini,SWZ,2016,190000
Eswatini,SWZ,2017,190000
Eswatini,SWZ,2018,190000
Eswatini,SWZ,2019,190000
Eswatini,SWZ,2020,190000
Eswatini,SWZ,2021,190000
Eswatini,SWZ,2022,190000
Eswatini,SWZ,2023,190000
Ethiopia,ETH,-10000,0
Ethiopia,ETH,-9000,0
Ethiopia,ETH,-8000,0
Ethiopia,ETH,-7000,0
Ethiopia,ETH,-6000,0
Ethiopia,ETH,-5000,0
Ethiopia,ETH,-4000,0
Ethiopia,ETH,-3000,0
Ethiopia,ETH,-2000,0
Ethiopia,ETH,-1000,0
Ethiopia,ETH,0,235976.38
Ethiopia,ETH,100,288532.38
Ethiopia,ETH,200,352793.47
Ethiopia,ETH,300,431366.6
Ethiopia,ETH,400,527439.4
Ethiopia,ETH,500,644909.2
Ethiopia,ETH,600,788541.5
Ethiopia,ETH,700,964163.2
Ethiopia,ETH,800,1178898.9
Ethiopia,ETH,900,1178898.9
Ethiopia,ETH,1000,1178898.9
Ethiopia,ETH,1100,1178898.9
Ethiopia,ETH,1200,1178898.9
Ethiopia,ETH,1300,1178898.9
Ethiopia,ETH,1400,1178898.9
Ethiopia,ETH,1500,1178898.9
Ethiopia,ETH,1600,1178898.9
Ethiopia,ETH,1700,1178898.9
Ethiopia,ETH,1710,1204598.9
Ethiopia,ETH,1720,1230298.9
Ethiopia,ETH,1730,1255998.9
Ethiopia,ETH,1740,1281698.9
Ethiopia,ETH,1750,1307398.9
Ethiopia,ETH,1760,1333098.9
Ethiopia,ETH,1770,1358798.9
Ethiopia,ETH,1780,1384498.9
Ethiopia,ETH,1790,1410198.9
Ethiopia,ETH,1800,1435898.9
Ethiopia,ETH,1810,1461598.9
Ethiopia,ETH,1820,1487298.9
Ethiopia,ETH,1830,2070951.5
Ethiopia,ETH,1840,2654604.5
Ethiopia,ETH,1850,3238257.2
Ethiopia,ETH,1860,3821910.2
Ethiopia,ETH,1870,4405563
Ethiopia,ETH,1880,4989215.5
Ethiopia,ETH,1890,5572868.5
Ethiopia,ETH,1900,6156521
Ethiopia,ETH,1910,6740174
Ethiopia,ETH,1920,7323826.5
Ethiopia,ETH,1930,7907479.5
Ethiopia,ETH,1940,8491132
Ethiopia,ETH,1950,9074785
Ethiopia,ETH,1951,9244962
Ethiopia,ETH,1952,9421548
Ethiopia,ETH,1953,9604071
Ethiopia,ETH,1954,9792166
Ethiopia,ETH,1955,9986045
Ethiopia,ETH,1956,10186555
Ethiopia,ETH,1957,10395132
Ethiopia,ETH,1958,10613695
Ethiopia,ETH,1959,10844462
Ethiopia,ETH,1960,11089408
Ethiopia,ETH,1961,11349688
Ethiopia,ETH,1962,11349688
Ethiopia,ETH,1963,11521609
Ethiopia,ETH,1964,11521609
Ethiopia,ETH,1965,11896798
Ethiopia,ETH,1966,12034525
Ethiopia,ETH,1967,12158005
Ethiopia,ETH,1968,12319478
Ethiopia,ETH,1969,12585434
Ethiopia,ETH,1970,12585434
Ethiopia,ETH,1971,12822895
Ethiopia,ETH,1972,13041359
Ethiopia,ETH,1973,13041359
Ethiopia,ETH,1974,13041359
Ethiopia,ETH,1975,13041359
Ethiopia,ETH,1976,13041359
Ethiopia,ETH,1977,13069855
Ethiopia,ETH,1978,13097400
Ethiopia,ETH,1979,13133494
Ethiopia,ETH,1980,13027112
Ethiopia,ETH,1981,12832394
Ethiopia,ETH,1982,12637676
Ethiopia,ETH,1983,12441058
Ethiopia,ETH,1984,12053522
Ethiopia,ETH,1985,11911045
Ethiopia,ETH,1986,11668834
Ethiopia,ETH,1987,11379132
Ethiopia,ETH,1988,11184414
Ethiopia,ETH,1989,10989696
Ethiopia,ETH,1990,10839621
Ethiopia,ETH,1991,10740837
Ethiopia,ETH,1992,10737988
Ethiopia,ETH,1993,10540000
Ethiopia,ETH,1994,10472000
Ethiopia,ETH,1995,10500000
Ethiopia,ETH,1996,10500000
Ethiopia,ETH,1997,10492000
Ethiopia,ETH,1998,10508000
Ethiopia,ETH,1999,10676000
Ethiopia,ETH,2000,10662000
Ethiopia,ETH,2001,10605400
Ethiopia,ETH,2002,10498000
Ethiopia,ETH,2003,11607000
Ethiopia,ETH,2004,13101000
Ethiopia,ETH,2005,13591000
Ethiopia,ETH,2006,14219000
Ethiopia,ETH,2007,15077000
Ethiopia,ETH,2008,14513000
Ethiopia,ETH,2009,14985000
Ethiopia,ETH,2010,15683000
Ethiopia,ETH,2011,16325200
Ethiopia,ETH,2012,16488000
Ethiopia,ETH,2013,16699000
Ethiopia,ETH,2014,16910000
Ethiopia,ETH,2015,17121000
Ethiopia,ETH,2016,17332000
Ethiopia,ETH,2017,17540100
Ethiopia,ETH,2018,17751680
Ethiopia,ETH,2019,17962100
Ethiopia,ETH,2020,18172520
Ethiopia,ETH,2021,18382940
Ethiopia,ETH,2022,18593360
Ethiopia,ETH,2023,18803780
Europe,,-10000,0
Europe,,-9000,0
Europe,,-8000,0
Europe,,-7000,0
Europe,,-6000,82675.09
Europe,,-5000,752308.25
Europe,,-4000,2057326
Europe,,-3000,4654168
Europe,,-2000,8827441
Europe,,-1000,16246924
Europe,,0,36575660
Europe,,100,38738520
Europe,,200,39361810
Europe,,300,37333550
Europe,,400,35036212
Europe,,500,29686234
Europe,,600,25066844
Europe,,700,27304236
Europe,,800,31098986
Europe,,900,36877230
Europe,,1000,42302440
Europe,,1100,54905410
Europe,,1200,72993850
Europe,,1300,87540190
Europe,,1400,64144760
Europe,,1500,78903280
Europe,,1600,94660500
Europe,,1700,103015580
Europe,,1710,109594450
Europe,,1720,115404720
Europe,,1730,121199896
Europe,,1740,127043320
Europe,,1750,132289580
Europe,,1760,137241360
Europe,,1770,142204210
Europe,,1780,147493010
Europe,,1790,152826100
Europe,,1800,158098820
Europe,,1810,164753660
Europe,,1820,172293220
Europe,,1830,180481540
Europe,,1840,195387840
Europe,,1850,205581100
Europe,,1860,219219900
Europe,,1870,231316690
Europe,,1880,250886880
Europe,,1890,271495040
Europe,,1900,291980030
Europe,,1910,328462430
Europe,,1920,317594750
Europe,,1930,337452700
Europe,,1940,371752860
Europe,,1950,324884300
Europe,,1951,326741150
Europe,,1952,328923100
Europe,,1953,331453500
Europe,,1954,333800480
Europe,,1955,336211170
Europe,,1956,338563360
Europe,,1957,340874180
Europe,,1958,343110660
Europe,,1959,344147700
Europe,,1960,342248480
Europe,,1961,343141380
Europe,,1962,343272160
Europe,,1963,341462000
Europe,,1964,339208130
Europe,,1965,338304960
Europe,,1966,335182820
Europe,,1967,334462530
Europe,,1968,333317500
Europe,,1969,333286900
Europe,,1970,332083600
Europe,,1971,329480260
Europe,,1972,328831140
Europe,,1973,328014560
Europe,,1974,328440350
Europe,,1975,327609820
Europe,,1976,327378750
Europe,,1977,327303100
Europe,,1978,327020100
Europe,,1979,326063200
Europe,,1980,325713100
Europe,,1981,325549280
Europe,,1982,325536600
Europe,,1983,325377100
Europe,,1984,325413630
Europe,,1985,325401200
Europe,,1986,325423940
Europe,,1987,325487420
Europe,,1988,324561060
Europe,,1989,322290560
Europe,,1990,321244670
Europe,,1991,320153380
Europe,,1992,318775700
Europe,,1993,315314050
Europe,,1994,313555200
Europe,,1995,310849630
Europe,,1996,309696260
Europe,,1997,310950140
Europe,,1998,308287100
Europe,,1999,306090430
Europe,,2000,304472900
Europe,,2001,300818460
Europe,,2002,299025280
Europe,,2003,296797250
Europe,,2004,296258430
Europe,,2005,295418370
Europe,,2006,294718880
Europe,,2007,292930100
Europe,,2008,293610940
Europe,,2009,293291900
Europe,,2010,292106100
Europe,,2011,291815870
Europe,,2012,292498080
Europe,,2013,291024900
Europe,,2014,290963940
Europe,,2015,290036770
Europe,,2016,290966400
Europe,,2017,291951140
Europe,,2018,292113950
Europe,,2019,288832540
Europe,,2020,288544500
Europe,,2021,288024580
Europe,,2022,287736860
Europe,,2023,287449150
Europe (excl. Russia),,-10000,0
Europe (excl. Russia),,-9000,0
Europe (excl. Russia),,-8000,0
Europe (excl. Russia),,-7000,0
Europe (excl. Russia),,-6000,82675.09
Europe (excl. Russia),,-5000,752308.25
Europe (excl. Russia),,-4000,1748824.2
Europe (excl. Russia),,-3000,3689580.8
Europe (excl. Russia),,-2000,7585286.5
Europe (excl. Russia),,-1000,14794841
Europe (excl. Russia),,0,34875824
Europe (excl. Russia),,100,36826200
Europe (excl. Russia),,200,37237012
Europe (excl. Russia),,300,34996270
Europe (excl. Russia),,400,32486456
Europe (excl. Russia),,500,27136476
Europe (excl. Russia),,600,22517086
Europe (excl. Russia),,700,24541996
Europe (excl. Russia),,800,28060516
Europe (excl. Russia),,900,33621732
Europe (excl. Russia),,1000,38823424
Europe (excl. Russia),,1100,49686892
Europe (excl. Russia),,1200,65087790
Europe (excl. Russia),,1300,79358050
Europe (excl. Russia),,1400,55962616
Europe (excl. Russia),,1500,68364590
Europe (excl. Russia),,1600,81420264
Europe (excl. Russia),,1700,88009980
Europe (excl. Russia),,1710,91328000
Europe (excl. Russia),,1720,93877656
Europe (excl. Russia),,1730,96413230
Europe (excl. Russia),,1740,99234590
Europe (excl. Russia),,1750,101987330
Europe (excl. Russia),,1760,104445576
Europe (excl. Russia),,1770,106914890
Europe (excl. Russia),,1780,109710150
Europe (excl. Russia),,1790,112549704
Europe (excl. Russia),,1800,115328900
Europe (excl. Russia),,1810,119490024
Europe (excl. Russia),,1820,124615550
Europe (excl. Russia),,1830,130124060
Europe (excl. Russia),,1840,136992960
Europe (excl. Russia),,1850,142951580
Europe (excl. Russia),,1860,148257900
Europe (excl. Russia),,1870,154992480
Europe (excl. Russia),,1880,163950540
Europe (excl. Russia),,1890,172458750
Europe (excl. Russia),,1900,181483140
Europe (excl. Russia),,1910,191942460
Europe (excl. Russia),,1920,191788480
Europe (excl. Russia),,1930,197764270
Europe (excl. Russia),,1940,201532160
Europe (excl. Russia),,1950,206202030
Europe (excl. Russia),,1951,206166510
Europe (excl. Russia),,1952,206281420
Europe (excl. Russia),,1953,206632690
Europe (excl. Russia),,1954,206741090
Europe (excl. Russia),,1955,206896380
Europe (excl. Russia),,1956,207008350
Europe (excl. Russia),,1957,207115920
Europe (excl. Russia),,1958,207198600
Europe (excl. Russia),,1959,207241820
Europe (excl. Russia),,1960,202072160
Europe (excl. Russia),,1961,202965090
Europe (excl. Russia),,1962,202803550
Europe (excl. Russia),,1963,202045650
Europe (excl. Russia),,1964,200610110
Europe (excl. Russia),,1965,200028480
Europe (excl. Russia),,1966,198455380
Europe (excl. Russia),,1967,197939680
Europe (excl. Russia),,1968,197057730
Europe (excl. Russia),,1969,196851760
Europe (excl. Russia),,1970,195882240
Europe (excl. Russia),,1971,193395820
Europe (excl. Russia),,1972,192863620
Europe (excl. Russia),,1973,192222430
Europe (excl. Russia),,1974,192297460
Europe (excl. Russia),,1975,191759220
Europe (excl. Russia),,1976,191469700
Europe (excl. Russia),,1977,191335570
Europe (excl. Russia),,1978,191403340
Europe (excl. Russia),,1979,190797180
Europe (excl. Russia),,1980,190378640
Europe (excl. Russia),,1981,190107890
Europe (excl. Russia),,1982,190065970
Europe (excl. Russia),,1983,189818770
Europe (excl. Russia),,1984,189980380
Europe (excl. Russia),,1985,189894910
Europe (excl. Russia),,1986,189851000
Europe (excl. Russia),,1987,189834420
Europe (excl. Russia),,1988,189213180
Europe (excl. Russia),,1989,187883800
Europe (excl. Russia),,1990,187428300
Europe (excl. Russia),,1991,186337010
Europe (excl. Russia),,1992,185067710
Europe (excl. Russia),,1993,184019070
Europe (excl. Russia),,1994,183151200
Europe (excl. Russia),,1995,181449630
Europe (excl. Russia),,1996,181723230
Europe (excl. Russia),,1997,181566140
Europe (excl. Russia),,1998,180328130
Europe (excl. Russia),,1999,179270430
Europe (excl. Russia),,2000,178234910
Europe (excl. Russia),,2001,175100460
Europe (excl. Russia),,2002,173725300
Europe (excl. Russia),,2003,172424260
Europe (excl. Russia),,2004,172302450
Europe (excl. Russia),,2005,171837380
Europe (excl. Russia),,2006,171347870
Europe (excl. Russia),,2007,169562110
Europe (excl. Russia),,2008,170168960
Europe (excl. Russia),,2009,169942900
Europe (excl. Russia),,2010,168807100
Europe (excl. Russia),,2011,168516880
Europe (excl. Russia),,2012,169249070
Europe (excl. Russia),,2013,167775900
Europe (excl. Russia),,2014,167714930
Europe (excl. Russia),,2015,166787780
Europe (excl. Russia),,2016,166358260
Europe (excl. Russia),,2017,166230930
Europe (excl. Russia),,2018,165889730
Europe (excl. Russia),,2019,165583550
Europe (excl. Russia),,2020,165295520
Europe (excl. Russia),,2021,164775570
Europe (excl. Russia),,2022,164487860
Europe (excl. Russia),,2023,164200160
Falkland Islands,FLK,-10000,0
Falkland Islands,FLK,-9000,0
Falkland Islands,FLK,-8000,0
Falkland Islands,FLK,-7000,0
Falkland Islands,FLK,-6000,0
Falkland Islands,FLK,-5000,0
Falkland Islands,FLK,-4000,0
Falkland Islands,FLK,-3000,0
Falkland Islands,FLK,-2000,0
Falkland Islands,FLK,-1000,0
Falkland Islands,FLK,0,0
Falkland Islands,FLK,100,0
Falkland Islands,FLK,200,0
Falkland Islands,FLK,300,0
Falkland Islands,FLK,400,0
Falkland Islands,FLK,500,0
Falkland Islands,FLK,600,0
Falkland Islands,FLK,700,0
Falkland Islands,FLK,800,0
Falkland Islands,FLK,900,0
Falkland Islands,FLK,1000,0
Falkland Islands,FLK,1100,0
Falkland Islands,FLK,1200,0
Falkland Islands,FLK,1300,0
Falkland Islands,FLK,1400,0
Falkland Islands,FLK,1500,0
Falkland Islands,FLK,1600,0
Falkland Islands,FLK,1700,0
Falkland Islands,FLK,1710,0
Falkland Islands,FLK,1720,0
Falkland Islands,FLK,1730,0
Falkland Islands,FLK,1740,0
Falkland Islands,FLK,1750,0
Falkland Islands,FLK,1760,0
Falkland Islands,FLK,1770,0
Falkland Islands,FLK,1780,0
Falkland Islands,FLK,1790,0
Falkland Islands,FLK,1800,0
Falkland Islands,FLK,1810,0
Falkland Islands,FLK,1820,0
Falkland Islands,FLK,1830,0
Falkland Islands,FLK,1840,0
Falkland Islands,FLK,1850,0
Falkland Islands,FLK,1860,0
Falkland Islands,FLK,1870,0
Falkland Islands,FLK,1880,0
Falkland Islands,FLK,1890,0
Falkland Islands,FLK,1900,0
Falkland Islands,FLK,1910,0
Falkland Islands,FLK,1920,0
Falkland Islands,FLK,1930,0
Falkland Islands,FLK,1940,0
Falkland Islands,FLK,1950,0
Falkland Islands,FLK,1951,0
Falkland Islands,FLK,1952,0
Falkland Islands,FLK,1953,0
Falkland Islands,FLK,1954,0
Falkland Islands,FLK,1955,0
Falkland Islands,FLK,1956,0
Falkland Islands,FLK,1957,0
Falkland Islands,FLK,1958,0
Falkland Islands,FLK,1959,0
Falkland Islands,FLK,1960,0
Falkland Islands,FLK,1961,0
Falkland Islands,FLK,1962,0
Falkland Islands,FLK,1963,0
Falkland Islands,FLK,1964,0
Falkland Islands,FLK,1965,0
Falkland Islands,FLK,1966,0
Falkland Islands,FLK,1967,0
Falkland Islands,FLK,1968,0
Falkland Islands,FLK,1969,0
Falkland Islands,FLK,1970,0
Falkland Islands,FLK,1971,0
Falkland Islands,FLK,1972,0
Falkland Islands,FLK,1973,0
Falkland Islands,FLK,1974,0
Falkland Islands,FLK,1975,0
Falkland Islands,FLK,1976,0
Falkland Islands,FLK,1977,0
Falkland Islands,FLK,1978,0
Falkland Islands,FLK,1979,0
Falkland Islands,FLK,1980,0
Falkland Islands,FLK,1981,0
Falkland Islands,FLK,1982,0
Falkland Islands,FLK,1983,0
Falkland Islands,FLK,1984,0
Falkland Islands,FLK,1985,0
Falkland Islands,FLK,1986,0
Falkland Islands,FLK,1987,0
Falkland Islands,FLK,1988,0
Falkland Islands,FLK,1989,0
Falkland Islands,FLK,1990,0
Falkland Islands,FLK,1991,0
Falkland Islands,FLK,1992,0
Falkland Islands,FLK,1993,0
Falkland Islands,FLK,1994,0
Falkland Islands,FLK,1995,0
Falkland Islands,FLK,1996,0
Falkland Islands,FLK,1997,0
Falkland Islands,FLK,1998,0
Falkland Islands,FLK,1999,0
Falkland Islands,FLK,2000,0
Falkland Islands,FLK,2001,0
Falkland Islands,FLK,2002,0
Falkland Islands,FLK,2003,0
Falkland Islands,FLK,2004,0
Falkland Islands,FLK,2005,0
Falkland Islands,FLK,2006,0
Falkland Islands,FLK,2007,0
Falkland Islands,FLK,2008,0
Falkland Islands,FLK,2009,0
Falkland Islands,FLK,2010,0
Falkland Islands,FLK,2011,0
Falkland Islands,FLK,2012,0
Falkland Islands,FLK,2013,0
Falkland Islands,FLK,2014,0
Falkland Islands,FLK,2015,0
Falkland Islands,FLK,2016,0
Falkland Islands,FLK,2017,0
Falkland Islands,FLK,2018,0
Falkland Islands,FLK,2019,0
Falkland Islands,FLK,2020,0
Falkland Islands,FLK,2021,0
Falkland Islands,FLK,2022,0
Falkland Islands,FLK,2023,0
Faroe Islands,FRO,-10000,0
Faroe Islands,FRO,-9000,0
Faroe Islands,FRO,-8000,0
Faroe Islands,FRO,-7000,0
Faroe Islands,FRO,-6000,0
Faroe Islands,FRO,-5000,0
Faroe Islands,FRO,-4000,0
Faroe Islands,FRO,-3000,0
Faroe Islands,FRO,-2000,0
Faroe Islands,FRO,-1000,0
Faroe Islands,FRO,0,0
Faroe Islands,FRO,100,33.45617
Faroe Islands,FRO,200,33.536415
Faroe Islands,FRO,300,33.583076
Faroe Islands,FRO,400,33.591972
Faroe Islands,FRO,500,33.558266
Faroe Islands,FRO,600,33.476303
Faroe Islands,FRO,700,33.339428
Faroe Islands,FRO,800,33.139698
Faroe Islands,FRO,900,32.86751
Faroe Islands,FRO,1000,32.511078
Faroe Islands,FRO,1100,32.05562
Faroe Islands,FRO,1200,31.482216
Faroe Islands,FRO,1300,30.765919
Faroe Islands,FRO,1400,29.872612
Faroe Islands,FRO,1500,28.753448
Faroe Islands,FRO,1600,27.3339
Faroe Islands,FRO,1700,25.489532
Faroe Islands,FRO,1710,31.528986
Faroe Islands,FRO,1720,38.98609
Faroe Islands,FRO,1730,48.189335
Faroe Islands,FRO,1740,59.541904
Faroe Islands,FRO,1750,73.53817
Faroe Islands,FRO,1760,90.78365
Faroe Islands,FRO,1770,112.01909
Faroe Islands,FRO,1780,138.14937
Faroe Islands,FRO,1790,170.27821
Faroe Islands,FRO,1800,209.74951
Faroe Islands,FRO,1810,258.1961
Faroe Islands,FRO,1820,317.5975
Faroe Islands,FRO,1830,390.34674
Faroe Islands,FRO,1840,479.3274
Faroe Islands,FRO,1850,588.0009
Faroe Islands,FRO,1860,720.5027
Faroe Islands,FRO,1870,881.7451
Faroe Islands,FRO,1880,1077.5205
Faroe Islands,FRO,1890,1314.595
Faroe Islands,FRO,1900,1600.7731
Faroe Islands,FRO,1910,1944.9005
Faroe Islands,FRO,1920,2154.7446
Faroe Islands,FRO,1930,2379.6108
Faroe Islands,FRO,1940,2617.6348
Faroe Islands,FRO,1950,2865.248
Faroe Islands,FRO,1951,2855.1567
Faroe Islands,FRO,1952,2853.8318
Faroe Islands,FRO,1953,2858.99
Faroe Islands,FRO,1954,2869.9937
Faroe Islands,FRO,1955,2885.8586
Faroe Islands,FRO,1956,2905.6157
Faroe Islands,FRO,1957,2927.2578
Faroe Islands,FRO,1958,2951.4382
Faroe Islands,FRO,1959,2975.1416
Faroe Islands,FRO,1960,3000
Faroe Islands,FRO,1961,3000
Faroe Islands,FRO,1962,3000
Faroe Islands,FRO,1963,3000
Faroe Islands,FRO,1964,3000
Faroe Islands,FRO,1965,3000
Faroe Islands,FRO,1966,3000
Faroe Islands,FRO,1967,3000
Faroe Islands,FRO,1968,3000
Faroe Islands,FRO,1969,3000
Faroe Islands,FRO,1970,3000
Faroe Islands,FRO,1971,3000
Faroe Islands,FRO,1972,3000
Faroe Islands,FRO,1973,3000
Faroe Islands,FRO,1974,3000
Faroe Islands,FRO,1975,3000
Faroe Islands,FRO,1976,3000
Faroe Islands,FRO,1977,3000
Faroe Islands,FRO,1978,3000
Faroe Islands,FRO,1979,3000
Faroe Islands,FRO,1980,3000
Faroe Islands,FRO,1981,3000
Faroe Islands,FRO,1982,3000
Faroe Islands,FRO,1983,3000
Faroe Islands,FRO,1984,3000
Faroe Islands,FRO,1985,3000
Faroe Islands,FRO,1986,3000
Faroe Islands,FRO,1987,3000
Faroe Islands,FRO,1988,3000
Faroe Islands,FRO,1989,3000
Faroe Islands,FRO,1990,3000
Faroe Islands,FRO,1991,3000
Faroe Islands,FRO,1992,3000
Faroe Islands,FRO,1993,3000
Faroe Islands,FRO,1994,3000
Faroe Islands,FRO,1995,3000
Faroe Islands,FRO,1996,3000
Faroe Islands,FRO,1997,3000
Faroe Islands,FRO,1998,3000
Faroe Islands,FRO,1999,3000
Faroe Islands,FRO,2000,3000
Faroe Islands,FRO,2001,3000
Faroe Islands,FRO,2002,3000
Faroe Islands,FRO,2003,3000
Faroe Islands,FRO,2004,3000
Faroe Islands,FRO,2005,3000
Faroe Islands,FRO,2006,3000
Faroe Islands,FRO,2007,3000
Faroe Islands,FRO,2008,3000
Faroe Islands,FRO,2009,3000
Faroe Islands,FRO,2010,3000
Faroe Islands,FRO,2011,3000
Faroe Islands,FRO,2012,3000
Faroe Islands,FRO,2013,3000
Faroe Islands,FRO,2014,3000
Faroe Islands,FRO,2015,3000
Faroe Islands,FRO,2016,3000
Faroe Islands,FRO,2017,3000
Faroe Islands,FRO,2018,3000
Faroe Islands,FRO,2019,3000
Faroe Islands,FRO,2020,3000
Faroe Islands,FRO,2021,3000
Faroe Islands,FRO,2022,3000
Faroe Islands,FRO,2023,3000
Fiji,FJI,-10000,0
Fiji,FJI,-9000,0
Fiji,FJI,-8000,0
Fiji,FJI,-7000,0
Fiji,FJI,-6000,0
Fiji,FJI,-5000,0
Fiji,FJI,-4000,0
Fiji,FJI,-3000,0
Fiji,FJI,-2000,0
Fiji,FJI,-1000,2811.189
Fiji,FJI,0,3112.5085
Fiji,FJI,100,3406.9736
Fiji,FJI,200,3726.6743
Fiji,FJI,300,4073.2246
Fiji,FJI,400,4448.204
Fiji,FJI,500,4853.108
Fiji,FJI,600,5289.278
Fiji,FJI,700,5757.814
Fiji,FJI,800,6259.0186
Fiji,FJI,900,6793.9873
Fiji,FJI,1000,7361.697
Fiji,FJI,1100,7960.513
Fiji,FJI,1200,8587.294
Fiji,FJI,1300,9236.758
Fiji,FJI,1400,9900.569
Fiji,FJI,1500,10565.969
Fiji,FJI,1600,11213.849
Fiji,FJI,1700,11814.167
Fiji,FJI,1710,12363.801
Fiji,FJI,1720,12937.666
Fiji,FJI,1730,13536.719
Fiji,FJI,1740,14161.934
Fiji,FJI,1750,14814.318
Fiji,FJI,1760,15494.9
Fiji,FJI,1770,16204.734
Fiji,FJI,1780,16944.895
Fiji,FJI,1790,17716.48
Fiji,FJI,1800,18520.602
Fiji,FJI,1810,19358.393
Fiji,FJI,1820,20287.197
Fiji,FJI,1830,21257.184
Fiji,FJI,1840,22269.842
Fiji,FJI,1850,23326.686
Fiji,FJI,1860,24429.23
Fiji,FJI,1870,25068.35
Fiji,FJI,1880,25719.027
Fiji,FJI,1890,26752.473
Fiji,FJI,1900,27761.652
Fiji,FJI,1910,36248.254
Fiji,FJI,1920,45342.6
Fiji,FJI,1930,55054.56
Fiji,FJI,1940,77375.27
Fiji,FJI,1950,101822.15
Fiji,FJI,1951,105525.54
Fiji,FJI,1952,109783.92
Fiji,FJI,1953,114448.98
Fiji,FJI,1954,119407.25
Fiji,FJI,1955,124579.82
Fiji,FJI,1956,129937.5
Fiji,FJI,1957,135496.4
Fiji,FJI,1958,141304.28
Fiji,FJI,1959,147447.5
Fiji,FJI,1960,154000
Fiji,FJI,1961,154000
Fiji,FJI,1962,154000
Fiji,FJI,1963,155000
Fiji,FJI,1964,155000
Fiji,FJI,1965,150000
Fiji,FJI,1966,150000
Fiji,FJI,1967,148000
Fiji,FJI,1968,146000
Fiji,FJI,1969,146000
Fiji,FJI,1970,146000
Fiji,FJI,1971,146000
Fiji,FJI,1972,150000
Fiji,FJI,1973,150000
Fiji,FJI,1974,150000
Fiji,FJI,1975,155000
Fiji,FJI,1976,160000
Fiji,FJI,1977,165000
Fiji,FJI,1978,170000
Fiji,FJI,1979,170000
Fiji,FJI,1980,170000
Fiji,FJI,1981,175000
Fiji,FJI,1982,180000
Fiji,FJI,1983,185000
Fiji,FJI,1984,190000
Fiji,FJI,1985,200000
Fiji,FJI,1986,200000
Fiji,FJI,1987,210000
Fiji,FJI,1988,220000
Fiji,FJI,1989,230000
Fiji,FJI,1990,240000
Fiji,FJI,1991,251000
Fiji,FJI,1992,260000
Fiji,FJI,1993,260000
Fiji,FJI,1994,260000
Fiji,FJI,1995,265000
Fiji,FJI,1996,265000
Fiji,FJI,1997,265000
Fiji,FJI,1998,255000
Fiji,FJI,1999,253000
Fiji,FJI,2000,253000
Fiji,FJI,2001,253000
Fiji,FJI,2002,253000
Fiji,FJI,2003,253000
Fiji,FJI,2004,253000
Fiji,FJI,2005,253000
Fiji,FJI,2006,253000
Fiji,FJI,2007,252000
Fiji,FJI,2008,253000
Fiji,FJI,2009,252600
Fiji,FJI,2010,250000
Fiji,FJI,2011,250000
Fiji,FJI,2012,250000
Fiji,FJI,2013,250000
Fiji,FJI,2014,250000
Fiji,FJI,2015,250000
Fiji,FJI,2016,250000
Fiji,FJI,2017,250000
Fiji,FJI,2018,250000
Fiji,FJI,2019,250000
Fiji,FJI,2020,250000
Fiji,FJI,2021,250000
Fiji,FJI,2022,250000
Fiji,FJI,2023,250000
Finland,FIN,-10000,0
Finland,FIN,-9000,0
Finland,FIN,-8000,0
Finland,FIN,-7000,0
Finland,FIN,-6000,0
Finland,FIN,-5000,0
Finland,FIN,-4000,0
Finland,FIN,-3000,37.28585
Finland,FIN,-2000,44.577656
Finland,FIN,-1000,9440.891
Finland,FIN,0,24881.521
Finland,FIN,100,18471.69
Finland,FIN,200,24365.508
Finland,FIN,300,30112.734
Finland,FIN,400,35702.508
Finland,FIN,500,41122.285
Finland,FIN,600,46357.43
Finland,FIN,700,51390.67
Finland,FIN,800,56201.38
Finland,FIN,900,68498.164
Finland,FIN,1000,80227.25
Finland,FIN,1100,91313.85
Finland,FIN,1200,101661.86
Finland,FIN,1300,111143.93
Finland,FIN,1400,98020.27
Finland,FIN,1500,94574.88
Finland,FIN,1600,181078.22
Finland,FIN,1700,342586.56
Finland,FIN,1710,372158.8
Finland,FIN,1720,404194.12
Finland,FIN,1730,438882.88
Finland,FIN,1740,476427.4
Finland,FIN,1750,517042.2
Finland,FIN,1760,560953.8
Finland,FIN,1770,608400.56
Finland,FIN,1780,659631.94
Finland,FIN,1790,714907.75
Finland,FIN,1800,774496.4
Finland,FIN,1810,838672.56
Finland,FIN,1820,907713.75
Finland,FIN,1830,1047763.7
Finland,FIN,1840,1101310.6
Finland,FIN,1850,1231780.8
Finland,FIN,1860,1284713.6
Finland,FIN,1870,1361724.4
Finland,FIN,1880,1461954.2
Finland,FIN,1890,1660067.6
Finland,FIN,1900,1862031.5
Finland,FIN,1910,2098828.2
Finland,FIN,1920,2246299.5
Finland,FIN,1930,2376786
Finland,FIN,1940,2351829
Finland,FIN,1950,2473962.5
Finland,FIN,1951,2491677.8
Finland,FIN,1952,2511474
Finland,FIN,1953,2531986.2
Finland,FIN,1954,2552135.2
Finland,FIN,1955,2571109.5
Finland,FIN,1956,2588422.2
Finland,FIN,1957,2603856.2
Finland,FIN,1958,2617427.2
Finland,FIN,1959,2629334
Finland,FIN,1960,2639810.2
Finland,FIN,1961,2665687
Finland,FIN,1962,2680079.2
Finland,FIN,1963,2696480
Finland,FIN,1964,2710580
Finland,FIN,1965,2721480.5
Finland,FIN,1966,2734381
Finland,FIN,1967,2743381.8
Finland,FIN,1968,2746082.2
Finland,FIN,1969,2612500
Finland,FIN,1970,2574200
Finland,FIN,1971,2553700
Finland,FIN,1972,2463700
Finland,FIN,1973,2435100
Finland,FIN,1974,2447400
Finland,FIN,1975,2453800
Finland,FIN,1976,2463900
Finland,FIN,1977,2420600
Finland,FIN,1978,2412100
Finland,FIN,1979,2401500
Finland,FIN,1980,2372000
Finland,FIN,1981,2355700
Finland,FIN,1982,2327700
Finland,FIN,1983,2314400
Finland,FIN,1984,2292700
Finland,FIN,1985,2276399.5
Finland,FIN,1986,2261399.5
Finland,FIN,1987,2280999.5
Finland,FIN,1988,2248199.5
Finland,FIN,1989,2262799.8
Finland,FIN,1990,2270999.8
Finland,FIN,1991,2301799.8
Finland,FIN,1992,2286500
Finland,FIN,1993,2277700
Finland,FIN,1994,2301900
Finland,FIN,1995,2146000
Finland,FIN,1996,2126000
Finland,FIN,1997,2128700
Finland,FIN,1998,2170400
Finland,FIN,1999,2180400
Finland,FIN,2000,2192000
Finland,FIN,2001,2197000
Finland,FIN,2002,2209000
Finland,FIN,2003,2217999.8
Finland,FIN,2004,2224999.8
Finland,FIN,2005,2240800
Finland,FIN,2006,2264800
Finland,FIN,2007,2260900
Finland,FIN,2008,2263400
Finland,FIN,2009,2262500
Finland,FIN,2010,2258900
Finland,FIN,2011,2254600
Finland,FIN,2012,2253100
Finland,FIN,2013,2227500
Finland,FIN,2014,2234100
Finland,FIN,2015,2245600
Finland,FIN,2016,2249000
Finland,FIN,2017,2245000
Finland,FIN,2018,2255210
Finland,FIN,2019,2260200
Finland,FIN,2020,2265190
Finland,FIN,2021,2270180
Finland,FIN,2022,2275170
Finland,FIN,2023,2280160
France,FRA,-10000,0
France,FRA,-9000,0
France,FRA,-8000,0
France,FRA,-7000,0
France,FRA,-6000,0
France,FRA,-5000,181956.6
France,FRA,-4000,350855.2
France,FRA,-3000,671433.56
France,FRA,-2000,1597767.2
France,FRA,-1000,3012715.5
France,FRA,0,6941295.5
France,FRA,100,7900824
France,FRA,200,8837098
France,FRA,300,7730201.5
France,FRA,400,6642616.5
France,FRA,500,6230711.5
France,FRA,600,5823102.5
France,FRA,700,6056732.5
France,FRA,800,6274935.5
France,FRA,900,7092044
France,FRA,1000,7866646
France,FRA,1100,9185058
France,FRA,1200,12158179
France,FRA,1300,18045280
France,FRA,1400,12040688
France,FRA,1500,15843877
France,FRA,1600,18711784
France,FRA,1700,21045990
France,FRA,1710,21470480
France,FRA,1720,21884338
France,FRA,1730,22286796
France,FRA,1740,22676856
France,FRA,1750,23054508
France,FRA,1760,23419286
France,FRA,1770,23770294
France,FRA,1780,24107082
France,FRA,1790,24428204
France,FRA,1800,24732808
France,FRA,1810,26007990
France,FRA,1820,27080772
France,FRA,1830,27788790
France,FRA,1840,28580446
France,FRA,1850,29306538
France,FRA,1860,28915688
France,FRA,1870,28422504
France,FRA,1880,28352244
France,FRA,1890,27873210
France,FRA,1900,26932016
France,FRA,1910,26116270
France,FRA,1920,23574922
France,FRA,1930,23370518
France,FRA,1940,22525584
France,FRA,1950,22141480
France,FRA,1951,22097798
France,FRA,1952,22105530
France,FRA,1953,22144914
France,FRA,1954,22194838
France,FRA,1955,22253024
France,FRA,1956,22312490
France,FRA,1957,22373828
France,FRA,1958,22441652
France,FRA,1959,22533904
France,FRA,1960,21405000
France,FRA,1961,21405000
France,FRA,1962,21320000
France,FRA,1963,21241000
France,FRA,1964,20828000
France,FRA,1965,20542000
France,FRA,1966,20214000
France,FRA,1967,19816000
France,FRA,1968,19303000
France,FRA,1969,19265000
France,FRA,1970,19101000
France,FRA,1971,18690000
France,FRA,1972,18632000
France,FRA,1973,18701000
France,FRA,1974,18887000
France,FRA,1975,18954000
France,FRA,1976,18737000
France,FRA,1977,18836000
France,FRA,1978,18975000
France,FRA,1979,18922000
France,FRA,1980,18872000
France,FRA,1981,18916000
France,FRA,1982,19023000
France,FRA,1983,19027000
France,FRA,1984,19145000
France,FRA,1985,19242000
France,FRA,1986,19302000
France,FRA,1987,19459000
France,FRA,1988,19051000
France,FRA,1989,18928000
France,FRA,1990,18993500
France,FRA,1991,19037300
France,FRA,1992,19051536
France,FRA,1993,19229666
France,FRA,1994,19284410
France,FRA,1995,19347890
France,FRA,1996,19367950
France,FRA,1997,19420934
France,FRA,1998,19462090
France,FRA,1999,19497074
France,FRA,2000,19495158
France,FRA,2001,19480610
France,FRA,2002,19499820
France,FRA,2003,19470798
France,FRA,2004,19478900
France,FRA,2005,19488224
France,FRA,2006,19435626
France,FRA,2007,19358354
France,FRA,2008,19318730
France,FRA,2009,19282094
France,FRA,2010,19310486
France,FRA,2011,19280272
France,FRA,2012,19284212
France,FRA,2013,19300896
France,FRA,2014,19326972
France,FRA,2015,19463632
France,FRA,2016,19454076
France,FRA,2017,19516774
France,FRA,2018,19580148
France,FRA,2019,19517246
France,FRA,2020,19551532
France,FRA,2021,19585818
France,FRA,2022,19620104
France,FRA,2023,19654390
French Guiana,GUF,-10000,0
French Guiana,GUF,-9000,0
French Guiana,GUF,-8000,0
French Guiana,GUF,-7000,0
French Guiana,GUF,-6000,0
French Guiana,GUF,-5000,0
French Guiana,GUF,-4000,0
French Guiana,GUF,-3000,0
French Guiana,GUF,-2000,0
French Guiana,GUF,-1000,0
French Guiana,GUF,0,0
French Guiana,GUF,100,489.02692
French Guiana,GUF,200,523.7532
French Guiana,GUF,300,560.3419
French Guiana,GUF,400,598.7617
French Guiana,GUF,500,638.93964
French Guiana,GUF,600,680.74744
French Guiana,GUF,700,723.9837
French Guiana,GUF,800,768.34924
French Guiana,GUF,900,813.4128
French Guiana,GUF,1000,858.56287
French Guiana,GUF,1100,902.938
French Guiana,GUF,1200,945.31964
French Guiana,GUF,1300,983.9644
French Guiana,GUF,1400,1016.3205
French Guiana,GUF,1500,1038.5117
French Guiana,GUF,1600,1044.2917
French Guiana,GUF,1700,1022.5626
French Guiana,GUF,1710,1121.4938
French Guiana,GUF,1720,1229.3463
French Guiana,GUF,1730,1346.7985
French Guiana,GUF,1740,1474.5518
French Guiana,GUF,1750,1613.323
French Guiana,GUF,1760,1763.8344
French Guiana,GUF,1770,1926.7986
French Guiana,GUF,1780,2102.8992
French Guiana,GUF,1790,2292.7625
French Guiana,GUF,1800,2496.923
French Guiana,GUF,1810,2715.7717
French Guiana,GUF,1820,2949.4902
French Guiana,GUF,1830,3197.9602
French Guiana,GUF,1840,3460.637
French Guiana,GUF,1850,3736.3762
French Guiana,GUF,1860,4023.188
French Guiana,GUF,1870,4317.878
French Guiana,GUF,1880,4615.5176
French Guiana,GUF,1890,4908.6226
French Guiana,GUF,1900,5185.815
French Guiana,GUF,1910,5429.507
French Guiana,GUF,1920,5611.51
French Guiana,GUF,1930,5683.5737
French Guiana,GUF,1940,5552.662
French Guiana,GUF,1950,4988.1426
French Guiana,GUF,1951,4982.553
French Guiana,GUF,1952,4932.89
French Guiana,GUF,1953,4849.021
French Guiana,GUF,1954,4732.305
French Guiana,GUF,1955,4584.091
French Guiana,GUF,1956,4405.8174
French Guiana,GUF,1957,4188.826
French Guiana,GUF,1958,3916.6438
French Guiana,GUF,1959,3551.8276
French Guiana,GUF,1960,3000
French Guiana,GUF,1961,3000
French Guiana,GUF,1962,4000
French Guiana,GUF,1963,3000
French Guiana,GUF,1964,2000
French Guiana,GUF,1965,2000
French Guiana,GUF,1966,2000
French Guiana,GUF,1967,2000
French Guiana,GUF,1968,2000
French Guiana,GUF,1969,2000
French Guiana,GUF,1970,1000
French Guiana,GUF,1971,2000
French Guiana,GUF,1972,2000
French Guiana,GUF,1973,2000
French Guiana,GUF,1974,2000
French Guiana,GUF,1975,3000
French Guiana,GUF,1976,3000
French Guiana,GUF,1977,3000
French Guiana,GUF,1978,4000
French Guiana,GUF,1979,4000
French Guiana,GUF,1980,4000
French Guiana,GUF,1981,4000
French Guiana,GUF,1982,5000
French Guiana,GUF,1983,5000
French Guiana,GUF,1984,5000
French Guiana,GUF,1985,5000
French Guiana,GUF,1986,6000
French Guiana,GUF,1987,6000
French Guiana,GUF,1988,8000
French Guiana,GUF,1989,11000
French Guiana,GUF,1990,12000
French Guiana,GUF,1991,12000
French Guiana,GUF,1992,12000
French Guiana,GUF,1993,13000
French Guiana,GUF,1994,13000
French Guiana,GUF,1995,13000
French Guiana,GUF,1996,13000
French Guiana,GUF,1997,13000
French Guiana,GUF,1998,13000
French Guiana,GUF,1999,12000
French Guiana,GUF,2000,16000
French Guiana,GUF,2001,16000
French Guiana,GUF,2002,16000
French Guiana,GUF,2003,16000
French Guiana,GUF,2004,16000
French Guiana,GUF,2005,16000
French Guiana,GUF,2006,16600
French Guiana,GUF,2007,15300
French Guiana,GUF,2008,15100
French Guiana,GUF,2009,15200
French Guiana,GUF,2010,15200
French Guiana,GUF,2011,14600
French Guiana,GUF,2012,15900
French Guiana,GUF,2013,17700
French Guiana,GUF,2014,18400
French Guiana,GUF,2015,18900
French Guiana,GUF,2016,18600
French Guiana,GUF,2017,18820
French Guiana,GUF,2018,19216
French Guiana,GUF,2019,19460
French Guiana,GUF,2020,19704
French Guiana,GUF,2021,19948
French Guiana,GUF,2022,20192
French Guiana,GUF,2023,20436
Gabon,GAB,-10000,0
Gabon,GAB,-9000,0
Gabon,GAB,-8000,0
Gabon,GAB,-7000,0
Gabon,GAB,-6000,0
Gabon,GAB,-5000,0
Gabon,GAB,-4000,0
Gabon,GAB,-3000,0
Gabon,GAB,-2000,0
Gabon,GAB,-1000,0
Gabon,GAB,0,6889.632
Gabon,GAB,100,7819.6753
Gabon,GAB,200,8873.971
Gabon,GAB,300,10068.878
Gabon,GAB,400,11422.864
Gabon,GAB,500,12956.7705
Gabon,GAB,600,14694.097
Gabon,GAB,700,16661.336
Gabon,GAB,800,18888.34
Gabon,GAB,900,21408.715
Gabon,GAB,1000,24260.285
Gabon,GAB,1100,27485.578
Gabon,GAB,1200,31132.377
Gabon,GAB,1300,35254.336
Gabon,GAB,1400,39911.65
Gabon,GAB,1500,45171.758
Gabon,GAB,1600,51110.164
Gabon,GAB,1700,57811.297
Gabon,GAB,1710,58929.164
Gabon,GAB,1720,59411.676
Gabon,GAB,1730,59922.047
Gabon,GAB,1740,60463.133
Gabon,GAB,1750,61038.27
Gabon,GAB,1760,61651.293
Gabon,GAB,1770,62306.74
Gabon,GAB,1780,63009.94
Gabon,GAB,1790,63767.273
Gabon,GAB,1800,64586.406
Gabon,GAB,1810,65476.684
Gabon,GAB,1820,66449.65
Gabon,GAB,1830,67519.76
Gabon,GAB,1840,68705.41
Gabon,GAB,1850,70030.52
Gabon,GAB,1860,71526.914
Gabon,GAB,1870,73238.06
Gabon,GAB,1880,75225.484
Gabon,GAB,1890,77579.945
Gabon,GAB,1900,80442.84
Gabon,GAB,1910,84050.91
Gabon,GAB,1920,88842.72
Gabon,GAB,1930,95765.24
Gabon,GAB,1940,107479.54
Gabon,GAB,1950,137637.72
Gabon,GAB,1951,138368.45
Gabon,GAB,1952,138889.39
Gabon,GAB,1953,139317.17
Gabon,GAB,1954,139746.02
Gabon,GAB,1955,140251.2
Gabon,GAB,1956,140880.94
Gabon,GAB,1957,141665.1
Gabon,GAB,1958,142617.58
Gabon,GAB,1959,143728.75
Gabon,GAB,1960,145000
Gabon,GAB,1961,145000
Gabon,GAB,1962,160000
Gabon,GAB,1963,175000
Gabon,GAB,1964,190000
Gabon,GAB,1965,205000
Gabon,GAB,1966,220000
Gabon,GAB,1967,235000
Gabon,GAB,1968,250000
Gabon,GAB,1969,265000
Gabon,GAB,1970,280000
Gabon,GAB,1971,300000
Gabon,GAB,1972,315000
Gabon,GAB,1973,335000
Gabon,GAB,1974,350000
Gabon,GAB,1975,369000
Gabon,GAB,1976,404000
Gabon,GAB,1977,427000
Gabon,GAB,1978,449000
Gabon,GAB,1979,450000
Gabon,GAB,1980,452000
Gabon,GAB,1981,452000
Gabon,GAB,1982,452000
Gabon,GAB,1983,452000
Gabon,GAB,1984,452000
Gabon,GAB,1985,452000
Gabon,GAB,1986,452000
Gabon,GAB,1987,452000
Gabon,GAB,1988,452000
Gabon,GAB,1989,452000
Gabon,GAB,1990,457000
Gabon,GAB,1991,457000
Gabon,GAB,1992,460000
Gabon,GAB,1993,460000
Gabon,GAB,1994,460000
Gabon,GAB,1995,495000
Gabon,GAB,1996,495000
Gabon,GAB,1997,495000
Gabon,GAB,1998,495000
Gabon,GAB,1999,495000
Gabon,GAB,2000,495000
Gabon,GAB,2001,495000
Gabon,GAB,2002,495000
Gabon,GAB,2003,495000
Gabon,GAB,2004,495000
Gabon,GAB,2005,495000
Gabon,GAB,2006,495000
Gabon,GAB,2007,494999.62
Gabon,GAB,2008,494999.94
Gabon,GAB,2009,495000
Gabon,GAB,2010,495000
Gabon,GAB,2011,495000
Gabon,GAB,2012,495000
Gabon,GAB,2013,495000
Gabon,GAB,2014,495000
Gabon,GAB,2015,495000
Gabon,GAB,2016,495000
Gabon,GAB,2017,495000
Gabon,GAB,2018,495000
Gabon,GAB,2019,495000
Gabon,GAB,2020,495000
Gabon,GAB,2021,495000
Gabon,GAB,2022,495000
Gabon,GAB,2023,495000
Gambia,GMB,-10000,0
Gambia,GMB,-9000,0
Gambia,GMB,-8000,0
Gambia,GMB,-7000,0
Gambia,GMB,-6000,0
Gambia,GMB,-5000,0
Gambia,GMB,-4000,0
Gambia,GMB,-3000,0
Gambia,GMB,-2000,0
Gambia,GMB,-1000,0
Gambia,GMB,0,1295.1212
Gambia,GMB,100,1454.5741
Gambia,GMB,200,1632.089
Gambia,GMB,300,1829.3033
Gambia,GMB,400,2047.8757
Gambia,GMB,500,2289.4343
Gambia,GMB,600,2555.4978
Gambia,GMB,700,2847.3586
Gambia,GMB,800,3165.9165
Gambia,GMB,900,3511.4272
Gambia,GMB,1000,3883.1367
Gambia,GMB,1100,4278.725
Gambia,GMB,1200,4693.449
Gambia,GMB,1300,5118.7754
Gambia,GMB,1400,5540.0713
Gambia,GMB,1500,5932.4624
Gambia,GMB,1600,6252.5796
Gambia,GMB,1700,6419.5015
Gambia,GMB,1710,5722.024
Gambia,GMB,1720,5097.684
Gambia,GMB,1730,4538.9155
Gambia,GMB,1740,4038.9263
Gambia,GMB,1750,3591.6177
Gambia,GMB,1760,3191.514
Gambia,GMB,1770,2833.701
Gambia,GMB,1780,2513.7656
Gambia,GMB,1790,2227.7463
Gambia,GMB,1800,1972.0863
Gambia,GMB,1810,1743.591
Gambia,GMB,1820,2557.3752
Gambia,GMB,1830,3744.9084
Gambia,GMB,1840,5473.6294
Gambia,GMB,1850,7982.885
Gambia,GMB,1860,11612.331
Gambia,GMB,1870,16839.36
Gambia,GMB,1880,24326.078
Gambia,GMB,1890,34973.21
Gambia,GMB,1900,49969.645
Gambia,GMB,1910,70804.44
Gambia,GMB,1920,88134.49
Gambia,GMB,1930,107753.61
Gambia,GMB,1940,127745.13
Gambia,GMB,1950,141833.45
Gambia,GMB,1951,138969.72
Gambia,GMB,1952,137220.47
Gambia,GMB,1953,136420.56
Gambia,GMB,1954,136303.33
Gambia,GMB,1955,136510.58
Gambia,GMB,1956,136592.97
Gambia,GMB,1957,136006.17
Gambia,GMB,1958,134156.14
Gambia,GMB,1959,130383.984
Gambia,GMB,1960,124000
Gambia,GMB,1961,124000
Gambia,GMB,1962,125000
Gambia,GMB,1963,126000
Gambia,GMB,1964,127000
Gambia,GMB,1965,128000
Gambia,GMB,1966,129000
Gambia,GMB,1967,131000
Gambia,GMB,1968,131000
Gambia,GMB,1969,133000
Gambia,GMB,1970,134000
Gambia,GMB,1971,137000
Gambia,GMB,1972,142000
Gambia,GMB,1973,147000
Gambia,GMB,1974,174000
Gambia,GMB,1975,168000
Gambia,GMB,1976,167000
Gambia,GMB,1977,174000
Gambia,GMB,1978,181000
Gambia,GMB,1979,170000
Gambia,GMB,1980,163000
Gambia,GMB,1981,185000
Gambia,GMB,1982,206000
Gambia,GMB,1983,187000
Gambia,GMB,1984,173000
Gambia,GMB,1985,173000
Gambia,GMB,1986,182000
Gambia,GMB,1987,189000
Gambia,GMB,1988,204000
Gambia,GMB,1989,186000
Gambia,GMB,1990,192000
Gambia,GMB,1991,201000
Gambia,GMB,1992,167000
Gambia,GMB,1993,166000
Gambia,GMB,1994,185000
Gambia,GMB,1995,190000
Gambia,GMB,1996,195000
Gambia,GMB,1997,210000
Gambia,GMB,1998,205000
Gambia,GMB,1999,245000
Gambia,GMB,2000,285000
Gambia,GMB,2001,305000
Gambia,GMB,2002,285000
Gambia,GMB,2003,305000
Gambia,GMB,2004,315000
Gambia,GMB,2005,330000
Gambia,GMB,2006,298000
Gambia,GMB,2007,308000
Gambia,GMB,2008,377000
Gambia,GMB,2009,433000
Gambia,GMB,2010,455000
Gambia,GMB,2011,455000
Gambia,GMB,2012,445000
Gambia,GMB,2013,445000
Gambia,GMB,2014,445000
Gambia,GMB,2015,445000
Gambia,GMB,2016,445000
Gambia,GMB,2017,445000
Gambia,GMB,2018,445000
Gambia,GMB,2019,445000
Gambia,GMB,2020,445000
Gambia,GMB,2021,445000
Gambia,GMB,2022,445000
Gambia,GMB,2023,445000
Georgia,GEO,-10000,0
Georgia,GEO,-9000,0
Georgia,GEO,-8000,0
Georgia,GEO,-7000,0
Georgia,GEO,-6000,6433.907
Georgia,GEO,-5000,22518.676
Georgia,GEO,-4000,78815.36
Georgia,GEO,-3000,275853.75
Georgia,GEO,-2000,298571.28
Georgia,GEO,-1000,316147.88
Georgia,GEO,0,321528.12
Georgia,GEO,100,338540.6
Georgia,GEO,200,356110.1
Georgia,GEO,300,374188.84
Georgia,GEO,400,392710.4
Georgia,GEO,500,411584.9
Georgia,GEO,600,430687.22
Georgia,GEO,700,449872.16
Georgia,GEO,800,468928.03
Georgia,GEO,900,480730.3
Georgia,GEO,1000,489970.47
Georgia,GEO,1100,708531.06
Georgia,GEO,1200,906612.8
Georgia,GEO,1300,1082145.2
Georgia,GEO,1400,819205.06
Georgia,GEO,1500,960116.9
Georgia,GEO,1600,1061491.9
Georgia,GEO,1700,1112753.6
Georgia,GEO,1710,699197.94
Georgia,GEO,1720,747326.9
Georgia,GEO,1730,798315.44
Georgia,GEO,1740,852256.25
Georgia,GEO,1750,909228.3
Georgia,GEO,1760,969291.9
Georgia,GEO,1770,1032481.94
Georgia,GEO,1780,1098800.5
Georgia,GEO,1790,1168206.4
Georgia,GEO,1800,1240602.2
Georgia,GEO,1810,1315817.8
Georgia,GEO,1820,1393588.4
Georgia,GEO,1830,1473526.1
Georgia,GEO,1840,1555082.1
Georgia,GEO,1850,1637493.9
Georgia,GEO,1860,1719713.6
Georgia,GEO,1870,1800304.8
Georgia,GEO,1880,1877288.1
Georgia,GEO,1890,1947911.1
Georgia,GEO,1900,2008259.6
Georgia,GEO,1910,2052620.2
Georgia,GEO,1920,2072193.5
Georgia,GEO,1930,2052479.1
Georgia,GEO,1940,2226797.2
Georgia,GEO,1950,1785938.6
Georgia,GEO,1951,1750890.6
Georgia,GEO,1952,1713879.2
Georgia,GEO,1953,1674304.8
Georgia,GEO,1954,1631306
Georgia,GEO,1955,1583669.2
Georgia,GEO,1956,1529698.9
Georgia,GEO,1957,1466979.5
Georgia,GEO,1958,1391929.2
Georgia,GEO,1959,1298796.8
Georgia,GEO,1960,1177116.5
Georgia,GEO,1961,1177116.5
Georgia,GEO,1962,1179570.8
Georgia,GEO,1963,1170735.1
Georgia,GEO,1964,1163862.9
Georgia,GEO,1965,1161163.1
Georgia,GEO,1966,1148154.9
Georgia,GEO,1967,1146436.9
Georgia,GEO,1968,1144227.9
Georgia,GEO,1969,1145700.5
Georgia,GEO,1970,1143737
Georgia,GEO,1971,1142755.2
Georgia,GEO,1972,1141773.5
Georgia,GEO,1973,1140300.9
Georgia,GEO,1974,1143246.2
Georgia,GEO,1975,1140791.8
Georgia,GEO,1976,1141282.6
Georgia,GEO,1977,1141773.5
Georgia,GEO,1978,1138828.4
Georgia,GEO,1979,1135883
Georgia,GEO,1980,1136457.4
Georgia,GEO,1981,1137355.6
Georgia,GEO,1982,1137601.1
Georgia,GEO,1983,1138337.4
Georgia,GEO,1984,1137286.9
Georgia,GEO,1985,1137900.5
Georgia,GEO,1986,1138460.1
Georgia,GEO,1987,1139132.6
Georgia,GEO,1988,1136570.2
Georgia,GEO,1989,1128667.2
Georgia,GEO,1990,1123709.4
Georgia,GEO,1991,1123709.4
Georgia,GEO,1992,1129000
Georgia,GEO,1993,1128000
Georgia,GEO,1994,1127000
Georgia,GEO,1995,1078000
Georgia,GEO,1996,1066000
Georgia,GEO,1997,1063000
Georgia,GEO,1998,1062000
Georgia,GEO,1999,1060000
Georgia,GEO,2000,1062000
Georgia,GEO,2001,1063000
Georgia,GEO,2002,1064000
Georgia,GEO,2003,1066000
Georgia,GEO,2004,552000
Georgia,GEO,2005,580000
Georgia,GEO,2006,578000
Georgia,GEO,2007,577000
Georgia,GEO,2008,574000
Georgia,GEO,2009,558000
Georgia,GEO,2010,520000
Georgia,GEO,2011,502400
Georgia,GEO,2012,495000
Georgia,GEO,2013,545700
Georgia,GEO,2014,475000
Georgia,GEO,2015,477700
Georgia,GEO,2016,454000
Georgia,GEO,2017,444800
Georgia,GEO,2018,412600
Georgia,GEO,2019,390320
Georgia,GEO,2020,368040
Georgia,GEO,2021,345760
Georgia,GEO,2022,323480
Georgia,GEO,2023,301200
Germany,DEU,-10000,0
Germany,DEU,-9000,0
Germany,DEU,-8000,0
Germany,DEU,-7000,0
Germany,DEU,-6000,0
Germany,DEU,-5000,2506.7407
Germany,DEU,-4000,12739.748
Germany,DEU,-3000,35850.523
Germany,DEU,-2000,107473.18
Germany,DEU,-1000,322243.2
Germany,DEU,0,2383879
Germany,DEU,100,2152400
Germany,DEU,200,1931759.6
Germany,DEU,300,1608424.8
Germany,DEU,400,1339126.5
Germany,DEU,500,1034036.44
Germany,DEU,600,793380
Germany,DEU,700,793380
Germany,DEU,800,1586760
Germany,DEU,900,3173516.2
Germany,DEU,1000,3966898.5
Germany,DEU,1100,6347008
Germany,DEU,1200,10313684
Germany,DEU,1300,12693839
Germany,DEU,1400,6743711
Germany,DEU,1500,8727089
Germany,DEU,1600,9520560
Germany,DEU,1700,8727177
Germany,DEU,1710,9203208
Germany,DEU,1720,9679236
Germany,DEU,1730,10155264
Germany,DEU,1740,10631292
Germany,DEU,1750,11107320
Germany,DEU,1760,11265996
Germany,DEU,1770,11424672
Germany,DEU,1780,11583348
Germany,DEU,1790,11742024
Germany,DEU,1800,11900700
Germany,DEU,1810,12376728
Germany,DEU,1820,12852756
Germany,DEU,1830,13328784
Germany,DEU,1840,13804811
Germany,DEU,1850,14280834
Germany,DEU,1860,14598184
Germany,DEU,1870,14915539
Germany,DEU,1880,15232891
Germany,DEU,1890,15550228
Germany,DEU,1900,15867589
Germany,DEU,1910,15550239
Germany,DEU,1920,15232895
Germany,DEU,1930,14915544
Germany,DEU,1940,14598191
Germany,DEU,1950,14280839
Germany,DEU,1951,14125156
Germany,DEU,1952,13969472
Germany,DEU,1953,13813788
Germany,DEU,1954,13658105
Germany,DEU,1955,13502420
Germany,DEU,1956,13346736
Germany,DEU,1957,13191052
Germany,DEU,1958,13035368
Germany,DEU,1959,12879684
Germany,DEU,1960,12724000
Germany,DEU,1961,12724000
Germany,DEU,1962,12691000
Germany,DEU,1963,12663000
Germany,DEU,1964,12661000
Germany,DEU,1965,12645000
Germany,DEU,1966,12639000
Germany,DEU,1967,12525000
Germany,DEU,1968,12504999
Germany,DEU,1969,12478999
Germany,DEU,1970,12391000
Germany,DEU,1971,12404000
Germany,DEU,1972,12444000
Germany,DEU,1973,12449000
Germany,DEU,1974,12479000
Germany,DEU,1975,12510000
Germany,DEU,1976,12563000
Germany,DEU,1977,12560000
Germany,DEU,1978,12576000
Germany,DEU,1979,12557999
Germany,DEU,1980,12529999
Germany,DEU,1981,12497999
Germany,DEU,1982,12463999
Germany,DEU,1983,12449999
Germany,DEU,1984,12427999
Germany,DEU,1985,12425999
Germany,DEU,1986,12419999
Germany,DEU,1987,12389999
Germany,DEU,1988,12389999
Germany,DEU,1989,12390999
Germany,DEU,1990,12413999
Germany,DEU,1991,11806978
Germany,DEU,1992,11707996
Germany,DEU,1993,11911050
Germany,DEU,1994,12037005
Germany,DEU,1995,12061045
Germany,DEU,1996,12064045
Germany,DEU,1997,12060031
Germany,DEU,1998,12107027
Germany,DEU,1999,12038002
Germany,DEU,2000,12020037
Germany,DEU,2001,12021049
Germany,DEU,2002,11997003
Germany,DEU,2003,12033009
Germany,DEU,2004,12100047
Germany,DEU,2005,12102049
Germany,DEU,2006,12064048
Germany,DEU,2007,12075016
Germany,DEU,2008,12132001
Germany,DEU,2009,12145049
Germany,DEU,2010,12045031
Germany,DEU,2011,12075029
Germany,DEU,2012,12034052
Germany,DEU,2013,12076024
Germany,DEU,2014,12074002
Germany,DEU,2015,12078552
Germany,DEU,2016,12062059
Germany,DEU,2017,12070208
Germany,DEU,2018,12060221
Germany,DEU,2019,11898400
Germany,DEU,2020,11866400
Germany,DEU,2021,11834400
Germany,DEU,2022,11802400
Germany,DEU,2023,11770400
Ghana,GHA,-10000,0
Ghana,GHA,-9000,0
Ghana,GHA,-8000,0
Ghana,GHA,-7000,0
Ghana,GHA,-6000,0
Ghana,GHA,-5000,0
Ghana,GHA,-4000,0
Ghana,GHA,-3000,0
Ghana,GHA,-2000,0
Ghana,GHA,-1000,0
Ghana,GHA,0,0
Ghana,GHA,100,0
Ghana,GHA,200,0
Ghana,GHA,300,0
Ghana,GHA,400,0
Ghana,GHA,500,0
Ghana,GHA,600,0
Ghana,GHA,700,0
Ghana,GHA,800,191064.17
Ghana,GHA,900,382128.34
Ghana,GHA,1000,436688.97
Ghana,GHA,1100,499039.84
Ghana,GHA,1200,570293.06
Ghana,GHA,1300,651719.5
Ghana,GHA,1400,744772.8
Ghana,GHA,1500,851112
Ghana,GHA,1600,972635.6
Ghana,GHA,1700,1111509.5
Ghana,GHA,1710,1120465.9
Ghana,GHA,1720,1129873.9
Ghana,GHA,1730,1139777.5
Ghana,GHA,1740,1150226.5
Ghana,GHA,1750,1161278.6
Ghana,GHA,1760,1173000.9
Ghana,GHA,1770,1185471.6
Ghana,GHA,1780,1198783.6
Ghana,GHA,1790,1213046.8
Ghana,GHA,1800,1228393.5
Ghana,GHA,1810,1244985.1
Ghana,GHA,1820,1263020
Ghana,GHA,1830,1282746.1
Ghana,GHA,1840,1304478.9
Ghana,GHA,1850,1328627
Ghana,GHA,1860,1355732.8
Ghana,GHA,1870,1386535.6
Ghana,GHA,1880,1422078.4
Ghana,GHA,1890,1463894.4
Ghana,GHA,1900,1514363.5
Ghana,GHA,1910,1577451.4
Ghana,GHA,1920,1660464
Ghana,GHA,1930,1779056.9
Ghana,GHA,1940,1976716.6
Ghana,GHA,1950,2470879
Ghana,GHA,1951,2514314
Ghana,GHA,1952,2575221.8
Ghana,GHA,1953,2648620.2
Ghana,GHA,1954,2730506.2
Ghana,GHA,1955,2817890.5
Ghana,GHA,1956,2908806.5
Ghana,GHA,1957,3002300.5
Ghana,GHA,1958,3098281.8
Ghana,GHA,1959,3197313.8
Ghana,GHA,1960,3300000
Ghana,GHA,1961,3300000
Ghana,GHA,1962,3300000
Ghana,GHA,1963,3300000
Ghana,GHA,1964,3300000
Ghana,GHA,1965,3300000
Ghana,GHA,1966,3300000
Ghana,GHA,1967,3300000
Ghana,GHA,1968,3300000
Ghana,GHA,1969,3300000
Ghana,GHA,1970,3300000
Ghana,GHA,1971,3300000
Ghana,GHA,1972,3300000
Ghana,GHA,1973,3300000
Ghana,GHA,1974,3300000
Ghana,GHA,1975,3400000
Ghana,GHA,1976,3400000
Ghana,GHA,1977,3500000
Ghana,GHA,1978,3600000
Ghana,GHA,1979,3600000
Ghana,GHA,1980,3600000
Ghana,GHA,1981,3600000
Ghana,GHA,1982,3800000
Ghana,GHA,1983,3800000
Ghana,GHA,1984,3900000
Ghana,GHA,1985,4000000
Ghana,GHA,1986,4000000
Ghana,GHA,1987,4000000
Ghana,GHA,1988,4100000
Ghana,GHA,1989,4100000
Ghana,GHA,1990,4200000
Ghana,GHA,1991,4320000
Ghana,GHA,1992,4320000
Ghana,GHA,1993,4400000
Ghana,GHA,1994,4500000
Ghana,GHA,1995,4700000
Ghana,GHA,1996,4900000
Ghana,GHA,1997,5300000
Ghana,GHA,1998,5700000
Ghana,GHA,1999,5850000
Ghana,GHA,2000,6100000
Ghana,GHA,2001,6210000
Ghana,GHA,2002,6330997.5
Ghana,GHA,2003,6535000
Ghana,GHA,2004,6800000
Ghana,GHA,2005,6800000
Ghana,GHA,2006,7000000
Ghana,GHA,2007,7100000
Ghana,GHA,2008,7300000
Ghana,GHA,2009,7300000
Ghana,GHA,2010,7320000
Ghana,GHA,2011,7420000
Ghana,GHA,2012,7400000
Ghana,GHA,2013,7400000
Ghana,GHA,2014,7400000
Ghana,GHA,2015,7400000
Ghana,GHA,2016,7400000
Ghana,GHA,2017,7400000
Ghana,GHA,2018,7400000
Ghana,GHA,2019,7400000
Ghana,GHA,2020,7400000
Ghana,GHA,2021,7400000
Ghana,GHA,2022,7400000
Ghana,GHA,2023,7400000
Greece,GRC,-10000,0
Greece,GRC,-9000,0
Greece,GRC,-8000,0
Greece,GRC,-7000,0
Greece,GRC,-6000,6208.5806
Greece,GRC,-5000,11939.577
Greece,GRC,-4000,23879.154
Greece,GRC,-3000,47776.977
Greece,GRC,-2000,143330
Greece,GRC,-1000,477767.88
Greece,GRC,0,955526.9
Greece,GRC,100,955526.9
Greece,GRC,200,955526.9
Greece,GRC,300,836090.94
Greece,GRC,400,716649.5
Greece,GRC,500,549433.3
Greece,GRC,600,382214.7
Greece,GRC,700,406103.1
Greece,GRC,800,429990.72
Greece,GRC,900,453879.3
Greece,GRC,1000,477767.88
Greece,GRC,1100,515989.3
Greece,GRC,1200,558988.75
Greece,GRC,1300,597209.56
Greece,GRC,1400,429990.72
Greece,GRC,1500,477767.9
Greece,GRC,1600,716654.7
Greece,GRC,1700,716654.7
Greece,GRC,1710,748983.75
Greece,GRC,1720,781312.8
Greece,GRC,1730,813641.94
Greece,GRC,1740,845971
Greece,GRC,1750,878300.1
Greece,GRC,1760,910629.2
Greece,GRC,1770,942958.3
Greece,GRC,1780,975287.4
Greece,GRC,1790,1007616.5
Greece,GRC,1800,1039945.6
Greece,GRC,1810,1072274.6
Greece,GRC,1820,1104603.8
Greece,GRC,1830,1210668.6
Greece,GRC,1840,1326766.8
Greece,GRC,1850,1454331.2
Greece,GRC,1860,1593840
Greece,GRC,1870,1747204.1
Greece,GRC,1880,1934489.9
Greece,GRC,1890,2141364.2
Greece,GRC,1900,2370693.8
Greece,GRC,1910,2541735.2
Greece,GRC,1920,2723287.8
Greece,GRC,1930,3034315.8
Greece,GRC,1940,3478164
Greece,GRC,1950,3663918
Greece,GRC,1951,3665717.5
Greece,GRC,1952,3669372
Greece,GRC,1953,3863350
Greece,GRC,1954,3817406.8
Greece,GRC,1955,3825051.2
Greece,GRC,1956,3823861.8
Greece,GRC,1957,3848622.2
Greece,GRC,1958,3880507.5
Greece,GRC,1959,3882636.2
Greece,GRC,1960,3700000
Greece,GRC,1961,3700000
Greece,GRC,1962,3702000
Greece,GRC,1963,3896000
Greece,GRC,1964,3848000
Greece,GRC,1965,3854000
Greece,GRC,1966,3851000
Greece,GRC,1967,3874000
Greece,GRC,1968,3904000
Greece,GRC,1969,3904000
Greece,GRC,1970,3910000
Greece,GRC,1971,3910000
Greece,GRC,1972,3910000
Greece,GRC,1973,3893000
Greece,GRC,1974,3891000
Greece,GRC,1975,3867000
Greece,GRC,1976,3862000
Greece,GRC,1977,3857000
Greece,GRC,1978,3920000
Greece,GRC,1979,3926000
Greece,GRC,1980,3925000
Greece,GRC,1981,3951000
Greece,GRC,1982,3951000
Greece,GRC,1983,3927000
Greece,GRC,1984,3954000
Greece,GRC,1985,3929000
Greece,GRC,1986,3925000
Greece,GRC,1987,3922000
Greece,GRC,1988,3924000
Greece,GRC,1989,3960000
Greece,GRC,1990,3967000
Greece,GRC,1991,3944000
Greece,GRC,1992,3942003.5
Greece,GRC,1993,3920016.5
Greece,GRC,1994,3920021.5
Greece,GRC,1995,3904011.2
Greece,GRC,1996,3899021.5
Greece,GRC,1997,3885002.8
Greece,GRC,1998,3882016.8
Greece,GRC,1999,3869999.2
Greece,GRC,2000,3854025.5
Greece,GRC,2001,3852004.8
Greece,GRC,2002,3846021.5
Greece,GRC,2003,3844011.2
Greece,GRC,2004,3761022
Greece,GRC,2005,3775012.5
Greece,GRC,2006,3722005
Greece,GRC,2007,3701024.5
Greece,GRC,2008,3694013
Greece,GRC,2009,3686004.8
Greece,GRC,2010,3703998.5
Greece,GRC,2011,3700024.2
Greece,GRC,2012,3676025.5
Greece,GRC,2013,3629019.2
Greece,GRC,2014,3333024.2
Greece,GRC,2015,3333025
Greece,GRC,2016,3211110
Greece,GRC,2017,3068691.8
Greece,GRC,2018,2942219.8
Greece,GRC,2019,2982800
Greece,GRC,2020,2892600
Greece,GRC,2021,2802400
Greece,GRC,2022,2712200
Greece,GRC,2023,2622000
Greenland,GRL,-10000,0
Greenland,GRL,-9000,0
Greenland,GRL,-8000,0
Greenland,GRL,-7000,0
Greenland,GRL,-6000,0
Greenland,GRL,-5000,0
Greenland,GRL,-4000,0
Greenland,GRL,-3000,0
Greenland,GRL,-2000,0
Greenland,GRL,-1000,0
Greenland,GRL,0,0
Greenland,GRL,100,0
Greenland,GRL,200,0
Greenland,GRL,300,0
Greenland,GRL,400,0
Greenland,GRL,500,0
Greenland,GRL,600,0
Greenland,GRL,700,0
Greenland,GRL,800,0
Greenland,GRL,900,0
Greenland,GRL,1000,0
Greenland,GRL,1100,0
Greenland,GRL,1200,0
Greenland,GRL,1300,0
Greenland,GRL,1400,0
Greenland,GRL,1500,0
Greenland,GRL,1600,0
Greenland,GRL,1700,0
Greenland,GRL,1710,0
Greenland,GRL,1720,0
Greenland,GRL,1730,0
Greenland,GRL,1740,0
Greenland,GRL,1750,0
Greenland,GRL,1760,0
Greenland,GRL,1770,0
Greenland,GRL,1780,0
Greenland,GRL,1790,0
Greenland,GRL,1800,0
Greenland,GRL,1810,0
Greenland,GRL,1820,0
Greenland,GRL,1830,0
Greenland,GRL,1840,0
Greenland,GRL,1850,0
Greenland,GRL,1860,0
Greenland,GRL,1870,0
Greenland,GRL,1880,0
Greenland,GRL,1890,0
Greenland,GRL,1900,0
Greenland,GRL,1910,0
Greenland,GRL,1920,0
Greenland,GRL,1930,0
Greenland,GRL,1940,0
Greenland,GRL,1950,0
Greenland,GRL,1951,0
Greenland,GRL,1952,0
Greenland,GRL,1953,0
Greenland,GRL,1954,0
Greenland,GRL,1955,0
Greenland,GRL,1956,0
Greenland,GRL,1957,0
Greenland,GRL,1958,0
Greenland,GRL,1959,0
Greenland,GRL,1960,0
Greenland,GRL,1961,0
Greenland,GRL,1962,0
Greenland,GRL,1963,0
Greenland,GRL,1964,0
Greenland,GRL,1965,0
Greenland,GRL,1966,0
Greenland,GRL,1967,0
Greenland,GRL,1968,0
Greenland,GRL,1969,0
Greenland,GRL,1970,0
Greenland,GRL,1971,0
Greenland,GRL,1972,0
Greenland,GRL,1973,0
Greenland,GRL,1974,0
Greenland,GRL,1975,0
Greenland,GRL,1976,0
Greenland,GRL,1977,0
Greenland,GRL,1978,0
Greenland,GRL,1979,0
Greenland,GRL,1980,0
Greenland,GRL,1981,0
Greenland,GRL,1982,0
Greenland,GRL,1983,0
Greenland,GRL,1984,0
Greenland,GRL,1985,0
Greenland,GRL,1986,0
Greenland,GRL,1987,0
Greenland,GRL,1988,0
Greenland,GRL,1989,0
Greenland,GRL,1990,0
Greenland,GRL,1991,0
Greenland,GRL,1992,0
Greenland,GRL,1993,0
Greenland,GRL,1994,0
Greenland,GRL,1995,0
Greenland,GRL,1996,0
Greenland,GRL,1997,0
Greenland,GRL,1998,0
Greenland,GRL,1999,0
Greenland,GRL,2000,0
Greenland,GRL,2001,0
Greenland,GRL,2002,0
Greenland,GRL,2003,0
Greenland,GRL,2004,0
Greenland,GRL,2005,0
Greenland,GRL,2006,0
Greenland,GRL,2007,0
Greenland,GRL,2008,0
Greenland,GRL,2009,0
Greenland,GRL,2010,0
Greenland,GRL,2011,0
Greenland,GRL,2012,0
Greenland,GRL,2013,0
Greenland,GRL,2014,0
Greenland,GRL,2015,0
Greenland,GRL,2016,0
Greenland,GRL,2017,0
Greenland,GRL,2018,0
Greenland,GRL,2019,0
Greenland,GRL,2020,0
Greenland,GRL,2021,0
Greenland,GRL,2022,0
Greenland,GRL,2023,0
Grenada,GRD,-10000,0
Grenada,GRD,-9000,0
Grenada,GRD,-8000,0
Grenada,GRD,-7000,0
Grenada,GRD,-6000,0
Grenada,GRD,-5000,0
Grenada,GRD,-4000,0
Grenada,GRD,-3000,0
Grenada,GRD,-2000,0
Grenada,GRD,-1000,0
Grenada,GRD,0,0
Grenada,GRD,100,0
Grenada,GRD,200,0
Grenada,GRD,300,0
Grenada,GRD,400,0
Grenada,GRD,500,0
Grenada,GRD,600,0
Grenada,GRD,700,0
Grenada,GRD,800,0
Grenada,GRD,900,0
Grenada,GRD,1000,0
Grenada,GRD,1100,0
Grenada,GRD,1200,0
Grenada,GRD,1300,0
Grenada,GRD,1400,0
Grenada,GRD,1500,4627.6787
Grenada,GRD,1600,4928.682
Grenada,GRD,1700,5239.3237
Grenada,GRD,1710,5653.4736
Grenada,GRD,1720,6100.2256
Grenada,GRD,1730,6582.133
Grenada,GRD,1740,7101.9487
Grenada,GRD,1750,7662.637
Grenada,GRD,1760,8267.396
Grenada,GRD,1770,8919.672
Grenada,GRD,1780,9623.174
Grenada,GRD,1790,10381.904
Grenada,GRD,1800,11200.172
Grenada,GRD,1810,12082.622
Grenada,GRD,1820,12448.376
Grenada,GRD,1830,12824.858
Grenada,GRD,1840,13212.369
Grenada,GRD,1850,13611.212
Grenada,GRD,1860,14021.699
Grenada,GRD,1870,14460.221
Grenada,GRD,1880,14912.02
Grenada,GRD,1890,15377.477
Grenada,GRD,1900,15856.98
Grenada,GRD,1910,16350.933
Grenada,GRD,1920,16330.408
Grenada,GRD,1930,16309.386
Grenada,GRD,1940,16287.854
Grenada,GRD,1950,16266.868
Grenada,GRD,1951,16249.292
Grenada,GRD,1952,16352.556
Grenada,GRD,1953,16551.742
Grenada,GRD,1954,16827.69
Grenada,GRD,1955,17159.14
Grenada,GRD,1956,17529.31
Grenada,GRD,1957,17914.46
Grenada,GRD,1958,18298.705
Grenada,GRD,1959,18664.492
Grenada,GRD,1960,19000
Grenada,GRD,1961,19000
Grenada,GRD,1962,19000
Grenada,GRD,1963,19000
Grenada,GRD,1964,19000
Grenada,GRD,1965,19000
Grenada,GRD,1966,19000
Grenada,GRD,1967,19000
Grenada,GRD,1968,19000
Grenada,GRD,1969,19000
Grenada,GRD,1970,19000
Grenada,GRD,1971,19000
Grenada,GRD,1972,18000
Grenada,GRD,1973,18000
Grenada,GRD,1974,18000
Grenada,GRD,1975,18000
Grenada,GRD,1976,18000
Grenada,GRD,1977,18000
Grenada,GRD,1978,17000
Grenada,GRD,1979,17000
Grenada,GRD,1980,15000
Grenada,GRD,1981,15000
Grenada,GRD,1982,15000
Grenada,GRD,1983,15000
Grenada,GRD,1984,15000
Grenada,GRD,1985,13000
Grenada,GRD,1986,13000
Grenada,GRD,1987,12000
Grenada,GRD,1988,12000
Grenada,GRD,1989,12000
Grenada,GRD,1990,12000
Grenada,GRD,1991,11000
Grenada,GRD,1992,11000
Grenada,GRD,1993,11000
Grenada,GRD,1994,11000
Grenada,GRD,1995,10000
Grenada,GRD,1996,10000
Grenada,GRD,1997,10000
Grenada,GRD,1998,10000
Grenada,GRD,1999,11000
Grenada,GRD,2000,11000
Grenada,GRD,2001,12000
Grenada,GRD,2002,12000
Grenada,GRD,2003,11000
Grenada,GRD,2004,11000
Grenada,GRD,2005,6000
Grenada,GRD,2006,6000
Grenada,GRD,2007,6000
Grenada,GRD,2008,6000
Grenada,GRD,2009,7000
Grenada,GRD,2010,7000
Grenada,GRD,2011,7000
Grenada,GRD,2012,7000
Grenada,GRD,2013,7000
Grenada,GRD,2014,7000
Grenada,GRD,2015,7000
Grenada,GRD,2016,7000
Grenada,GRD,2017,7000
Grenada,GRD,2018,7000
Grenada,GRD,2019,7000
Grenada,GRD,2020,7000
Grenada,GRD,2021,7000
Grenada,GRD,2022,7000
Grenada,GRD,2023,7000
Guadeloupe,GLP,-10000,0
Guadeloupe,GLP,-9000,0
Guadeloupe,GLP,-8000,0
Guadeloupe,GLP,-7000,0
Guadeloupe,GLP,-6000,0
Guadeloupe,GLP,-5000,0
Guadeloupe,GLP,-4000,0
Guadeloupe,GLP,-3000,0
Guadeloupe,GLP,-2000,0
Guadeloupe,GLP,-1000,0
Guadeloupe,GLP,0,0
Guadeloupe,GLP,100,0
Guadeloupe,GLP,200,0
Guadeloupe,GLP,300,0
Guadeloupe,GLP,400,0
Guadeloupe,GLP,500,0
Guadeloupe,GLP,600,0
Guadeloupe,GLP,700,0
Guadeloupe,GLP,800,0
Guadeloupe,GLP,900,0
Guadeloupe,GLP,1000,0
Guadeloupe,GLP,1100,0
Guadeloupe,GLP,1200,0
Guadeloupe,GLP,1300,0
Guadeloupe,GLP,1400,0
Guadeloupe,GLP,1500,10859.587
Guadeloupe,GLP,1600,11371.163
Guadeloupe,GLP,1700,11838.53
Guadeloupe,GLP,1710,12744.317
Guadeloupe,GLP,1720,13718.341
Guadeloupe,GLP,1730,14765.622
Guadeloupe,GLP,1740,15891.539
Guadeloupe,GLP,1750,17101.846
Guadeloupe,GLP,1760,18402.705
Guadeloupe,GLP,1770,19800.709
Guadeloupe,GLP,1780,21302.906
Guadeloupe,GLP,1790,22916.832
Guadeloupe,GLP,1800,24650.54
Guadeloupe,GLP,1810,26512.63
Guadeloupe,GLP,1820,27230.676
Guadeloupe,GLP,1830,27965.027
Guadeloupe,GLP,1840,28715.826
Guadeloupe,GLP,1850,29483.209
Guadeloupe,GLP,1860,30267.29
Guadeloupe,GLP,1870,31102.707
Guadeloupe,GLP,1880,31956.824
Guadeloupe,GLP,1890,32829.734
Guadeloupe,GLP,1900,33721.492
Guadeloupe,GLP,1910,34632.117
Guadeloupe,GLP,1920,34445.098
Guadeloupe,GLP,1930,34253.305
Guadeloupe,GLP,1940,34056.562
Guadeloupe,GLP,1950,33855.332
Guadeloupe,GLP,1951,34322.45
Guadeloupe,GLP,1952,34969.793
Guadeloupe,GLP,1953,35793.715
Guadeloupe,GLP,1954,36779.31
Guadeloupe,GLP,1955,37903.06
Guadeloupe,GLP,1956,39125.47
Guadeloupe,GLP,1957,40405.094
Guadeloupe,GLP,1958,41681.074
Guadeloupe,GLP,1959,42896.92
Guadeloupe,GLP,1960,44000
Guadeloupe,GLP,1961,44000
Guadeloupe,GLP,1962,44000
Guadeloupe,GLP,1963,44000
Guadeloupe,GLP,1964,44000
Guadeloupe,GLP,1965,44000
Guadeloupe,GLP,1966,44000
Guadeloupe,GLP,1967,44000
Guadeloupe,GLP,1968,44000
Guadeloupe,GLP,1969,44000
Guadeloupe,GLP,1970,46000
Guadeloupe,GLP,1971,46000
Guadeloupe,GLP,1972,46000
Guadeloupe,GLP,1973,44000
Guadeloupe,GLP,1974,38000
Guadeloupe,GLP,1975,38000
Guadeloupe,GLP,1976,39000
Guadeloupe,GLP,1977,39000
Guadeloupe,GLP,1978,39000
Guadeloupe,GLP,1979,38000
Guadeloupe,GLP,1980,38000
Guadeloupe,GLP,1981,37000
Guadeloupe,GLP,1982,34000
Guadeloupe,GLP,1983,32000
Guadeloupe,GLP,1984,32000
Guadeloupe,GLP,1985,31000
Guadeloupe,GLP,1986,31000
Guadeloupe,GLP,1987,30000
Guadeloupe,GLP,1988,29000
Guadeloupe,GLP,1989,31000
Guadeloupe,GLP,1990,29000
Guadeloupe,GLP,1991,30000
Guadeloupe,GLP,1992,30000
Guadeloupe,GLP,1993,30000
Guadeloupe,GLP,1994,28000
Guadeloupe,GLP,1995,28000
Guadeloupe,GLP,1996,25000
Guadeloupe,GLP,1997,25000
Guadeloupe,GLP,1998,26000
Guadeloupe,GLP,1999,25000
Guadeloupe,GLP,2000,25000
Guadeloupe,GLP,2001,25000
Guadeloupe,GLP,2002,25000
Guadeloupe,GLP,2003,25000
Guadeloupe,GLP,2004,24000
Guadeloupe,GLP,2005,23000
Guadeloupe,GLP,2006,24000
Guadeloupe,GLP,2007,25100
Guadeloupe,GLP,2008,25000
Guadeloupe,GLP,2009,24700
Guadeloupe,GLP,2010,24400
Guadeloupe,GLP,2011,24200
Guadeloupe,GLP,2012,24200
Guadeloupe,GLP,2013,24200
Guadeloupe,GLP,2014,25400
Guadeloupe,GLP,2015,25900
Guadeloupe,GLP,2016,26100
Guadeloupe,GLP,2017,25910
Guadeloupe,GLP,2018,26738
Guadeloupe,GLP,2019,27150
Guadeloupe,GLP,2020,27562
Guadeloupe,GLP,2021,27974
Guadeloupe,GLP,2022,28385.998
Guadeloupe,GLP,2023,28798.002
Guatemala,GTM,-10000,0
Guatemala,GTM,-9000,0
Guatemala,GTM,-8000,0
Guatemala,GTM,-7000,0
Guatemala,GTM,-6000,0
Guatemala,GTM,-5000,0
Guatemala,GTM,-4000,0
Guatemala,GTM,-3000,0
Guatemala,GTM,-2000,168298.19
Guatemala,GTM,-1000,170053.31
Guatemala,GTM,0,165360.27
Guatemala,GTM,100,177385.4
Guatemala,GTM,200,190114.94
Guatemala,GTM,300,203550.31
Guatemala,GTM,400,217697.47
Guatemala,GTM,500,232538.98
Guatemala,GTM,600,248039.4
Guatemala,GTM,700,264142.72
Guatemala,GTM,800,280762.72
Guatemala,GTM,900,409440.78
Guatemala,GTM,1000,529365
Guatemala,GTM,1100,545814
Guatemala,GTM,1200,558420.94
Guatemala,GTM,1300,566593.94
Guatemala,GTM,1400,569534.3
Guatemala,GTM,1500,566114.9
Guatemala,GTM,1600,396176.78
Guatemala,GTM,1700,423319.6
Guatemala,GTM,1710,413414.44
Guatemala,GTM,1720,403612.06
Guatemala,GTM,1730,393907.97
Guatemala,GTM,1740,384297.6
Guatemala,GTM,1750,374776.06
Guatemala,GTM,1760,365338.25
Guatemala,GTM,1770,355978.78
Guatemala,GTM,1780,346691.88
Guatemala,GTM,1790,337471.3
Guatemala,GTM,1800,328310.47
Guatemala,GTM,1810,319202.06
Guatemala,GTM,1820,310138.22
Guatemala,GTM,1830,344501.72
Guatemala,GTM,1840,381093.34
Guatemala,GTM,1850,421194
Guatemala,GTM,1860,469305.9
Guatemala,GTM,1870,514912.56
Guatemala,GTM,1880,547690.8
Guatemala,GTM,1890,563673.1
Guatemala,GTM,1900,579174.9
Guatemala,GTM,1910,625483.2
Guatemala,GTM,1920,673879.2
Guatemala,GTM,1930,724574.7
Guatemala,GTM,1940,869969.44
Guatemala,GTM,1950,1185951.4
Guatemala,GTM,1951,1218093.4
Guatemala,GTM,1952,1250586.9
Guatemala,GTM,1953,1283640.4
Guatemala,GTM,1954,1317402
Guatemala,GTM,1955,1351964.8
Guatemala,GTM,1956,1387356.2
Guatemala,GTM,1957,1423545.1
Guatemala,GTM,1958,1460454.8
Guatemala,GTM,1959,1497973.5
Guatemala,GTM,1960,1536000
Guatemala,GTM,1961,1536000
Guatemala,GTM,1962,1538000
Guatemala,GTM,1963,1540000
Guatemala,GTM,1964,1542000
Guatemala,GTM,1965,1544000
Guatemala,GTM,1966,1546000
Guatemala,GTM,1967,1558000
Guatemala,GTM,1968,1560000
Guatemala,GTM,1969,1552000
Guatemala,GTM,1970,1555000
Guatemala,GTM,1971,1557000
Guatemala,GTM,1972,1580000
Guatemala,GTM,1973,1613000
Guatemala,GTM,1974,1635000
Guatemala,GTM,1975,1638000
Guatemala,GTM,1976,1670000
Guatemala,GTM,1977,1723000
Guatemala,GTM,1978,1725000
Guatemala,GTM,1979,1726000
Guatemala,GTM,1980,1750000
Guatemala,GTM,1981,1757000
Guatemala,GTM,1982,1784000
Guatemala,GTM,1983,1785000
Guatemala,GTM,1984,1785000
Guatemala,GTM,1985,1785000
Guatemala,GTM,1986,1785000
Guatemala,GTM,1987,1785000
Guatemala,GTM,1988,1785000
Guatemala,GTM,1989,1785000
Guatemala,GTM,1990,1785000
Guatemala,GTM,1991,1785000
Guatemala,GTM,1992,1785000
Guatemala,GTM,1993,1880000
Guatemala,GTM,1994,1910000
Guatemala,GTM,1995,1910000
Guatemala,GTM,1996,1910000
Guatemala,GTM,1997,1920000
Guatemala,GTM,1998,1930000
Guatemala,GTM,1999,1940000
Guatemala,GTM,2000,1965000
Guatemala,GTM,2001,1995000
Guatemala,GTM,2002,2025000
Guatemala,GTM,2003,2563996
Guatemala,GTM,2004,2300000
Guatemala,GTM,2005,2241000
Guatemala,GTM,2006,2356000
Guatemala,GTM,2007,2506998.8
Guatemala,GTM,2008,2268000
Guatemala,GTM,2009,2210540
Guatemala,GTM,2010,2166080
Guatemala,GTM,2011,2131620
Guatemala,GTM,2012,2087160
Guatemala,GTM,2013,2035700
Guatemala,GTM,2014,1994800
Guatemala,GTM,2015,2045000
Guatemala,GTM,2016,2045000
Guatemala,GTM,2017,2045000
Guatemala,GTM,2018,2053740
Guatemala,GTM,2019,2060619.9
Guatemala,GTM,2020,2067500
Guatemala,GTM,2021,2074380.1
Guatemala,GTM,2022,2081260
Guatemala,GTM,2023,2088140
Guinea,GIN,-10000,0
Guinea,GIN,-9000,0
Guinea,GIN,-8000,0
Guinea,GIN,-7000,0
Guinea,GIN,-6000,0
Guinea,GIN,-5000,0
Guinea,GIN,-4000,0
Guinea,GIN,-3000,0
Guinea,GIN,-2000,0
Guinea,GIN,-1000,0
Guinea,GIN,0,0
Guinea,GIN,100,0
Guinea,GIN,200,0
Guinea,GIN,300,0
Guinea,GIN,400,0
Guinea,GIN,500,0
Guinea,GIN,600,0
Guinea,GIN,700,0
Guinea,GIN,800,254747.14
Guinea,GIN,900,509494.28
Guinea,GIN,1000,583871.56
Guinea,GIN,1100,669091.8
Guinea,GIN,1200,766733.75
Guinea,GIN,1300,878605.94
Guinea,GIN,1400,1006779.8
Guinea,GIN,1500,1153628.1
Guinea,GIN,1600,1321868.5
Guinea,GIN,1700,1514614
Guinea,GIN,1710,1527221.2
Guinea,GIN,1720,1540450.9
Guinea,GIN,1730,1554362.8
Guinea,GIN,1740,1569025.5
Guinea,GIN,1750,1584518.5
Guinea,GIN,1760,1600933.9
Guinea,GIN,1770,1618379.2
Guinea,GIN,1780,1636982
Guinea,GIN,1790,1656893.4
Guinea,GIN,1800,1678295.2
Guinea,GIN,1810,1701409.1
Guinea,GIN,1820,1726507.6
Guinea,GIN,1830,1753931
Guinea,GIN,1840,1784113.1
Guinea,GIN,1850,1817614.6
Guinea,GIN,1860,1855180.5
Guinea,GIN,1870,1897825.6
Guinea,GIN,1880,1946982
Guinea,GIN,1890,2004754.8
Guinea,GIN,1900,2074410
Guinea,GIN,1910,2161391
Guinea,GIN,1920,2275724.5
Guinea,GIN,1930,2438892.8
Guinea,GIN,1940,2710565.8
Guinea,GIN,1950,3389063
Guinea,GIN,1951,3441979.8
Guinea,GIN,1952,3490303.5
Guinea,GIN,1953,3536922.8
Guinea,GIN,1954,3584048
Guinea,GIN,1955,3633247
Guinea,GIN,1956,3685409.5
Guinea,GIN,1957,3740717.2
Guinea,GIN,1958,3798815.2
Guinea,GIN,1959,3858863
Guinea,GIN,1960,3920000
Guinea,GIN,1961,3920000
Guinea,GIN,1962,3919000
Guinea,GIN,1963,3895000
Guinea,GIN,1964,3871000
Guinea,GIN,1965,3848000
Guinea,GIN,1966,3824000
Guinea,GIN,1967,3800000
Guinea,GIN,1968,3776000
Guinea,GIN,1969,3752000
Guinea,GIN,1970,3729000
Guinea,GIN,1971,3705000
Guinea,GIN,1972,3681000
Guinea,GIN,1973,3657000
Guinea,GIN,1974,3634000
Guinea,GIN,1975,3620000
Guinea,GIN,1976,3596000
Guinea,GIN,1977,3572000
Guinea,GIN,1978,3548000
Guinea,GIN,1979,3545000
Guinea,GIN,1980,3521000
Guinea,GIN,1981,3497000
Guinea,GIN,1982,3473000
Guinea,GIN,1983,3459000
Guinea,GIN,1984,3436000
Guinea,GIN,1985,3422000
Guinea,GIN,1986,3398000
Guinea,GIN,1987,3374000
Guinea,GIN,1988,3381000
Guinea,GIN,1989,3357000
Guinea,GIN,1990,3353000
Guinea,GIN,1991,3349000
Guinea,GIN,1992,3355000
Guinea,GIN,1993,3352000
Guinea,GIN,1994,3348000
Guinea,GIN,1995,3324000
Guinea,GIN,1996,3217000
Guinea,GIN,1997,3100000
Guinea,GIN,1998,3015000
Guinea,GIN,1999,2840000
Guinea,GIN,2000,2789000
Guinea,GIN,2001,2840000
Guinea,GIN,2002,3040000
Guinea,GIN,2003,3145000
Guinea,GIN,2004,3230000
Guinea,GIN,2005,3421000
Guinea,GIN,2006,3430000
Guinea,GIN,2007,3480000
Guinea,GIN,2008,3540000
Guinea,GIN,2009,3550000
Guinea,GIN,2010,3600000
Guinea,GIN,2011,3600000
Guinea,GIN,2012,3700000
Guinea,GIN,2013,3800000
Guinea,GIN,2014,3800000
Guinea,GIN,2015,3800000
Guinea,GIN,2016,3800000
Guinea,GIN,2017,3800000
Guinea,GIN,2018,3800000
Guinea,GIN,2019,3800000
Guinea,GIN,2020,3800000
Guinea,GIN,2021,3800000
Guinea,GIN,2022,3800000
Guinea,GIN,2023,3800000
Guinea-Bissau,GNB,-10000,0
Guinea-Bissau,GNB,-9000,0
Guinea-Bissau,GNB,-8000,0
Guinea-Bissau,GNB,-7000,0
Guinea-Bissau,GNB,-6000,0
Guinea-Bissau,GNB,-5000,0
Guinea-Bissau,GNB,-4000,0
Guinea-Bissau,GNB,-3000,0
Guinea-Bissau,GNB,-2000,0
Guinea-Bissau,GNB,-1000,0
Guinea-Bissau,GNB,0,5155.055
Guinea-Bissau,GNB,100,5885.8657
Guinea-Bissau,GNB,200,6720.262
Guinea-Bissau,GNB,300,7672.9233
Guinea-Bissau,GNB,400,8760.608
Guinea-Bissau,GNB,500,10002.452
Guinea-Bissau,GNB,600,11420.299
Guinea-Bissau,GNB,700,13039.089
Guinea-Bissau,GNB,800,14887.294
Guinea-Bissau,GNB,900,16997.422
Guinea-Bissau,GNB,1000,19406.584
Guinea-Bissau,GNB,1100,22157.115
Guinea-Bissau,GNB,1200,25297.406
Guinea-Bissau,GNB,1300,28882.752
Guinea-Bissau,GNB,1400,32976.137
Guinea-Bissau,GNB,1500,37649.54
Guinea-Bissau,GNB,1600,42985.176
Guinea-Bissau,GNB,1700,49076.75
Guinea-Bissau,GNB,1710,49829.234
Guinea-Bissau,GNB,1720,50625.81
Guinea-Bissau,GNB,1730,51471.117
Guinea-Bissau,GNB,1740,52370.54
Guinea-Bissau,GNB,1750,53330.305
Guinea-Bissau,GNB,1760,54357.746
Guinea-Bissau,GNB,1770,55461.51
Guinea-Bissau,GNB,1780,56651.92
Guinea-Bissau,GNB,1790,57941.387
Guinea-Bissau,GNB,1800,59345.008
Guinea-Bissau,GNB,1810,60881.36
Guinea-Bissau,GNB,1820,62573.664
Guinea-Bissau,GNB,1830,64451.332
Guinea-Bissau,GNB,1840,66552.33
Guinea-Bissau,GNB,1850,68926.734
Guinea-Bissau,GNB,1860,71642.195
Guinea-Bissau,GNB,1870,74792.9
Guinea-Bissau,GNB,1880,78514.805
Guinea-Bissau,GNB,1890,83013.33
Guinea-Bissau,GNB,1900,88617.39
Guinea-Bissau,GNB,1910,95896.586
Guinea-Bissau,GNB,1920,105952.39
Guinea-Bissau,GNB,1930,121307.27
Guinea-Bissau,GNB,1940,149746.95
Guinea-Bissau,GNB,1950,241502.94
Guinea-Bissau,GNB,1951,245413.72
Guinea-Bissau,GNB,1952,248984.8
Guinea-Bissau,GNB,1953,252438.53
Guinea-Bissau,GNB,1954,255914.31
Guinea-Bissau,GNB,1955,259509.97
Guinea-Bissau,GNB,1956,263235.44
Guinea-Bissau,GNB,1957,267058.28
Guinea-Bissau,GNB,1958,270874.28
Guinea-Bissau,GNB,1959,274561.66
Guinea-Bissau,GNB,1960,278000
Guinea-Bissau,GNB,1961,278000
Guinea-Bissau,GNB,1962,278000
Guinea-Bissau,GNB,1963,278000
Guinea-Bissau,GNB,1964,278000
Guinea-Bissau,GNB,1965,278000
Guinea-Bissau,GNB,1966,278000
Guinea-Bissau,GNB,1967,288000
Guinea-Bissau,GNB,1968,288000
Guinea-Bissau,GNB,1969,288000
Guinea-Bissau,GNB,1970,288000
Guinea-Bissau,GNB,1971,288000
Guinea-Bissau,GNB,1972,288000
Guinea-Bissau,GNB,1973,293000
Guinea-Bissau,GNB,1974,298000
Guinea-Bissau,GNB,1975,298000
Guinea-Bissau,GNB,1976,298000
Guinea-Bissau,GNB,1977,299000
Guinea-Bissau,GNB,1978,299000
Guinea-Bissau,GNB,1979,300000
Guinea-Bissau,GNB,1980,303000
Guinea-Bissau,GNB,1981,310000
Guinea-Bissau,GNB,1982,323000
Guinea-Bissau,GNB,1983,333000
Guinea-Bissau,GNB,1984,360000
Guinea-Bissau,GNB,1985,368000
Guinea-Bissau,GNB,1986,335000
Guinea-Bissau,GNB,1987,330000
Guinea-Bissau,GNB,1988,320000
Guinea-Bissau,GNB,1989,357000
Guinea-Bissau,GNB,1990,367000
Guinea-Bissau,GNB,1991,367000
Guinea-Bissau,GNB,1992,367000
Guinea-Bissau,GNB,1993,387000
Guinea-Bissau,GNB,1994,397000
Guinea-Bissau,GNB,1995,406000
Guinea-Bissau,GNB,1996,412000
Guinea-Bissau,GNB,1997,457000
Guinea-Bissau,GNB,1998,457000
Guinea-Bissau,GNB,1999,508000
Guinea-Bissau,GNB,2000,548000
Guinea-Bissau,GNB,2001,548000
Guinea-Bissau,GNB,2002,529000
Guinea-Bissau,GNB,2003,520000
Guinea-Bissau,GNB,2004,530000
Guinea-Bissau,GNB,2005,530000
Guinea-Bissau,GNB,2006,530000
Guinea-Bissau,GNB,2007,530000
Guinea-Bissau,GNB,2008,530000
Guinea-Bissau,GNB,2009,530000
Guinea-Bissau,GNB,2010,550000
Guinea-Bissau,GNB,2011,550000
Guinea-Bissau,GNB,2012,550000
Guinea-Bissau,GNB,2013,550000
Guinea-Bissau,GNB,2014,550000
Guinea-Bissau,GNB,2015,550000
Guinea-Bissau,GNB,2016,550000
Guinea-Bissau,GNB,2017,550000
Guinea-Bissau,GNB,2018,550000
Guinea-Bissau,GNB,2019,550000
Guinea-Bissau,GNB,2020,550000
Guinea-Bissau,GNB,2021,550000
Guinea-Bissau,GNB,2022,550000
Guinea-Bissau,GNB,2023,550000
Guyana,GUY,-10000,0
Guyana,GUY,-9000,0
Guyana,GUY,-8000,0
Guyana,GUY,-7000,0
Guyana,GUY,-6000,0
Guyana,GUY,-5000,0
Guyana,GUY,-4000,0
Guyana,GUY,-3000,0
Guyana,GUY,-2000,0
Guyana,GUY,-1000,3474.0837
Guyana,GUY,0,6172.3955
Guyana,GUY,100,7604.2275
Guyana,GUY,200,9362.007
Guyana,GUY,300,11517.756
Guyana,GUY,400,14158.597
Guyana,GUY,500,17389.594
Guyana,GUY,600,21336.97
Guyana,GUY,700,26151.7
Guyana,GUY,800,32013.355
Guyana,GUY,900,39134.047
Guyana,GUY,1000,47762.098
Guyana,GUY,1100,51202.637
Guyana,GUY,1200,54320.062
Guyana,GUY,1300,61472.113
Guyana,GUY,1400,67937.5
Guyana,GUY,1500,73632.84
Guyana,GUY,1600,70605.68
Guyana,GUY,1700,74591.375
Guyana,GUY,1710,77737.44
Guyana,GUY,1720,81009.5
Guyana,GUY,1730,84412.086
Guyana,GUY,1740,87949.836
Guyana,GUY,1750,91627.51
Guyana,GUY,1760,95449.984
Guyana,GUY,1770,99422.23
Guyana,GUY,1780,103549.35
Guyana,GUY,1790,107836.54
Guyana,GUY,1800,112289.06
Guyana,GUY,1810,116912.32
Guyana,GUY,1820,122294.1
Guyana,GUY,1830,127908.16
Guyana,GUY,1840,133763.11
Guyana,GUY,1850,139867.81
Guyana,GUY,1860,146231.2
Guyana,GUY,1870,157320.95
Guyana,GUY,1880,169226.7
Guyana,GUY,1890,182005.39
Guyana,GUY,1900,195717.52
Guyana,GUY,1910,210427.27
Guyana,GUY,1920,223717.02
Guyana,GUY,1930,237802.17
Guyana,GUY,1940,252725.22
Guyana,GUY,1950,258154.08
Guyana,GUY,1951,265622.28
Guyana,GUY,1952,274363.28
Guyana,GUY,1953,284040
Guyana,GUY,1954,294366.16
Guyana,GUY,1955,305106.56
Guyana,GUY,1956,316071.47
Guyana,GUY,1957,327121.47
Guyana,GUY,1958,338166.8
Guyana,GUY,1959,349138.7
Guyana,GUY,1960,360000
Guyana,GUY,1961,360000
Guyana,GUY,1962,360000
Guyana,GUY,1963,360000
Guyana,GUY,1964,360000
Guyana,GUY,1965,360000
Guyana,GUY,1966,365000
Guyana,GUY,1967,365000
Guyana,GUY,1968,367000
Guyana,GUY,1969,367000
Guyana,GUY,1970,372000
Guyana,GUY,1971,372000
Guyana,GUY,1972,375000
Guyana,GUY,1973,377000
Guyana,GUY,1974,377000
Guyana,GUY,1975,379000
Guyana,GUY,1976,408000
Guyana,GUY,1977,437000
Guyana,GUY,1978,466000
Guyana,GUY,1979,495000
Guyana,GUY,1980,495000
Guyana,GUY,1981,494987.7
Guyana,GUY,1982,494976.06
Guyana,GUY,1983,494977.25
Guyana,GUY,1984,497978.28
Guyana,GUY,1985,497979.34
Guyana,GUY,1986,499980.28
Guyana,GUY,1987,499981.25
Guyana,GUY,1988,499982.22
Guyana,GUY,1989,501983.16
Guyana,GUY,1990,501984.2
Guyana,GUY,1991,503985.25
Guyana,GUY,1992,503986.38
Guyana,GUY,1993,503987.66
Guyana,GUY,1994,503988.72
Guyana,GUY,1995,503965.7
Guyana,GUY,1996,503969.1
Guyana,GUY,1997,503971.5
Guyana,GUY,1998,503973.8
Guyana,GUY,1999,504976.28
Guyana,GUY,2000,477979.2
Guyana,GUY,2001,477981.75
Guyana,GUY,2002,477984.03
Guyana,GUY,2003,477986.28
Guyana,GUY,2004,477987.06
Guyana,GUY,2005,447991.9
Guyana,GUY,2006,447993.66
Guyana,GUY,2007,447994.03
Guyana,GUY,2008,447996.94
Guyana,GUY,2009,447998.1
Guyana,GUY,2010,448000
Guyana,GUY,2011,448000
Guyana,GUY,2012,448000
Guyana,GUY,2013,450000
Guyana,GUY,2014,450000
Guyana,GUY,2015,460000
Guyana,GUY,2016,470000
Guyana,GUY,2017,470000
Guyana,GUY,2018,478000
Guyana,GUY,2019,484000
Guyana,GUY,2020,490000
Guyana,GUY,2021,496000
Guyana,GUY,2022,502000
Guyana,GUY,2023,508000
Haiti,HTI,-10000,0
Haiti,HTI,-9000,0
Haiti,HTI,-8000,0
Haiti,HTI,-7000,0
Haiti,HTI,-6000,0
Haiti,HTI,-5000,0
Haiti,HTI,-4000,0
Haiti,HTI,-3000,0
Haiti,HTI,-2000,0
Haiti,HTI,-1000,0
Haiti,HTI,0,0
Haiti,HTI,100,0
Haiti,HTI,200,0
Haiti,HTI,300,0
Haiti,HTI,400,0
Haiti,HTI,500,0
Haiti,HTI,600,0
Haiti,HTI,700,0
Haiti,HTI,800,0
Haiti,HTI,900,0
Haiti,HTI,1000,0
Haiti,HTI,1100,0
Haiti,HTI,1200,0
Haiti,HTI,1300,0
Haiti,HTI,1400,0
Haiti,HTI,1500,138718.11
Haiti,HTI,1600,25594.424
Haiti,HTI,1700,29071.771
Haiti,HTI,1710,35932.08
Haiti,HTI,1720,44393.727
Haiti,HTI,1730,54824.76
Haiti,HTI,1740,67675.88
Haiti,HTI,1750,83498.31
Haiti,HTI,1760,102965.22
Haiti,HTI,1770,126897.484
Haiti,HTI,1780,156294.16
Haiti,HTI,1790,192368.72
Haiti,HTI,1800,236591.53
Haiti,HTI,1810,290739.06
Haiti,HTI,1820,356950.7
Haiti,HTI,1830,395818.62
Haiti,HTI,1840,415633.53
Haiti,HTI,1850,435875.1
Haiti,HTI,1860,474141
Haiti,HTI,1870,509586.2
Haiti,HTI,1880,528845.44
Haiti,HTI,1890,579665.06
Haiti,HTI,1900,633629.56
Haiti,HTI,1910,709544.7
Haiti,HTI,1920,801213.56
Haiti,HTI,1930,874118.25
Haiti,HTI,1940,943513.4
Haiti,HTI,1950,1040255.7
Haiti,HTI,1951,1050695
Haiti,HTI,1952,1061484.5
Haiti,HTI,1953,1072641.5
Haiti,HTI,1954,1084165.4
Haiti,HTI,1955,1096060
Haiti,HTI,1956,1108299.8
Haiti,HTI,1957,1120858.4
Haiti,HTI,1958,1133693.6
Haiti,HTI,1959,1146760.4
Haiti,HTI,1960,1160000
Haiti,HTI,1961,1160000
Haiti,HTI,1962,1165000
Haiti,HTI,1963,1170000
Haiti,HTI,1964,1175000
Haiti,HTI,1965,1180000
Haiti,HTI,1966,1185000
Haiti,HTI,1967,1190000
Haiti,HTI,1968,1195000
Haiti,HTI,1969,1200000
Haiti,HTI,1970,1205000
Haiti,HTI,1971,1210000
Haiti,HTI,1972,1084000
Haiti,HTI,1973,1083000
Haiti,HTI,1974,1083000
Haiti,HTI,1975,1083000
Haiti,HTI,1976,1085000
Haiti,HTI,1977,1085000
Haiti,HTI,1978,1095000
Haiti,HTI,1979,1095000
Haiti,HTI,1980,1100000
Haiti,HTI,1981,1100000
Haiti,HTI,1982,1100000
Haiti,HTI,1983,1100000
Haiti,HTI,1984,1100000
Haiti,HTI,1985,1100000
Haiti,HTI,1986,1100000
Haiti,HTI,1987,1100000
Haiti,HTI,1988,1100000
Haiti,HTI,1989,1100000
Haiti,HTI,1990,1100000
Haiti,HTI,1991,1100000
Haiti,HTI,1992,1080000
Haiti,HTI,1993,1080000
Haiti,HTI,1994,1100000
Haiti,HTI,1995,1100000
Haiti,HTI,1996,1100000
Haiti,HTI,1997,1200000
Haiti,HTI,1998,1200000
Haiti,HTI,1999,1200000
Haiti,HTI,2000,1200000
Haiti,HTI,2001,1180000
Haiti,HTI,2002,1180000
Haiti,HTI,2003,1180000
Haiti,HTI,2004,1180000
Haiti,HTI,2005,1180000
Haiti,HTI,2006,1180000
Haiti,HTI,2007,1330000
Haiti,HTI,2008,1280000
Haiti,HTI,2009,1306330
Haiti,HTI,2010,1380000
Haiti,HTI,2011,1340000
Haiti,HTI,2012,1280000
Haiti,HTI,2013,1350000
Haiti,HTI,2014,1350000
Haiti,HTI,2015,1350000
Haiti,HTI,2016,1350000
Haiti,HTI,2017,1350000
Haiti,HTI,2018,1350000
Haiti,HTI,2019,1350000
Haiti,HTI,2020,1350000
Haiti,HTI,2021,1350000
Haiti,HTI,2022,1350000
Haiti,HTI,2023,1350000
Honduras,HND,-10000,0
Honduras,HND,-9000,0
Honduras,HND,-8000,0
Honduras,HND,-7000,0
Honduras,HND,-6000,0
Honduras,HND,-5000,0
Honduras,HND,-4000,0
Honduras,HND,-3000,0
Honduras,HND,-2000,0
Honduras,HND,-1000,0
Honduras,HND,0,45598.89
Honduras,HND,100,56246.785
Honduras,HND,200,69342.88
Honduras,HND,300,85437.016
Honduras,HND,400,105197.81
Honduras,HND,500,129436.57
Honduras,HND,600,159132.62
Honduras,HND,700,195475.98
Honduras,HND,800,239887.77
Honduras,HND,900,294065.06
Honduras,HND,1000,360053.84
Honduras,HND,1100,440250.38
Honduras,HND,1200,537458.1
Honduras,HND,1300,654945
Honduras,HND,1400,796436.9
Honduras,HND,1500,966094.1
Honduras,HND,1600,267065.1
Honduras,HND,1700,73559.35
Honduras,HND,1710,75800.04
Honduras,HND,1720,78105.39
Honduras,HND,1730,80477.05
Honduras,HND,1740,82916.73
Honduras,HND,1750,85426.13
Honduras,HND,1760,88007.02
Honduras,HND,1770,90661.17
Honduras,HND,1780,93390.39
Honduras,HND,1790,96196.5
Honduras,HND,1800,99081.37
Honduras,HND,1810,102046.875
Honduras,HND,1820,105094.92
Honduras,HND,1830,199275.9
Honduras,HND,1840,231423.17
Honduras,HND,1850,268739.22
Honduras,HND,1860,297790.4
Honduras,HND,1870,319164.56
Honduras,HND,1880,342048.94
Honduras,HND,1890,366547.78
Honduras,HND,1900,392772.22
Honduras,HND,1910,420840.72
Honduras,HND,1920,485784.28
Honduras,HND,1930,638388.2
Honduras,HND,1940,822751.06
Honduras,HND,1950,1129079.6
Honduras,HND,1951,1158986.5
Honduras,HND,1952,1189833.8
Honduras,HND,1953,1221808
Honduras,HND,1954,1255013.1
Honduras,HND,1955,1289514.8
Honduras,HND,1956,1325320
Honduras,HND,1957,1362373.5
Honduras,HND,1958,1400580.6
Honduras,HND,1959,1439820.2
Honduras,HND,1960,1480000
Honduras,HND,1961,1480000
Honduras,HND,1962,1490000
Honduras,HND,1963,1495000
Honduras,HND,1964,1500000
Honduras,HND,1965,1505000
Honduras,HND,1966,1515000
Honduras,HND,1967,1525000
Honduras,HND,1968,1530000
Honduras,HND,1969,1530000
Honduras,HND,1970,1540000
Honduras,HND,1971,1545000
Honduras,HND,1972,1580000
Honduras,HND,1973,1590000
Honduras,HND,1974,1596000
Honduras,HND,1975,1635000
Honduras,HND,1976,1670000
Honduras,HND,1977,1745000
Honduras,HND,1978,1757000
Honduras,HND,1979,1757000
Honduras,HND,1980,1757000
Honduras,HND,1981,1764000
Honduras,HND,1982,1769000
Honduras,HND,1983,1770000
Honduras,HND,1984,1777000
Honduras,HND,1985,1778000
Honduras,HND,1986,1785000
Honduras,HND,1987,1785000
Honduras,HND,1988,1785000
Honduras,HND,1989,1810000
Honduras,HND,1990,1820000
Honduras,HND,1991,1842000
Honduras,HND,1992,1855000
Honduras,HND,1993,2015000
Honduras,HND,1994,1990000
Honduras,HND,1995,1950000
Honduras,HND,1996,1950000
Honduras,HND,1997,1875000
Honduras,HND,1998,1875000
Honduras,HND,1999,1827000
Honduras,HND,2000,1427000
Honduras,HND,2001,1428000
Honduras,HND,2002,1428000
Honduras,HND,2003,1438000
Honduras,HND,2004,1440000
Honduras,HND,2005,1450000
Honduras,HND,2006,1460000
Honduras,HND,2007,1460000
Honduras,HND,2008,1428000
Honduras,HND,2009,1438000
Honduras,HND,2010,1500000
Honduras,HND,2011,1530000
Honduras,HND,2012,1560000
Honduras,HND,2013,1560000
Honduras,HND,2014,1560000
Honduras,HND,2015,1610000
Honduras,HND,2016,1660000
Honduras,HND,2017,1720000
Honduras,HND,2018,1748000
Honduras,HND,2019,1790000
Honduras,HND,2020,1832000
Honduras,HND,2021,1874000
Honduras,HND,2022,1916000
Honduras,HND,2023,1958000
Hong Kong,HKG,-10000,0
Hong Kong,HKG,-9000,0
Hong Kong,HKG,-8000,0
Hong Kong,HKG,-7000,0
Hong Kong,HKG,-6000,0
Hong Kong,HKG,-5000,0
Hong Kong,HKG,-4000,0
Hong Kong,HKG,-3000,0
Hong Kong,HKG,-2000,0
Hong Kong,HKG,-1000,0
Hong Kong,HKG,0,0
Hong Kong,HKG,100,0
Hong Kong,HKG,200,0
Hong Kong,HKG,300,0
Hong Kong,HKG,400,0
Hong Kong,HKG,500,0
Hong Kong,HKG,600,0
Hong Kong,HKG,700,0
Hong Kong,HKG,800,0
Hong Kong,HKG,900,0
Hong Kong,HKG,1000,0
Hong Kong,HKG,1100,0
Hong Kong,HKG,1200,0
Hong Kong,HKG,1300,0
Hong Kong,HKG,1400,0
Hong Kong,HKG,1500,0
Hong Kong,HKG,1600,0
Hong Kong,HKG,1700,0
Hong Kong,HKG,1710,0
Hong Kong,HKG,1720,0
Hong Kong,HKG,1730,0
Hong Kong,HKG,1740,0
Hong Kong,HKG,1750,0
Hong Kong,HKG,1760,0
Hong Kong,HKG,1770,0
Hong Kong,HKG,1780,0
Hong Kong,HKG,1790,0
Hong Kong,HKG,1800,0
Hong Kong,HKG,1810,0
Hong Kong,HKG,1820,0
Hong Kong,HKG,1830,0
Hong Kong,HKG,1840,0
Hong Kong,HKG,1850,0
Hong Kong,HKG,1860,0
Hong Kong,HKG,1870,0
Hong Kong,HKG,1880,0
Hong Kong,HKG,1890,0
Hong Kong,HKG,1900,0
Hong Kong,HKG,1910,0
Hong Kong,HKG,1920,0
Hong Kong,HKG,1930,0
Hong Kong,HKG,1940,0
Hong Kong,HKG,1950,0
Hong Kong,HKG,1951,0
Hong Kong,HKG,1952,0
Hong Kong,HKG,1953,0
Hong Kong,HKG,1954,0
Hong Kong,HKG,1955,0
Hong Kong,HKG,1956,0
Hong Kong,HKG,1957,0
Hong Kong,HKG,1958,0
Hong Kong,HKG,1959,0
Hong Kong,HKG,1960,0
Hong Kong,HKG,1961,0
Hong Kong,HKG,1962,0
Hong Kong,HKG,1963,0
Hong Kong,HKG,1964,0
Hong Kong,HKG,1965,0
Hong Kong,HKG,1966,0
Hong Kong,HKG,1967,0
Hong Kong,HKG,1968,0
Hong Kong,HKG,1969,0
Hong Kong,HKG,1970,0
Hong Kong,HKG,1971,0
Hong Kong,HKG,1972,0
Hong Kong,HKG,1973,0
Hong Kong,HKG,1974,0
Hong Kong,HKG,1975,0
Hong Kong,HKG,1976,0
Hong Kong,HKG,1977,0
Hong Kong,HKG,1978,0
Hong Kong,HKG,1979,0
Hong Kong,HKG,1980,0
Hong Kong,HKG,1981,0
Hong Kong,HKG,1982,0
Hong Kong,HKG,1983,0
Hong Kong,HKG,1984,0
Hong Kong,HKG,1985,0
Hong Kong,HKG,1986,0
Hong Kong,HKG,1987,0
Hong Kong,HKG,1988,0
Hong Kong,HKG,1989,0
Hong Kong,HKG,1990,0
Hong Kong,HKG,1991,0
Hong Kong,HKG,1992,0
Hong Kong,HKG,1993,0
Hong Kong,HKG,1994,0
Hong Kong,HKG,1995,0
Hong Kong,HKG,1996,0
Hong Kong,HKG,1997,0
Hong Kong,HKG,1998,0
Hong Kong,HKG,1999,0
Hong Kong,HKG,2000,0
Hong Kong,HKG,2001,0
Hong Kong,HKG,2002,0
Hong Kong,HKG,2003,0
Hong Kong,HKG,2004,0
Hong Kong,HKG,2005,0
Hong Kong,HKG,2006,0
Hong Kong,HKG,2007,0
Hong Kong,HKG,2008,0
Hong Kong,HKG,2009,0
Hong Kong,HKG,2010,0
Hong Kong,HKG,2011,0
Hong Kong,HKG,2012,0
Hong Kong,HKG,2013,0
Hong Kong,HKG,2014,0
Hong Kong,HKG,2015,0
Hong Kong,HKG,2016,0
Hong Kong,HKG,2017,0
Hong Kong,HKG,2018,0
Hong Kong,HKG,2019,0
Hong Kong,HKG,2020,0
Hong Kong,HKG,2021,0
Hong Kong,HKG,2022,0
Hong Kong,HKG,2023,0
Hungary,HUN,-10000,0
Hungary,HUN,-9000,0
Hungary,HUN,-8000,0
Hungary,HUN,-7000,0
Hungary,HUN,-6000,44693.316
Hungary,HUN,-5000,109378.93
Hungary,HUN,-4000,141417.95
Hungary,HUN,-3000,181818.12
Hungary,HUN,-2000,347800.62
Hungary,HUN,-1000,492616.66
Hungary,HUN,0,454402.94
Hungary,HUN,100,449789.75
Hungary,HUN,200,444979.16
Hungary,HUN,300,439951.03
Hungary,HUN,400,434681.97
Hungary,HUN,500,357620.25
Hungary,HUN,600,282203.4
Hungary,HUN,700,347603.97
Hungary,HUN,800,410554.78
Hungary,HUN,900,538046.94
Hungary,HUN,1000,659983.6
Hungary,HUN,1100,775643.94
Hungary,HUN,1200,1010403.5
Hungary,HUN,1300,1537713.6
Hungary,HUN,1400,1193407.6
Hungary,HUN,1500,1439324.1
Hungary,HUN,1600,1377904.6
Hungary,HUN,1700,1563669.8
Hungary,HUN,1710,1721139
Hungary,HUN,1720,1876069.9
Hungary,HUN,1730,2028350.6
Hungary,HUN,1740,2177858.5
Hungary,HUN,1750,2324460
Hungary,HUN,1760,2468009.5
Hungary,HUN,1770,2608345
Hungary,HUN,1780,2745289
Hungary,HUN,1790,2878643.5
Hungary,HUN,1800,3008187.8
Hungary,HUN,1810,3133674
Hungary,HUN,1820,3254823
Hungary,HUN,1830,3614198
Hungary,HUN,1840,3963046.5
Hungary,HUN,1850,4143782.5
Hungary,HUN,1860,4261374.5
Hungary,HUN,1870,4371727
Hungary,HUN,1880,4564663.5
Hungary,HUN,1890,4745717
Hungary,HUN,1900,5020811.5
Hungary,HUN,1910,5284377
Hungary,HUN,1920,5381900.5
Hungary,HUN,1930,5719429
Hungary,HUN,1940,5980827.5
Hungary,HUN,1950,5856057.5
Hungary,HUN,1951,5836375.5
Hungary,HUN,1952,5816599
Hungary,HUN,1953,5796550.5
Hungary,HUN,1954,5776220.5
Hungary,HUN,1955,5755600
Hungary,HUN,1956,5734679.5
Hungary,HUN,1957,5713449.5
Hungary,HUN,1958,5691899
Hungary,HUN,1959,5670017.5
Hungary,HUN,1960,5647792.5
Hungary,HUN,1961,5624000
Hungary,HUN,1962,5622000
Hungary,HUN,1963,5625000
Hungary,HUN,1964,5638000
Hungary,HUN,1965,5649000
Hungary,HUN,1966,5642000
Hungary,HUN,1967,5626000
Hungary,HUN,1968,5613000
Hungary,HUN,1969,5604000
Hungary,HUN,1970,5594000
Hungary,HUN,1971,5578000
Hungary,HUN,1972,5565000
Hungary,HUN,1973,5555000
Hungary,HUN,1974,5503000
Hungary,HUN,1975,5495000
Hungary,HUN,1976,5471000
Hungary,HUN,1977,5422000
Hungary,HUN,1978,5388000
Hungary,HUN,1979,5354000
Hungary,HUN,1980,5333000
Hungary,HUN,1981,5317000
Hungary,HUN,1982,5299000
Hungary,HUN,1983,5292000
Hungary,HUN,1984,5289000
Hungary,HUN,1985,5293000
Hungary,HUN,1986,5289000
Hungary,HUN,1987,5289000
Hungary,HUN,1988,5287000
Hungary,HUN,1989,5287000
Hungary,HUN,1990,5288000
Hungary,HUN,1991,5287000
Hungary,HUN,1992,4972000
Hungary,HUN,1993,4973000
Hungary,HUN,1994,4974000
Hungary,HUN,1995,5031000
Hungary,HUN,1996,5036000
Hungary,HUN,1997,5047000
Hungary,HUN,1998,5045000
Hungary,HUN,1999,5039000
Hungary,HUN,2000,4803000
Hungary,HUN,2001,4804000
Hungary,HUN,2002,4786000
Hungary,HUN,2003,4803000
Hungary,HUN,2004,4804000
Hungary,HUN,2005,4806000
Hungary,HUN,2006,4794000
Hungary,HUN,2007,4790000
Hungary,HUN,2008,4780000
Hungary,HUN,2009,4779000
Hungary,HUN,2010,4580000
Hungary,HUN,2011,4578000
Hungary,HUN,2012,4579000
Hungary,HUN,2013,4498000
Hungary,HUN,2014,4503000
Hungary,HUN,2015,4503000
Hungary,HUN,2016,4499000
Hungary,HUN,2017,4499000
Hungary,HUN,2018,4499800
Hungary,HUN,2019,4499600
Hungary,HUN,2020,4499400
Hungary,HUN,2021,4499200
Hungary,HUN,2022,4499000
Hungary,HUN,2023,4498800
Iceland,ISL,-10000,0
Iceland,ISL,-9000,0
Iceland,ISL,-8000,0
Iceland,ISL,-7000,0
Iceland,ISL,-6000,0
Iceland,ISL,-5000,0
Iceland,ISL,-4000,0
Iceland,ISL,-3000,0
Iceland,ISL,-2000,0
Iceland,ISL,-1000,0
Iceland,ISL,0,0
Iceland,ISL,100,0
Iceland,ISL,200,0
Iceland,ISL,300,0
Iceland,ISL,400,0
Iceland,ISL,500,0
Iceland,ISL,600,0
Iceland,ISL,700,0
Iceland,ISL,800,0
Iceland,ISL,900,16609.924
Iceland,ISL,1000,33311.832
Iceland,ISL,1100,46764.633
Iceland,ISL,1200,46892.004
Iceland,ISL,1300,47018.688
Iceland,ISL,1400,40409.73
Iceland,ISL,1500,40517.16
Iceland,ISL,1600,33853.35
Iceland,ISL,1700,33628.312
Iceland,ISL,1710,34323.54
Iceland,ISL,1720,35033.125
Iceland,ISL,1730,35757.375
Iceland,ISL,1740,36496.59
Iceland,ISL,1750,37251.082
Iceland,ISL,1760,38021.16
Iceland,ISL,1770,38807.152
Iceland,ISL,1780,39609.383
Iceland,ISL,1790,40428.19
Iceland,ISL,1800,41263.918
Iceland,ISL,1810,42116.914
Iceland,ISL,1820,43883.1
Iceland,ISL,1830,45723.35
Iceland,ISL,1840,47640.76
Iceland,ISL,1850,49638.566
Iceland,ISL,1860,51720.14
Iceland,ISL,1870,52255.992
Iceland,ISL,1880,52797.395
Iceland,ISL,1890,53344.383
Iceland,ISL,1900,53897.035
Iceland,ISL,1910,54455.402
Iceland,ISL,1920,68086.68
Iceland,ISL,1930,78348.52
Iceland,ISL,1940,89061.68
Iceland,ISL,1950,97468.625
Iceland,ISL,1951,99030.96
Iceland,ISL,1952,100922.03
Iceland,ISL,1953,103052.34
Iceland,ISL,1954,105335.14
Iceland,ISL,1955,107719.18
Iceland,ISL,1956,110151.87
Iceland,ISL,1957,112607.9
Iceland,ISL,1958,115070.22
Iceland,ISL,1959,117536.07
Iceland,ISL,1960,120000
Iceland,ISL,1961,120000
Iceland,ISL,1962,120000
Iceland,ISL,1963,120000
Iceland,ISL,1964,120000
Iceland,ISL,1965,120000
Iceland,ISL,1966,120000
Iceland,ISL,1967,120000
Iceland,ISL,1968,120000
Iceland,ISL,1969,120000
Iceland,ISL,1970,121000
Iceland,ISL,1971,122000
Iceland,ISL,1972,123000
Iceland,ISL,1973,124000
Iceland,ISL,1974,125000
Iceland,ISL,1975,126000
Iceland,ISL,1976,127000
Iceland,ISL,1977,129000
Iceland,ISL,1978,130000
Iceland,ISL,1979,131000
Iceland,ISL,1980,133000
Iceland,ISL,1981,133000
Iceland,ISL,1982,134000
Iceland,ISL,1983,134000
Iceland,ISL,1984,134000
Iceland,ISL,1985,134000
Iceland,ISL,1986,135000
Iceland,ISL,1987,135000
Iceland,ISL,1988,135000
Iceland,ISL,1989,135000
Iceland,ISL,1990,136000
Iceland,ISL,1991,136000
Iceland,ISL,1992,136000
Iceland,ISL,1993,135000
Iceland,ISL,1994,135000
Iceland,ISL,1995,135000
Iceland,ISL,1996,134000
Iceland,ISL,1997,133000
Iceland,ISL,1998,130000
Iceland,ISL,1999,129000
Iceland,ISL,2000,129000
Iceland,ISL,2001,129000
Iceland,ISL,2002,129000
Iceland,ISL,2003,129000
Iceland,ISL,2004,129000
Iceland,ISL,2005,129000
Iceland,ISL,2006,129000
Iceland,ISL,2007,125000
Iceland,ISL,2008,125000
Iceland,ISL,2009,124000
Iceland,ISL,2010,123000
Iceland,ISL,2011,122200
Iceland,ISL,2012,121200
Iceland,ISL,2013,121200
Iceland,ISL,2014,121200
Iceland,ISL,2015,121000
Iceland,ISL,2016,121000
Iceland,ISL,2017,121000
Iceland,ISL,2018,120900
Iceland,ISL,2019,120840
Iceland,ISL,2020,120780.01
Iceland,ISL,2021,120719.99
Iceland,ISL,2022,120660
Iceland,ISL,2023,120600
India,IND,-10000,0
India,IND,-9000,0
India,IND,-8000,0
India,IND,-7000,0
India,IND,-6000,0
India,IND,-5000,0
India,IND,-4000,88929.336
India,IND,-3000,173533.17
India,IND,-2000,1820558.6
India,IND,-1000,8854428
India,IND,0,20146760
India,IND,100,20944652
India,IND,200,21724768
India,IND,300,22487382
India,IND,400,23232768
India,IND,500,23961190
India,IND,600,24672906
India,IND,700,25368182
India,IND,800,26047272
India,IND,900,26710428
India,IND,1000,27357896
India,IND,1100,27989928
India,IND,1200,28606762
India,IND,1300,29208638
India,IND,1400,29795790
India,IND,1500,30368454
India,IND,1600,30926860
India,IND,1700,37425240
India,IND,1710,40242190
India,IND,1720,43271180
India,IND,1730,46528148
India,IND,1740,50030264
India,IND,1750,53795988
India,IND,1760,57845144
India,IND,1770,62199080
India,IND,1780,66880732
India,IND,1790,71914770
India,IND,1800,77327704
India,IND,1810,83148070
India,IND,1820,89406530
India,IND,1830,96136050
India,IND,1840,103372100
India,IND,1850,111152780
India,IND,1860,112753900
India,IND,1870,114378060
India,IND,1880,116085310
India,IND,1890,117799490
India,IND,1900,119513670
India,IND,1910,121227850
India,IND,1920,122942024
India,IND,1930,131747064
India,IND,1940,140552080
India,IND,1950,149357120
India,IND,1951,150461970
India,IND,1952,151566830
India,IND,1953,152671700
India,IND,1954,153776560
India,IND,1955,154881420
India,IND,1956,155986290
India,IND,1957,157091150
India,IND,1958,158196020
India,IND,1959,159300880
India,IND,1960,160405740
India,IND,1961,160405740
India,IND,1962,161814640
India,IND,1963,161465900
India,IND,1964,161533660
India,IND,1965,161848510
India,IND,1966,162133490
India,IND,1967,163199630
India,IND,1968,163975820
India,IND,1969,163883170
India,IND,1970,164465060
India,IND,1971,163962880
India,IND,1972,164391330
India,IND,1973,165445500
India,IND,1974,165900860
India,IND,1975,166236660
India,IND,1976,166454850
India,IND,1977,166456850
India,IND,1978,167632600
India,IND,1979,167836850
India,IND,1980,167547900
India,IND,1981,167804980
India,IND,1982,168137760
India,IND,1983,167924540
India,IND,1984,168807340
India,IND,1985,168729630
India,IND,1986,168798370
India,IND,1987,169093310
India,IND,1988,168757520
India,IND,1989,169363340
India,IND,1990,169495860
India,IND,1991,169568590
India,IND,1992,169393230
India,IND,1993,169672370
India,IND,1994,169711180
India,IND,1995,169297950
India,IND,1996,168914100
India,IND,1997,169488270
India,IND,1998,169417020
India,IND,1999,169524560
India,IND,2000,169533460
India,IND,2001,169279730
India,IND,2002,169477630
India,IND,2003,169240540
India,IND,2004,169338240
India,IND,2005,169117520
India,IND,2006,168912140
India,IND,2007,168649230
India,IND,2008,168832180
India,IND,2009,169154940
India,IND,2010,168663760
India,IND,2011,168796260
India,IND,2012,168773330
India,IND,2013,168857440
India,IND,2014,168875020
India,IND,2015,168877900
India,IND,2016,168876430
India,IND,2017,168878200
India,IND,2018,168887200
India,IND,2019,168904540
India,IND,2020,168908740
India,IND,2021,168912930
India,IND,2022,168917120
India,IND,2023,168921300
Indonesia,IDN,-10000,0
Indonesia,IDN,-9000,0
Indonesia,IDN,-8000,0
Indonesia,IDN,-7000,0
Indonesia,IDN,-6000,0
Indonesia,IDN,-5000,0
Indonesia,IDN,-4000,169.64574
Indonesia,IDN,-3000,212.05719
Indonesia,IDN,-2000,61953.508
Indonesia,IDN,-1000,153382.1
Indonesia,IDN,0,270855.3
Indonesia,IDN,100,327162.34
Indonesia,IDN,200,392344.53
Indonesia,IDN,300,468939.3
Indonesia,IDN,400,558013.06
Indonesia,IDN,500,658908.5
Indonesia,IDN,600,776786.6
Indonesia,IDN,700,913293.75
Indonesia,IDN,800,1068724.8
Indonesia,IDN,900,1248096.4
Indonesia,IDN,1000,1456061
Indonesia,IDN,1100,1796768.5
Indonesia,IDN,1200,2195582.8
Indonesia,IDN,1300,2663617.8
Indonesia,IDN,1400,3774717.5
Indonesia,IDN,1500,4828332.5
Indonesia,IDN,1600,5477060
Indonesia,IDN,1700,6277588.5
Indonesia,IDN,1710,6476632.5
Indonesia,IDN,1720,6677344.5
Indonesia,IDN,1730,6882429.5
Indonesia,IDN,1740,7093003
Indonesia,IDN,1750,7309825
Indonesia,IDN,1760,7781950
Indonesia,IDN,1770,8263897
Indonesia,IDN,1780,8762840
Indonesia,IDN,1790,9273341
Indonesia,IDN,1800,9793882
Indonesia,IDN,1810,9850880
Indonesia,IDN,1820,9876385
Indonesia,IDN,1830,9879083
Indonesia,IDN,1840,9861598
Indonesia,IDN,1850,9821193
Indonesia,IDN,1860,11735909
Indonesia,IDN,1870,13471900
Indonesia,IDN,1880,15059648
Indonesia,IDN,1890,16459438
Indonesia,IDN,1900,19734056
Indonesia,IDN,1910,23008614
Indonesia,IDN,1920,26283162
Indonesia,IDN,1930,29607900
Indonesia,IDN,1940,32930528
Indonesia,IDN,1950,36249028
Indonesia,IDN,1951,36583650
Indonesia,IDN,1952,36910964
Indonesia,IDN,1953,37245490
Indonesia,IDN,1954,37579890
Indonesia,IDN,1955,37907420
Indonesia,IDN,1956,38240836
Indonesia,IDN,1957,38568160
Indonesia,IDN,1958,38901176
Indonesia,IDN,1959,39234172
Indonesia,IDN,1960,39558060
Indonesia,IDN,1961,39557932
Indonesia,IDN,1962,39558064
Indonesia,IDN,1963,39557616
Indonesia,IDN,1964,39557344
Indonesia,IDN,1965,39556988
Indonesia,IDN,1966,39557010
Indonesia,IDN,1967,39557148
Indonesia,IDN,1968,39557212
Indonesia,IDN,1969,39557044
Indonesia,IDN,1970,39556984
Indonesia,IDN,1971,39557100
Indonesia,IDN,1972,39556948
Indonesia,IDN,1973,39557030
Indonesia,IDN,1974,39557064
Indonesia,IDN,1975,39557110
Indonesia,IDN,1976,39556868
Indonesia,IDN,1977,39556650
Indonesia,IDN,1978,39556850
Indonesia,IDN,1979,39556692
Indonesia,IDN,1980,39556536
Indonesia,IDN,1981,39556520
Indonesia,IDN,1982,39556732
Indonesia,IDN,1983,39556696
Indonesia,IDN,1984,39457750
Indonesia,IDN,1985,42286920
Indonesia,IDN,1986,44133484
Indonesia,IDN,1987,46476144
Indonesia,IDN,1988,47627580
Indonesia,IDN,1989,47214364
Indonesia,IDN,1990,48451144
Indonesia,IDN,1991,45215308
Indonesia,IDN,1992,44853864
Indonesia,IDN,1993,45841276
Indonesia,IDN,1994,45775364
Indonesia,IDN,1995,47267404
Indonesia,IDN,1996,48178064
Indonesia,IDN,1997,49015320
Indonesia,IDN,1998,49529556
Indonesia,IDN,1999,52511964
Indonesia,IDN,2000,54442876
Indonesia,IDN,2001,55070292
Indonesia,IDN,2002,55734880
Indonesia,IDN,2003,56156570
Indonesia,IDN,2004,56836564
Indonesia,IDN,2005,57472156
Indonesia,IDN,2006,58182464
Indonesia,IDN,2007,58782812
Indonesia,IDN,2008,58969750
Indonesia,IDN,2009,59412324
Indonesia,IDN,2010,59606976
Indonesia,IDN,2011,59933176
Indonesia,IDN,2012,60724370
Indonesia,IDN,2013,61369264
Indonesia,IDN,2014,62038100
Indonesia,IDN,2015,62529220
Indonesia,IDN,2016,63197864
Indonesia,IDN,2017,63784810
Indonesia,IDN,2018,64283124
Indonesia,IDN,2019,63869236
Indonesia,IDN,2020,65439468
Indonesia,IDN,2021,67013590
Indonesia,IDN,2022,68582420
Indonesia,IDN,2023,70151720
Iran,IRN,-10000,0
Iran,IRN,-9000,0
Iran,IRN,-8000,28677.582
Iran,IRN,-7000,91605.766
Iran,IRN,-6000,284717.5
Iran,IRN,-5000,852956.1
Iran,IRN,-4000,1428356.4
Iran,IRN,-3000,1938829.2
Iran,IRN,-2000,2371398
Iran,IRN,-1000,2705757.2
Iran,IRN,0,4894575
Iran,IRN,100,5037092.5
Iran,IRN,200,5172884
Iran,IRN,300,5301419.5
Iran,IRN,400,5422377.5
Iran,IRN,500,5535280.5
Iran,IRN,600,5639419
Iran,IRN,700,5050185
Iran,IRN,800,4473956
Iran,IRN,900,4608070
Iran,IRN,1000,4730083
Iran,IRN,1100,4890277.5
Iran,IRN,1200,5033229.5
Iran,IRN,1300,3437893.8
Iran,IRN,1400,3585247.2
Iran,IRN,1500,3710326.2
Iran,IRN,1600,4480447
Iran,IRN,1700,4301570.5
Iran,IRN,1710,4462738.5
Iran,IRN,1720,4536429
Iran,IRN,1730,4610383.5
Iran,IRN,1740,4685001
Iran,IRN,1750,4760238.5
Iran,IRN,1760,4836045.5
Iran,IRN,1770,4912363.5
Iran,IRN,1780,4989124.5
Iran,IRN,1790,5066249
Iran,IRN,1800,5143644.5
Iran,IRN,1810,5221200.5
Iran,IRN,1820,5298788
Iran,IRN,1830,5562237.5
Iran,IRN,1840,5821198
Iran,IRN,1850,6074635.5
Iran,IRN,1860,6322147
Iran,IRN,1870,6563047.5
Iran,IRN,1880,7507361.5
Iran,IRN,1890,8431398
Iran,IRN,1900,9128704
Iran,IRN,1910,9804272
Iran,IRN,1920,10453982
Iran,IRN,1930,11071215
Iran,IRN,1940,11643318
Iran,IRN,1950,12140559
Iran,IRN,1951,12392720
Iran,IRN,1952,12655435
Iran,IRN,1953,12928418
Iran,IRN,1954,13209377
Iran,IRN,1955,13497375
Iran,IRN,1956,13790609
Iran,IRN,1957,14086462
Iran,IRN,1958,14380172
Iran,IRN,1959,14661316
Iran,IRN,1960,14881323
Iran,IRN,1961,15271000
Iran,IRN,1962,15290000
Iran,IRN,1963,15350000
Iran,IRN,1964,15410000
Iran,IRN,1965,15470000
Iran,IRN,1966,15480000
Iran,IRN,1967,15550000
Iran,IRN,1968,15600000
Iran,IRN,1969,15670000
Iran,IRN,1970,15700000
Iran,IRN,1971,16154000
Iran,IRN,1972,16800000
Iran,IRN,1973,17481000
Iran,IRN,1974,16960000
Iran,IRN,1975,16440000
Iran,IRN,1976,15950000
Iran,IRN,1977,15693000
Iran,IRN,1978,14867000
Iran,IRN,1979,15908000
Iran,IRN,1980,13713000
Iran,IRN,1981,14280000
Iran,IRN,1982,14867000
Iran,IRN,1983,15210000
Iran,IRN,1984,15540000
Iran,IRN,1985,15870000
Iran,IRN,1986,16200000
Iran,IRN,1987,16530000
Iran,IRN,1988,16871000
Iran,IRN,1989,16700000
Iran,IRN,1990,16500000
Iran,IRN,1991,17997000
Iran,IRN,1992,18652040
Iran,IRN,1993,18657030
Iran,IRN,1994,18708044
Iran,IRN,1995,18427138
Iran,IRN,1996,17832132
Iran,IRN,1997,18187086
Iran,IRN,1998,17687140
Iran,IRN,1999,16284152
Iran,IRN,2000,17223036
Iran,IRN,2001,17444114
Iran,IRN,2002,17665106
Iran,IRN,2003,17886066
Iran,IRN,2004,18107038
Iran,IRN,2005,18328062
Iran,IRN,2006,18549094
Iran,IRN,2007,17182058
Iran,IRN,2008,17209254
Iran,IRN,2009,17062492
Iran,IRN,2010,16915614
Iran,IRN,2011,16768867
Iran,IRN,2012,16623008
Iran,IRN,2013,16476336
Iran,IRN,2014,16476270
Iran,IRN,2015,16300689
Iran,IRN,2016,16300586
Iran,IRN,2017,16204027
Iran,IRN,2018,16111870
Iran,IRN,2019,16477000
Iran,IRN,2020,16477000
Iran,IRN,2021,16477000
Iran,IRN,2022,16477000
Iran,IRN,2023,16477000
Iraq,IRQ,-10000,0
Iraq,IRQ,-9000,0
Iraq,IRQ,-8000,11092.27
Iraq,IRQ,-7000,55085.992
Iraq,IRQ,-6000,97784.734
Iraq,IRQ,-5000,171110.47
Iraq,IRQ,-4000,491381.62
Iraq,IRQ,-3000,778360.6
Iraq,IRQ,-2000,1281740.6
Iraq,IRQ,-1000,1697404.9
Iraq,IRQ,0,1227443.1
Iraq,IRQ,100,1273124.8
Iraq,IRQ,200,1316819
Iraq,IRQ,300,1299354.4
Iraq,IRQ,400,1281309.2
Iraq,IRQ,500,1205237.4
Iraq,IRQ,600,1130229.9
Iraq,IRQ,700,1945848.5
Iraq,IRQ,800,2731989.2
Iraq,IRQ,900,2413891.8
Iraq,IRQ,1000,2103730.8
Iraq,IRQ,1100,1802072.9
Iraq,IRQ,1200,1383675.2
Iraq,IRQ,1300,981281.4
Iraq,IRQ,1400,954332.3
Iraq,IRQ,1500,924974.5
Iraq,IRQ,1600,1115572.6
Iraq,IRQ,1700,855503.3
Iraq,IRQ,1710,851628.1
Iraq,IRQ,1720,847680.2
Iraq,IRQ,1730,843655.5
Iraq,IRQ,1740,839549.44
Iraq,IRQ,1750,835357
Iraq,IRQ,1760,831072.6
Iraq,IRQ,1770,826690.06
Iraq,IRQ,1780,822201.94
Iraq,IRQ,1790,817600.44
Iraq,IRQ,1800,812876.25
Iraq,IRQ,1810,850402.25
Iraq,IRQ,1820,889467.06
Iraq,IRQ,1830,930103.6
Iraq,IRQ,1840,972338
Iraq,IRQ,1850,1016187.8
Iraq,IRQ,1860,1061657.8
Iraq,IRQ,1870,1203769.9
Iraq,IRQ,1880,1364295
Iraq,IRQ,1890,1545409
Iraq,IRQ,1900,1749445.5
Iraq,IRQ,1910,1978836.5
Iraq,IRQ,1920,2173859.5
Iraq,IRQ,1930,2204820.8
Iraq,IRQ,1940,3199185.5
Iraq,IRQ,1950,4001486.8
Iraq,IRQ,1951,4091137.5
Iraq,IRQ,1952,4166480
Iraq,IRQ,1953,4232024
Iraq,IRQ,1954,4291491.5
Iraq,IRQ,1955,4347826
Iraq,IRQ,1956,4403175
Iraq,IRQ,1957,4458831
Iraq,IRQ,1958,4515138
Iraq,IRQ,1959,4571022
Iraq,IRQ,1960,4621305.5
Iraq,IRQ,1961,4700000
Iraq,IRQ,1962,4755000
Iraq,IRQ,1963,4810000
Iraq,IRQ,1964,4865000
Iraq,IRQ,1965,4920000
Iraq,IRQ,1966,4925000
Iraq,IRQ,1967,4980000
Iraq,IRQ,1968,4985000
Iraq,IRQ,1969,4990000
Iraq,IRQ,1970,4993000
Iraq,IRQ,1971,4999000
Iraq,IRQ,1972,5160000
Iraq,IRQ,1973,5170000
Iraq,IRQ,1974,5280000
Iraq,IRQ,1975,5285000
Iraq,IRQ,1976,5285000
Iraq,IRQ,1977,5285000
Iraq,IRQ,1978,5389000
Iraq,IRQ,1979,5439000
Iraq,IRQ,1980,5439000
Iraq,IRQ,1981,5439000
Iraq,IRQ,1982,5450000
Iraq,IRQ,1983,5450000
Iraq,IRQ,1984,5450000
Iraq,IRQ,1985,5465000
Iraq,IRQ,1986,5480000
Iraq,IRQ,1987,5480000
Iraq,IRQ,1988,5530000
Iraq,IRQ,1989,5230000
Iraq,IRQ,1990,5230000
Iraq,IRQ,1991,5630000
Iraq,IRQ,1992,5550000
Iraq,IRQ,1993,5870000
Iraq,IRQ,1994,5350000
Iraq,IRQ,1995,5100000
Iraq,IRQ,1996,5100000
Iraq,IRQ,1997,4660000
Iraq,IRQ,1998,4900000
Iraq,IRQ,1999,4750000
Iraq,IRQ,2000,4300000
Iraq,IRQ,2001,4490000
Iraq,IRQ,2002,4840000
Iraq,IRQ,2003,4690000
Iraq,IRQ,2004,4690000
Iraq,IRQ,2005,5390000
Iraq,IRQ,2006,4990000
Iraq,IRQ,2007,5140000
Iraq,IRQ,2008,4190000
Iraq,IRQ,2009,3850000
Iraq,IRQ,2010,4220000
Iraq,IRQ,2011,4550000
Iraq,IRQ,2012,4568500
Iraq,IRQ,2013,4863750
Iraq,IRQ,2014,5269000
Iraq,IRQ,2015,5300000
Iraq,IRQ,2016,5400000
Iraq,IRQ,2017,5400000
Iraq,IRQ,2018,5607600
Iraq,IRQ,2019,5727950
Iraq,IRQ,2020,5848300
Iraq,IRQ,2021,5968650
Iraq,IRQ,2022,6089000
Iraq,IRQ,2023,6209350
Ireland,IRL,-10000,0
Ireland,IRL,-9000,0
Ireland,IRL,-8000,0
Ireland,IRL,-7000,0
Ireland,IRL,-6000,0
Ireland,IRL,-5000,0
Ireland,IRL,-4000,22704.021
Ireland,IRL,-3000,42665.742
Ireland,IRL,-2000,79033.414
Ireland,IRL,-1000,143060.7
Ireland,IRL,0,247996.69
Ireland,IRL,100,248455.66
Ireland,IRL,200,248649.36
Ireland,IRL,300,248544.23
Ireland,IRL,400,248101.27
Ireland,IRL,500,247274.7
Ireland,IRL,600,246010.25
Ireland,IRL,700,244242.7
Ireland,IRL,800,241892.5
Ireland,IRL,900,247088.36
Ireland,IRL,1000,250795.56
Ireland,IRL,1100,321003.1
Ireland,IRL,1200,459585.4
Ireland,IRL,1300,580463.75
Ireland,IRL,1400,408064.34
Ireland,IRL,1500,502056.44
Ireland,IRL,1600,705450.56
Ireland,IRL,1700,1206269.1
Ireland,IRL,1710,1444507.4
Ireland,IRL,1720,1461814.4
Ireland,IRL,1730,1477031.6
Ireland,IRL,1740,1489737.8
Ireland,IRL,1750,1499423
Ireland,IRL,1760,1465676.5
Ireland,IRL,1770,1428405.1
Ireland,IRL,1780,1551916.1
Ireland,IRL,1790,1787677.4
Ireland,IRL,1800,1848452.1
Ireland,IRL,1810,2020252.5
Ireland,IRL,1820,2241013.2
Ireland,IRL,1830,2279143.8
Ireland,IRL,1840,2186030.2
Ireland,IRL,1850,1800934.1
Ireland,IRL,1860,1389577
Ireland,IRL,1870,1168307.6
Ireland,IRL,1880,1312387.2
Ireland,IRL,1890,1174947.9
Ireland,IRL,1900,1098630.6
Ireland,IRL,1910,1063942
Ireland,IRL,1920,1338826.9
Ireland,IRL,1930,1086993.5
Ireland,IRL,1940,1288906
Ireland,IRL,1950,1456847.9
Ireland,IRL,1951,1479659.1
Ireland,IRL,1952,1499972.5
Ireland,IRL,1953,1517392.1
Ireland,IRL,1954,1531826.4
Ireland,IRL,1955,1543518.4
Ireland,IRL,1956,1553058.8
Ireland,IRL,1957,1561417.2
Ireland,IRL,1958,1569877.4
Ireland,IRL,1959,1579936.2
Ireland,IRL,1960,1593000
Ireland,IRL,1961,1593000
Ireland,IRL,1962,1570000
Ireland,IRL,1963,1564000
Ireland,IRL,1964,1529000
Ireland,IRL,1965,1495000
Ireland,IRL,1966,1432000
Ireland,IRL,1967,1427000
Ireland,IRL,1968,1397000
Ireland,IRL,1969,1384000
Ireland,IRL,1970,1380000
Ireland,IRL,1971,1365000
Ireland,IRL,1972,1335000
Ireland,IRL,1973,1285000
Ireland,IRL,1974,1255000
Ireland,IRL,1975,1236000
Ireland,IRL,1976,1210000
Ireland,IRL,1977,1185000
Ireland,IRL,1978,1160000
Ireland,IRL,1979,1135000
Ireland,IRL,1980,1110000
Ireland,IRL,1981,1085000
Ireland,IRL,1982,1060000
Ireland,IRL,1983,1020000
Ireland,IRL,1984,1044000
Ireland,IRL,1985,1032000
Ireland,IRL,1986,1010000
Ireland,IRL,1987,983000
Ireland,IRL,1988,1030000
Ireland,IRL,1989,1055000
Ireland,IRL,1990,1044000
Ireland,IRL,1991,1032000
Ireland,IRL,1992,1006000
Ireland,IRL,1993,1026000
Ireland,IRL,1994,1017000
Ireland,IRL,1995,1033000
Ireland,IRL,1996,1062000
Ireland,IRL,1997,1038000
Ireland,IRL,1998,1088000
Ireland,IRL,1999,1079000
Ireland,IRL,2000,1079000
Ireland,IRL,2001,1190000
Ireland,IRL,2002,1179000
Ireland,IRL,2003,1184000
Ireland,IRL,2004,1207000
Ireland,IRL,2005,1187000
Ireland,IRL,2006,1156000
Ireland,IRL,2007,1063000
Ireland,IRL,2008,1103700
Ireland,IRL,2009,1092000
Ireland,IRL,2010,1013000
Ireland,IRL,2011,1063000
Ireland,IRL,2012,1171000
Ireland,IRL,2013,1114000
Ireland,IRL,2014,1059000
Ireland,IRL,2015,454000
Ireland,IRL,2016,447000
Ireland,IRL,2017,442000
Ireland,IRL,2018,442000
Ireland,IRL,2019,442000
Ireland,IRL,2020,442000
Ireland,IRL,2021,442000
Ireland,IRL,2022,442000
Ireland,IRL,2023,442000
Israel,ISR,-10000,0
Israel,ISR,-9000,0
Israel,ISR,-8000,25308.49
Israel,ISR,-7000,36654.35
Israel,ISR,-6000,50553.66
Israel,ISR,-5000,66774.055
Israel,ISR,-4000,89528.82
Israel,ISR,-3000,120954.86
Israel,ISR,-2000,163301.66
Israel,ISR,-1000,217920.06
Israel,ISR,0,281907.3
Israel,ISR,100,409566.12
Israel,ISR,200,535824
Israel,ISR,300,640841.94
Israel,ISR,400,554645.25
Israel,ISR,500,461005.4
Israel,ISR,600,353636.34
Israel,ISR,700,262425.7
Israel,ISR,800,195325.64
Israel,ISR,900,175487.5
Israel,ISR,1000,156235.98
Israel,ISR,1100,156030.64
Israel,ISR,1200,155114.94
Israel,ISR,1300,153365.61
Israel,ISR,1400,110215.99
Israel,ISR,1500,127561.34
Israel,ISR,1600,119699.13
Israel,ISR,1700,91035.4
Israel,ISR,1710,97074.734
Israel,ISR,1720,102947.695
Israel,ISR,1730,108642.79
Israel,ISR,1740,114152.33
Israel,ISR,1750,119467.86
Israel,ISR,1760,124579.91
Israel,ISR,1770,129477.98
Israel,ISR,1780,134150.27
Israel,ISR,1790,138583.55
Israel,ISR,1800,142762.8
Israel,ISR,1810,145881.89
Israel,ISR,1820,150287.98
Israel,ISR,1830,154688.95
Israel,ISR,1840,159053.1
Israel,ISR,1850,163340.55
Israel,ISR,1860,167500.86
Israel,ISR,1870,166826.45
Israel,ISR,1880,165807.11
Israel,ISR,1890,164373.25
Israel,ISR,1900,162431.17
Israel,ISR,1910,159848.62
Israel,ISR,1920,188638.58
Israel,ISR,1930,216810.33
Israel,ISR,1940,256281.42
Israel,ISR,1950,286872.03
Israel,ISR,1951,304607.8
Israel,ISR,1952,321889.8
Israel,ISR,1953,337781.06
Israel,ISR,1954,351655.2
Israel,ISR,1955,363180.88
Israel,ISR,1956,372211.7
Israel,ISR,1957,378698.34
Israel,ISR,1958,382940.9
Israel,ISR,1959,384961.78
Israel,ISR,1960,381593.4
Israel,ISR,1961,397000
Israel,ISR,1962,391000
Israel,ISR,1963,408000
Israel,ISR,1964,410487.75
Israel,ISR,1965,399542.34
Israel,ISR,1966,410487.75
Israel,ISR,1967,410487.75
Israel,ISR,1968,406507.6
Israel,ISR,1969,406507.6
Israel,ISR,1970,408497.66
Israel,ISR,1971,410487.75
Israel,ISR,1972,410487.75
Israel,ISR,1973,420438.1
Israel,ISR,1974,426408.3
Israel,ISR,1975,421433.16
Israel,ISR,1976,411482.75
Israel,ISR,1977,412477.78
Israel,ISR,1978,412477.78
Israel,ISR,1979,412477.78
Israel,ISR,1980,412477.78
Israel,ISR,1981,417452.97
Israel,ISR,1982,419443.06
Israel,ISR,1983,406507.6
Israel,ISR,1984,418448.06
Israel,ISR,1985,419443.06
Israel,ISR,1986,427403.38
Israel,ISR,1987,427403.38
Israel,ISR,1988,427403.38
Israel,ISR,1989,426408.3
Israel,ISR,1990,430388.47
Israel,ISR,1991,432378.5
Israel,ISR,1992,431383.5
Israel,ISR,1993,431390.78
Israel,ISR,1994,433361.3
Israel,ISR,1995,427360.44
Israel,ISR,1996,418406.2
Israel,ISR,1997,418406.1
Israel,ISR,1998,418402.6
Israel,ISR,1999,417428.56
Israel,ISR,2000,423405.56
Israel,ISR,2001,425429.1
Israel,ISR,2002,432348.34
Israel,ISR,2003,419294.28
Israel,ISR,2004,380004.34
Israel,ISR,2005,380003.88
Israel,ISR,2006,372344.62
Israel,ISR,2007,380600.6
Israel,ISR,2008,376522.5
Israel,ISR,2009,382092.25
Israel,ISR,2010,370454.5
Israel,ISR,2011,376522.1
Israel,ISR,2012,385672.72
Israel,ISR,2013,379836.16
Israel,ISR,2014,397128.56
Israel,ISR,2015,393378.03
Israel,ISR,2016,391487.78
Israel,ISR,2017,482298.44
Israel,ISR,2018,468719.25
Israel,ISR,2019,488602.4
Israel,ISR,2020,508483.16
Israel,ISR,2021,528363.94
Israel,ISR,2022,548244.75
Israel,ISR,2023,568125.56
Italy,ITA,-10000,0
Italy,ITA,-9000,0
Italy,ITA,-8000,0
Italy,ITA,-7000,0
Italy,ITA,-6000,3456.547
Italy,ITA,-5000,36574.37
Italy,ITA,-4000,91605.59
Italy,ITA,-3000,231585.19
Italy,ITA,-2000,964937.8
Italy,ITA,-1000,2413615.8
Italy,ITA,0,10702470
Italy,ITA,100,10053500
Italy,ITA,200,9395562
Italy,ITA,300,8763862
Italy,ITA,400,8002729.5
Italy,ITA,500,5198183.5
Italy,ITA,600,2535740.5
Italy,ITA,700,3693636.2
Italy,ITA,800,4782465
Italy,ITA,900,5224694
Italy,ITA,1000,5862861.5
Italy,ITA,1100,7116636.5
Italy,ITA,1200,9037372
Italy,ITA,1300,12905298
Italy,ITA,1400,8020982
Italy,ITA,1500,8762720
Italy,ITA,1600,12549685
Italy,ITA,1700,12378005
Italy,ITA,1710,12389894
Italy,ITA,1720,12446582
Italy,ITA,1730,12503539
Italy,ITA,1740,12560752
Italy,ITA,1750,12618228
Italy,ITA,1760,12675966
Italy,ITA,1770,12733966
Italy,ITA,1780,12792235
Italy,ITA,1790,12850767
Italy,ITA,1800,12909570
Italy,ITA,1810,12968640
Italy,ITA,1820,13027984
Italy,ITA,1830,13489597
Italy,ITA,1840,13967602
Italy,ITA,1850,14463098
Italy,ITA,1860,14975208
Italy,ITA,1870,14888934
Italy,ITA,1880,15334394
Italy,ITA,1890,15894323
Italy,ITA,1900,16372561
Italy,ITA,1910,16936924
Italy,ITA,1920,17990150
Italy,ITA,1930,18449222
Italy,ITA,1940,18934368
Italy,ITA,1950,19279458
Italy,ITA,1951,19035760
Italy,ITA,1952,18782694
Italy,ITA,1953,18511454
Italy,ITA,1954,18219118
Italy,ITA,1955,17921744
Italy,ITA,1956,17609144
Italy,ITA,1957,17288864
Italy,ITA,1958,16953986
Italy,ITA,1959,16605634
Italy,ITA,1960,15578469
Italy,ITA,1961,15578200
Italy,ITA,1962,15541730
Italy,ITA,1963,15396195
Italy,ITA,1964,15357300
Italy,ITA,1965,15289295
Italy,ITA,1966,15247209
Italy,ITA,1967,15203466
Italy,ITA,1968,15185897
Italy,ITA,1969,14995405
Italy,ITA,1970,14925997
Italy,ITA,1971,12408998
Italy,ITA,1972,12304997
Italy,ITA,1973,12232999
Italy,ITA,1974,12287998
Italy,ITA,1975,12313000
Italy,ITA,1976,12353000
Italy,ITA,1977,12335000
Italy,ITA,1978,12422000
Italy,ITA,1979,12446000
Italy,ITA,1980,12436000
Italy,ITA,1981,12424000
Italy,ITA,1982,12414996
Italy,ITA,1983,12267997
Italy,ITA,1984,12231997
Italy,ITA,1985,12113997
Italy,ITA,1986,12097997
Italy,ITA,1987,12069998
Italy,ITA,1988,11980998
Italy,ITA,1989,11966997
Italy,ITA,1990,11971998
Italy,ITA,1991,11849998
Italy,ITA,1992,11628998
Italy,ITA,1993,11379998
Italy,ITA,1994,11142998
Italy,ITA,1995,10927998
Italy,ITA,1996,11005997
Italy,ITA,1997,10973997
Italy,ITA,1998,11136998
Italy,ITA,1999,11421998
Italy,ITA,2000,11283998
Italy,ITA,2001,11136998
Italy,ITA,2002,10893995
Italy,ITA,2003,10538998
Italy,ITA,2004,10528999
Italy,ITA,2005,10333999
Italy,ITA,2006,9921000
Italy,ITA,2007,9702000
Italy,ITA,2008,10041200
Italy,ITA,2009,9559388
Italy,ITA,2010,9629800
Italy,ITA,2011,9240600
Italy,ITA,2012,9560000
Italy,ITA,2013,9087000
Italy,ITA,2014,9121000
Italy,ITA,2015,9048000
Italy,ITA,2016,9149000
Italy,ITA,2017,9218270
Italy,ITA,2018,9211816
Italy,ITA,2019,9240870
Italy,ITA,2020,9269924
Italy,ITA,2021,9298978
Italy,ITA,2022,9328032
Italy,ITA,2023,9357086
Jamaica,JAM,-10000,0
Jamaica,JAM,-9000,0
Jamaica,JAM,-8000,0
Jamaica,JAM,-7000,0
Jamaica,JAM,-6000,0
Jamaica,JAM,-5000,0
Jamaica,JAM,-4000,0
Jamaica,JAM,-3000,0
Jamaica,JAM,-2000,0
Jamaica,JAM,-1000,0
Jamaica,JAM,0,0
Jamaica,JAM,100,0
Jamaica,JAM,200,0
Jamaica,JAM,300,0
Jamaica,JAM,400,0
Jamaica,JAM,500,0
Jamaica,JAM,600,0
Jamaica,JAM,700,0
Jamaica,JAM,800,0
Jamaica,JAM,900,0
Jamaica,JAM,1000,0
Jamaica,JAM,1100,0
Jamaica,JAM,1200,0
Jamaica,JAM,1300,0
Jamaica,JAM,1400,0
Jamaica,JAM,1500,60647.72
Jamaica,JAM,1600,29213.982
Jamaica,JAM,1700,14006.343
Jamaica,JAM,1710,16267.28
Jamaica,JAM,1720,18892.018
Jamaica,JAM,1730,21938.865
Jamaica,JAM,1740,25475.438
Jamaica,JAM,1750,29580.127
Jamaica,JAM,1760,34343.805
Jamaica,JAM,1770,39871.81
Jamaica,JAM,1780,46286.21
Jamaica,JAM,1790,53728.484
Jamaica,JAM,1800,62362.547
Jamaica,JAM,1810,72378.28
Jamaica,JAM,1820,73942.11
Jamaica,JAM,1830,75533.27
Jamaica,JAM,1840,77151.88
Jamaica,JAM,1850,78797.984
Jamaica,JAM,1860,80471.64
Jamaica,JAM,1870,90678.44
Jamaica,JAM,1880,102169.53
Jamaica,JAM,1890,115104.8
Jamaica,JAM,1900,0
Jamaica,JAM,1910,23557.883
Jamaica,JAM,1920,53659.625
Jamaica,JAM,1930,91668.52
Jamaica,JAM,1940,139200.36
Jamaica,JAM,1950,198167.6
Jamaica,JAM,1951,207036.19
Jamaica,JAM,1952,215660.67
Jamaica,JAM,1953,223915.97
Jamaica,JAM,1954,231814.42
Jamaica,JAM,1955,239345.22
Jamaica,JAM,1956,246575.81
Jamaica,JAM,1957,253597.06
Jamaica,JAM,1958,260694.31
Jamaica,JAM,1959,268058.6
Jamaica,JAM,1960,275913.34
Jamaica,JAM,1961,275916.03
Jamaica,JAM,1962,275917.28
Jamaica,JAM,1963,275919.25
Jamaica,JAM,1964,275921.78
Jamaica,JAM,1965,259926.27
Jamaica,JAM,1966,259928.47
Jamaica,JAM,1967,259930.47
Jamaica,JAM,1968,259930.94
Jamaica,JAM,1969,259932.2
Jamaica,JAM,1970,249935.8
Jamaica,JAM,1971,249937.84
Jamaica,JAM,1972,249939.84
Jamaica,JAM,1973,249941.83
Jamaica,JAM,1974,249943.78
Jamaica,JAM,1975,249945.7
Jamaica,JAM,1976,249947.58
Jamaica,JAM,1977,249949.44
Jamaica,JAM,1978,249951.27
Jamaica,JAM,1979,239977.69
Jamaica,JAM,1980,239978.48
Jamaica,JAM,1981,239979.3
Jamaica,JAM,1982,229985.06
Jamaica,JAM,1983,220000
Jamaica,JAM,1984,220000
Jamaica,JAM,1985,220000
Jamaica,JAM,1986,220000
Jamaica,JAM,1987,220000
Jamaica,JAM,1988,220000
Jamaica,JAM,1989,220000
Jamaica,JAM,1990,219000
Jamaica,JAM,1991,225997.44
Jamaica,JAM,1992,235987.62
Jamaica,JAM,1993,273973.7
Jamaica,JAM,1994,270975.5
Jamaica,JAM,1995,267966.44
Jamaica,JAM,1996,264970.25
Jamaica,JAM,1997,259972.83
Jamaica,JAM,1998,254983.78
Jamaica,JAM,1999,252984.45
Jamaica,JAM,2000,249993.39
Jamaica,JAM,2001,249993.97
Jamaica,JAM,2002,244994.83
Jamaica,JAM,2003,244995.48
Jamaica,JAM,2004,242996.17
Jamaica,JAM,2005,237996.84
Jamaica,JAM,2006,237997.48
Jamaica,JAM,2007,234998.12
Jamaica,JAM,2008,220000
Jamaica,JAM,2009,220000
Jamaica,JAM,2010,215000
Jamaica,JAM,2011,215000
Jamaica,JAM,2012,215000
Jamaica,JAM,2013,215000
Jamaica,JAM,2014,215000
Jamaica,JAM,2015,215000
Jamaica,JAM,2016,215000
Jamaica,JAM,2017,215000
Jamaica,JAM,2018,215000
Jamaica,JAM,2019,215000
Jamaica,JAM,2020,215000
Jamaica,JAM,2021,215000
Jamaica,JAM,2022,215000
Jamaica,JAM,2023,215000
Japan,JPN,-10000,0
Japan,JPN,-9000,0
Japan,JPN,-8000,0
Japan,JPN,-7000,0
Japan,JPN,-6000,0
Japan,JPN,-5000,0
Japan,JPN,-4000,0
Japan,JPN,-3000,0
Japan,JPN,-2000,0
Japan,JPN,-1000,38040.61
Japan,JPN,0,50057.32
Japan,JPN,100,82068.62
Japan,JPN,200,112926.39
Japan,JPN,300,174248.66
Japan,JPN,400,233071.28
Japan,JPN,500,342519.94
Japan,JPN,600,446835.78
Japan,JPN,700,630000
Japan,JPN,800,770000
Japan,JPN,900,960000
Japan,JPN,1000,960000
Japan,JPN,1100,992000
Japan,JPN,1200,801351.25
Japan,JPN,1300,877938
Japan,JPN,1400,1068344.4
Japan,JPN,1500,1339794.1
Japan,JPN,1600,1738158.6
Japan,JPN,1700,2524553
Japan,JPN,1710,2717636.5
Japan,JPN,1720,2692803.8
Japan,JPN,1730,2667504
Japan,JPN,1740,2641715.2
Japan,JPN,1750,2615412.8
Japan,JPN,1760,2570718.2
Japan,JPN,1770,2525833.2
Japan,JPN,1780,2480739
Japan,JPN,1790,2435415
Japan,JPN,1800,2389838.8
Japan,JPN,1810,2428301
Japan,JPN,1820,2464334.8
Japan,JPN,1830,2497825.5
Japan,JPN,1840,2528648
Japan,JPN,1850,2556663.5
Japan,JPN,1860,2611116.5
Japan,JPN,1870,2661525.5
Japan,JPN,1880,2805721.2
Japan,JPN,1890,3002703.2
Japan,JPN,1900,3294116.5
Japan,JPN,1910,3634989.5
Japan,JPN,1920,3956985.2
Japan,JPN,1930,4459072.5
Japan,JPN,1940,4941967
Japan,JPN,1950,5458342
Japan,JPN,1951,5543618
Japan,JPN,1952,5617119
Japan,JPN,1953,5681421.5
Japan,JPN,1954,5738708
Japan,JPN,1955,5790777.5
Japan,JPN,1956,5839030
Japan,JPN,1957,5884490.5
Japan,JPN,1958,5927854
Japan,JPN,1959,5969558
Japan,JPN,1960,6010000
Japan,JPN,1961,6010000
Japan,JPN,1962,6020000
Japan,JPN,1963,6020000
Japan,JPN,1964,6030000
Japan,JPN,1965,6004000
Japan,JPN,1966,5996000
Japan,JPN,1967,5938000
Japan,JPN,1968,5897000
Japan,JPN,1969,5752000
Japan,JPN,1970,5796000
Japan,JPN,1971,5741000
Japan,JPN,1972,5684000
Japan,JPN,1973,5647000
Japan,JPN,1974,5615000
Japan,JPN,1975,5573000
Japan,JPN,1976,5536000
Japan,JPN,1977,5515000
Japan,JPN,1978,5494000
Japan,JPN,1979,5474000
Japan,JPN,1980,5461000
Japan,JPN,1981,5442000
Japan,JPN,1982,5426000
Japan,JPN,1983,5411000
Japan,JPN,1984,5396000
Japan,JPN,1985,5379000
Japan,JPN,1986,5358000
Japan,JPN,1987,5340000
Japan,JPN,1988,5317000
Japan,JPN,1989,5279000
Japan,JPN,1990,5243000
Japan,JPN,1991,5204000
Japan,JPN,1992,5165000
Japan,JPN,1993,5124000
Japan,JPN,1994,5083000
Japan,JPN,1995,5038000
Japan,JPN,1996,4994000
Japan,JPN,1997,4949000
Japan,JPN,1998,4905000
Japan,JPN,1999,4866000
Japan,JPN,2000,4830000
Japan,JPN,2001,4793000
Japan,JPN,2002,4763000
Japan,JPN,2003,4736000
Japan,JPN,2004,4714000
Japan,JPN,2005,4692000
Japan,JPN,2006,4671000
Japan,JPN,2007,4650000
Japan,JPN,2008,4628000
Japan,JPN,2009,4609000
Japan,JPN,2010,4593000
Japan,JPN,2011,4561000
Japan,JPN,2012,4549000
Japan,JPN,2013,4538000
Japan,JPN,2014,4518000
Japan,JPN,2015,4496000
Japan,JPN,2016,4471000
Japan,JPN,2017,4444000
Japan,JPN,2018,4422900
Japan,JPN,2019,4399400
Japan,JPN,2020,4375900
Japan,JPN,2021,4352400
Japan,JPN,2022,4328900
Japan,JPN,2023,4305400
Jordan,JOR,-10000,0
Jordan,JOR,-9000,0
Jordan,JOR,-8000,9866.443
Jordan,JOR,-7000,42793.527
Jordan,JOR,-6000,52539.184
Jordan,JOR,-5000,64233.63
Jordan,JOR,-4000,78080.85
Jordan,JOR,-3000,94143.29
Jordan,JOR,-2000,112139.805
Jordan,JOR,-1000,130985.35
Jordan,JOR,0,147575.25
Jordan,JOR,100,208308.6
Jordan,JOR,200,293786.53
Jordan,JOR,300,413948.8
Jordan,JOR,400,311646.66
Jordan,JOR,500,234349.53
Jordan,JOR,600,175987.45
Jordan,JOR,700,131956.98
Jordan,JOR,800,98767.336
Jordan,JOR,900,88271.47
Jordan,JOR,1000,78074.7
Jordan,JOR,1100,77896.61
Jordan,JOR,1200,77370.69
Jordan,JOR,1300,76437.39
Jordan,JOR,1400,52996.777
Jordan,JOR,1500,63285.223
Jordan,JOR,1600,59261.895
Jordan,JOR,1700,43243.8
Jordan,JOR,1710,44665.88
Jordan,JOR,1720,44308.07
Jordan,JOR,1730,43937.953
Jordan,JOR,1740,43554.734
Jordan,JOR,1750,43157.547
Jordan,JOR,1760,42745.414
Jordan,JOR,1770,42317.234
Jordan,JOR,1780,41871.758
Jordan,JOR,1790,41407.57
Jordan,JOR,1800,40923.04
Jordan,JOR,1810,40416.27
Jordan,JOR,1820,39885.06
Jordan,JOR,1830,41313.824
Jordan,JOR,1840,42751.836
Jordan,JOR,1850,44190.29
Jordan,JOR,1860,45617.85
Jordan,JOR,1870,47019.816
Jordan,JOR,1880,57447.48
Jordan,JOR,1890,70032.47
Jordan,JOR,1900,85138.57
Jordan,JOR,1910,103133.51
Jordan,JOR,1920,119355.03
Jordan,JOR,1930,137161.92
Jordan,JOR,1940,155849.9
Jordan,JOR,1950,173151.38
Jordan,JOR,1951,191059.44
Jordan,JOR,1952,203095.36
Jordan,JOR,1953,212519.97
Jordan,JOR,1954,221630.08
Jordan,JOR,1955,231785.08
Jordan,JOR,1956,243378.61
Jordan,JOR,1957,255915.45
Jordan,JOR,1958,268123.06
Jordan,JOR,1959,278002.9
Jordan,JOR,1960,281665.12
Jordan,JOR,1961,294000
Jordan,JOR,1962,296000
Jordan,JOR,1963,297000
Jordan,JOR,1964,301000
Jordan,JOR,1965,302000
Jordan,JOR,1966,304000
Jordan,JOR,1967,307000
Jordan,JOR,1968,309000
Jordan,JOR,1969,310000
Jordan,JOR,1970,314000
Jordan,JOR,1971,315000
Jordan,JOR,1972,319000
Jordan,JOR,1973,320000
Jordan,JOR,1974,324000
Jordan,JOR,1975,325000
Jordan,JOR,1976,327000
Jordan,JOR,1977,328000
Jordan,JOR,1978,332000
Jordan,JOR,1979,335000
Jordan,JOR,1980,337000
Jordan,JOR,1981,327600
Jordan,JOR,1982,334100
Jordan,JOR,1983,347000
Jordan,JOR,1984,259100
Jordan,JOR,1985,326800
Jordan,JOR,1986,334800
Jordan,JOR,1987,365000
Jordan,JOR,1988,374000
Jordan,JOR,1989,358800
Jordan,JOR,1990,249200
Jordan,JOR,1991,219400
Jordan,JOR,1992,329700
Jordan,JOR,1993,299000
Jordan,JOR,1994,281000
Jordan,JOR,1995,323000
Jordan,JOR,1996,260000
Jordan,JOR,1997,270000
Jordan,JOR,1998,275000
Jordan,JOR,1999,276000
Jordan,JOR,2000,278000
Jordan,JOR,2001,280000
Jordan,JOR,2002,283000
Jordan,JOR,2003,263000
Jordan,JOR,2004,295000
Jordan,JOR,2005,271000
Jordan,JOR,2006,276000
Jordan,JOR,2007,221295.1
Jordan,JOR,2008,230500
Jordan,JOR,2009,283000
Jordan,JOR,2010,260300
Jordan,JOR,2011,260600
Jordan,JOR,2012,302900
Jordan,JOR,2013,314600
Jordan,JOR,2014,322000
Jordan,JOR,2015,314300
Jordan,JOR,2016,323960
Jordan,JOR,2017,265000
Jordan,JOR,2018,278800
Jordan,JOR,2019,269076
Jordan,JOR,2020,259352
Jordan,JOR,2021,249628
Jordan,JOR,2022,239904
Jordan,JOR,2023,230180
Kazakhstan,KAZ,-10000,0
Kazakhstan,KAZ,-9000,0
Kazakhstan,KAZ,-8000,0
Kazakhstan,KAZ,-7000,0
Kazakhstan,KAZ,-6000,0
Kazakhstan,KAZ,-5000,0
Kazakhstan,KAZ,-4000,99994.31
Kazakhstan,KAZ,-3000,358604.72
Kazakhstan,KAZ,-2000,507523.16
Kazakhstan,KAZ,-1000,673223.1
Kazakhstan,KAZ,0,894156.56
Kazakhstan,KAZ,100,1188747.1
Kazakhstan,KAZ,200,1581521.6
Kazakhstan,KAZ,300,2105221.2
Kazakhstan,KAZ,400,2803487.2
Kazakhstan,KAZ,500,3734508.5
Kazakhstan,KAZ,600,4975870.5
Kazakhstan,KAZ,700,6632539
Kazakhstan,KAZ,800,8841430
Kazakhstan,KAZ,900,9146105
Kazakhstan,KAZ,1000,9461285
Kazakhstan,KAZ,1100,9787334
Kazakhstan,KAZ,1200,10124626
Kazakhstan,KAZ,1300,10473548
Kazakhstan,KAZ,1400,10834503
Kazakhstan,KAZ,1500,11207905
Kazakhstan,KAZ,1600,11594182
Kazakhstan,KAZ,1700,11993779
Kazakhstan,KAZ,1710,12407155
Kazakhstan,KAZ,1720,12834786
Kazakhstan,KAZ,1730,13277162
Kazakhstan,KAZ,1740,13734794
Kazakhstan,KAZ,1750,14208205
Kazakhstan,KAZ,1760,14697941
Kazakhstan,KAZ,1770,15204564
Kazakhstan,KAZ,1780,15728658
Kazakhstan,KAZ,1790,16270822
Kazakhstan,KAZ,1800,16831682
Kazakhstan,KAZ,1810,17411884
Kazakhstan,KAZ,1820,18012090
Kazakhstan,KAZ,1830,18632996
Kazakhstan,KAZ,1840,19275310
Kazakhstan,KAZ,1850,19939774
Kazakhstan,KAZ,1860,20627150
Kazakhstan,KAZ,1870,21338230
Kazakhstan,KAZ,1880,22073828
Kazakhstan,KAZ,1890,22834792
Kazakhstan,KAZ,1900,23621996
Kazakhstan,KAZ,1910,24436346
Kazakhstan,KAZ,1920,25278776
Kazakhstan,KAZ,1930,26150256
Kazakhstan,KAZ,1940,20921378
Kazakhstan,KAZ,1950,26150256
Kazakhstan,KAZ,1951,27051788
Kazakhstan,KAZ,1952,27984404
Kazakhstan,KAZ,1953,28949182
Kazakhstan,KAZ,1954,29947228
Kazakhstan,KAZ,1955,30979688
Kazakhstan,KAZ,1956,32047750
Kazakhstan,KAZ,1957,33152644
Kazakhstan,KAZ,1958,34295636
Kazakhstan,KAZ,1959,35478040
Kazakhstan,KAZ,1960,36701220
Kazakhstan,KAZ,1961,36701220
Kazakhstan,KAZ,1962,36777744
Kazakhstan,KAZ,1963,36502256
Kazakhstan,KAZ,1964,36287988
Kazakhstan,KAZ,1965,36203810
Kazakhstan,KAZ,1966,35798228
Kazakhstan,KAZ,1967,35744664
Kazakhstan,KAZ,1968,35675790
Kazakhstan,KAZ,1969,35721704
Kazakhstan,KAZ,1970,35660484
Kazakhstan,KAZ,1971,35629876
Kazakhstan,KAZ,1972,35599264
Kazakhstan,KAZ,1973,35553350
Kazakhstan,KAZ,1974,35645180
Kazakhstan,KAZ,1975,35568656
Kazakhstan,KAZ,1976,35583960
Kazakhstan,KAZ,1977,35599264
Kazakhstan,KAZ,1978,35507436
Kazakhstan,KAZ,1979,35415610
Kazakhstan,KAZ,1980,35433508
Kazakhstan,KAZ,1981,35461520
Kazakhstan,KAZ,1982,35469172
Kazakhstan,KAZ,1983,35492132
Kazakhstan,KAZ,1984,35459380
Kazakhstan,KAZ,1985,35478508
Kazakhstan,KAZ,1986,35495956
Kazakhstan,KAZ,1987,35516924
Kazakhstan,KAZ,1988,35437030
Kazakhstan,KAZ,1989,35190620
Kazakhstan,KAZ,1990,35036044
Kazakhstan,KAZ,1991,35036044
Kazakhstan,KAZ,1992,35201132
Kazakhstan,KAZ,1993,35185056
Kazakhstan,KAZ,1994,34828060
Kazakhstan,KAZ,1995,34860640
Kazakhstan,KAZ,1996,33147784
Kazakhstan,KAZ,1997,32691804
Kazakhstan,KAZ,1998,32294846
Kazakhstan,KAZ,1999,32195304
Kazakhstan,KAZ,2000,30295468
Kazakhstan,KAZ,2001,29485824
Kazakhstan,KAZ,2002,28469068
Kazakhstan,KAZ,2003,28465516
Kazakhstan,KAZ,2004,28598700
Kazakhstan,KAZ,2005,28678088
Kazakhstan,KAZ,2006,28731662
Kazakhstan,KAZ,2007,28755668
Kazakhstan,KAZ,2008,28634988
Kazakhstan,KAZ,2009,28735682
Kazakhstan,KAZ,2010,28800310
Kazakhstan,KAZ,2011,29298046
Kazakhstan,KAZ,2012,29459838
Kazakhstan,KAZ,2013,29526216
Kazakhstan,KAZ,2014,29527166
Kazakhstan,KAZ,2015,29826994
Kazakhstan,KAZ,2016,29625532
Kazakhstan,KAZ,2017,29632756
Kazakhstan,KAZ,2018,29661132
Kazakhstan,KAZ,2019,29527482
Kazakhstan,KAZ,2020,29527640
Kazakhstan,KAZ,2021,29527800
Kazakhstan,KAZ,2022,29527960
Kazakhstan,KAZ,2023,29528118
Kenya,KEN,-10000,0
Kenya,KEN,-9000,0
Kenya,KEN,-8000,0
Kenya,KEN,-7000,0
Kenya,KEN,-6000,0
Kenya,KEN,-5000,0
Kenya,KEN,-4000,0
Kenya,KEN,-3000,0
Kenya,KEN,-2000,0
Kenya,KEN,-1000,0
Kenya,KEN,0,0
Kenya,KEN,100,0
Kenya,KEN,200,0
Kenya,KEN,300,0
Kenya,KEN,400,0
Kenya,KEN,500,0
Kenya,KEN,600,0
Kenya,KEN,700,0
Kenya,KEN,800,0
Kenya,KEN,900,0
Kenya,KEN,1000,376671.2
Kenya,KEN,1100,442588.7
Kenya,KEN,1200,508506.1
Kenya,KEN,1300,574423.56
Kenya,KEN,1400,640341
Kenya,KEN,1500,706258.5
Kenya,KEN,1600,823968.25
Kenya,KEN,1700,941678
Kenya,KEN,1710,964207.3
Kenya,KEN,1720,975178.1
Kenya,KEN,1730,986761.8
Kenya,KEN,1740,999022.56
Kenya,KEN,1750,1012034.4
Kenya,KEN,1760,1025883.9
Kenya,KEN,1770,1040672.4
Kenya,KEN,1780,1056520.1
Kenya,KEN,1790,1073571
Kenya,KEN,1800,1091998.5
Kenya,KEN,1810,1112014.8
Kenya,KEN,1820,1133882.4
Kenya,KEN,1830,1157931.9
Kenya,KEN,1840,1184585
Kenya,KEN,1850,1214392.8
Kenya,KEN,1860,1248091.2
Kenya,KEN,1870,1286692
Kenya,KEN,1880,1331634.6
Kenya,KEN,1890,1385058.4
Kenya,KEN,1900,1450322.9
Kenya,KEN,1910,1533110.9
Kenya,KEN,1920,1644086.8
Kenya,KEN,1930,1806688.6
Kenya,KEN,1940,2088657.4
Kenya,KEN,1950,2861174.5
Kenya,KEN,1951,2914310.8
Kenya,KEN,1952,2994732.2
Kenya,KEN,1953,3079145
Kenya,KEN,1954,3167496
Kenya,KEN,1955,3259800.5
Kenya,KEN,1956,3356138.8
Kenya,KEN,1957,3456647
Kenya,KEN,1958,3561528.5
Kenya,KEN,1959,3671036.2
Kenya,KEN,1960,3785441
Kenya,KEN,1961,3905000
Kenya,KEN,1962,3905000
Kenya,KEN,1963,3910000
Kenya,KEN,1964,3915000
Kenya,KEN,1965,3920000
Kenya,KEN,1966,3925000
Kenya,KEN,1967,3930000
Kenya,KEN,1968,3935000
Kenya,KEN,1969,3940000
Kenya,KEN,1970,3945000
Kenya,KEN,1971,3950000
Kenya,KEN,1972,3955000
Kenya,KEN,1973,3960000
Kenya,KEN,1974,3965000
Kenya,KEN,1975,4272000
Kenya,KEN,1976,4278000
Kenya,KEN,1977,4280000
Kenya,KEN,1978,4280000
Kenya,KEN,1979,4280000
Kenya,KEN,1980,4280000
Kenya,KEN,1981,4280000
Kenya,KEN,1982,4280000
Kenya,KEN,1983,4280000
Kenya,KEN,1984,4205000
Kenya,KEN,1985,5054000
Kenya,KEN,1986,5073000
Kenya,KEN,1987,5135000
Kenya,KEN,1988,5362000
Kenya,KEN,1989,5753000
Kenya,KEN,1990,5470000
Kenya,KEN,1991,5577000
Kenya,KEN,1992,5772000
Kenya,KEN,1993,5540000
Kenya,KEN,1994,5932000
Kenya,KEN,1995,5918000
Kenya,KEN,1996,5151000
Kenya,KEN,1997,5294000
Kenya,KEN,1998,5158000
Kenya,KEN,1999,5576000
Kenya,KEN,2000,5371000
Kenya,KEN,2001,5539000
Kenya,KEN,2002,5518000
Kenya,KEN,2003,5574000
Kenya,KEN,2004,5692000
Kenya,KEN,2005,5702000
Kenya,KEN,2006,5754000
Kenya,KEN,2007,5770000
Kenya,KEN,2008,5785000
Kenya,KEN,2009,5985000
Kenya,KEN,2010,6020000
Kenya,KEN,2011,6330000
Kenya,KEN,2012,6430000
Kenya,KEN,2013,6330000
Kenya,KEN,2014,6330000
Kenya,KEN,2015,6330000
Kenya,KEN,2016,6330000
Kenya,KEN,2017,6330000
Kenya,KEN,2018,6330000
Kenya,KEN,2019,6330000
Kenya,KEN,2020,6330000
Kenya,KEN,2021,6330000
Kenya,KEN,2022,6330000
Kenya,KEN,2023,6330000
Kuwait,KWT,-10000,0
Kuwait,KWT,-9000,0
Kuwait,KWT,-8000,0
Kuwait,KWT,-7000,0
Kuwait,KWT,-6000,0
Kuwait,KWT,-5000,0
Kuwait,KWT,-4000,0
Kuwait,KWT,-3000,0
Kuwait,KWT,-2000,0
Kuwait,KWT,-1000,0
Kuwait,KWT,0,0
Kuwait,KWT,100,0
Kuwait,KWT,200,0
Kuwait,KWT,300,0
Kuwait,KWT,400,0
Kuwait,KWT,500,0
Kuwait,KWT,600,0
Kuwait,KWT,700,0
Kuwait,KWT,800,0
Kuwait,KWT,900,0
Kuwait,KWT,1000,0
Kuwait,KWT,1100,0
Kuwait,KWT,1200,0
Kuwait,KWT,1300,0
Kuwait,KWT,1400,0
Kuwait,KWT,1500,0
Kuwait,KWT,1600,0
Kuwait,KWT,1700,0
Kuwait,KWT,1710,0
Kuwait,KWT,1720,0
Kuwait,KWT,1730,0
Kuwait,KWT,1740,0
Kuwait,KWT,1750,0
Kuwait,KWT,1760,0
Kuwait,KWT,1770,0
Kuwait,KWT,1780,0
Kuwait,KWT,1790,0
Kuwait,KWT,1800,0
Kuwait,KWT,1810,61802.586
Kuwait,KWT,1820,61007.57
Kuwait,KWT,1830,60120.184
Kuwait,KWT,1840,59128.62
Kuwait,KWT,1850,58018.49
Kuwait,KWT,1860,56771.93
Kuwait,KWT,1870,55366.36
Kuwait,KWT,1880,53772.47
Kuwait,KWT,1890,51951.023
Kuwait,KWT,1900,49847.496
Kuwait,KWT,1910,47382.117
Kuwait,KWT,1920,44429.965
Kuwait,KWT,1930,40775.062
Kuwait,KWT,1940,35980.113
Kuwait,KWT,1950,28845.93
Kuwait,KWT,1951,28730.188
Kuwait,KWT,1952,28457.355
Kuwait,KWT,1953,28088.434
Kuwait,KWT,1954,27666.117
Kuwait,KWT,1955,27200.855
Kuwait,KWT,1956,26651.422
Kuwait,KWT,1957,25865.56
Kuwait,KWT,1958,24451.977
Kuwait,KWT,1959,21272.736
Kuwait,KWT,1960,1000
Kuwait,KWT,1961,1000
Kuwait,KWT,1962,1000
Kuwait,KWT,1963,1000
Kuwait,KWT,1964,1000
Kuwait,KWT,1965,1000
Kuwait,KWT,1966,1000
Kuwait,KWT,1967,1000
Kuwait,KWT,1968,1000
Kuwait,KWT,1969,1000
Kuwait,KWT,1970,1000
Kuwait,KWT,1971,1000
Kuwait,KWT,1972,1000
Kuwait,KWT,1973,1000
Kuwait,KWT,1974,1000
Kuwait,KWT,1975,1000
Kuwait,KWT,1976,1000
Kuwait,KWT,1977,1000
Kuwait,KWT,1978,1000
Kuwait,KWT,1979,1000
Kuwait,KWT,1980,1000
Kuwait,KWT,1981,2000
Kuwait,KWT,1982,2000
Kuwait,KWT,1983,2000
Kuwait,KWT,1984,3000
Kuwait,KWT,1985,3000
Kuwait,KWT,1986,4000
Kuwait,KWT,1987,4000
Kuwait,KWT,1988,5000
Kuwait,KWT,1989,5000
Kuwait,KWT,1990,5000
Kuwait,KWT,1991,5000
Kuwait,KWT,1992,5000
Kuwait,KWT,1993,6000
Kuwait,KWT,1994,6000
Kuwait,KWT,1995,6000
Kuwait,KWT,1996,7000
Kuwait,KWT,1997,7000
Kuwait,KWT,1998,7000
Kuwait,KWT,1999,8000
Kuwait,KWT,2000,12000
Kuwait,KWT,2001,15000
Kuwait,KWT,2002,15000
Kuwait,KWT,2003,15000
Kuwait,KWT,2004,14000
Kuwait,KWT,2005,14000
Kuwait,KWT,2006,14000
Kuwait,KWT,2007,15000
Kuwait,KWT,2008,15000
Kuwait,KWT,2009,15500
Kuwait,KWT,2010,16000
Kuwait,KWT,2011,16500
Kuwait,KWT,2012,16000
Kuwait,KWT,2013,17600
Kuwait,KWT,2014,16100
Kuwait,KWT,2015,13400
Kuwait,KWT,2016,14000
Kuwait,KWT,2017,15400
Kuwait,KWT,2018,13350
Kuwait,KWT,2019,12700
Kuwait,KWT,2020,12050
Kuwait,KWT,2021,11400
Kuwait,KWT,2022,10750
Kuwait,KWT,2023,10100
Kyrgyzstan,KGZ,-10000,0
Kyrgyzstan,KGZ,-9000,0
Kyrgyzstan,KGZ,-8000,0
Kyrgyzstan,KGZ,-7000,0
Kyrgyzstan,KGZ,-6000,0
Kyrgyzstan,KGZ,-5000,0
Kyrgyzstan,KGZ,-4000,0
Kyrgyzstan,KGZ,-3000,0
Kyrgyzstan,KGZ,-2000,137911.64
Kyrgyzstan,KGZ,-1000,147713.33
Kyrgyzstan,KGZ,0,153569.03
Kyrgyzstan,KGZ,100,162240.33
Kyrgyzstan,KGZ,200,171295.08
Kyrgyzstan,KGZ,300,180732.83
Kyrgyzstan,KGZ,400,190549.08
Kyrgyzstan,KGZ,500,200734.31
Kyrgyzstan,KGZ,600,211272.66
Kyrgyzstan,KGZ,700,222140.38
Kyrgyzstan,KGZ,800,233303.78
Kyrgyzstan,KGZ,900,238332.81
Kyrgyzstan,KGZ,1000,242696.61
Kyrgyzstan,KGZ,1100,255811.02
Kyrgyzstan,KGZ,1200,267640.94
Kyrgyzstan,KGZ,1300,278061.03
Kyrgyzstan,KGZ,1400,286918.44
Kyrgyzstan,KGZ,1500,294023.22
Kyrgyzstan,KGZ,1600,323387.8
Kyrgyzstan,KGZ,1700,348384.97
Kyrgyzstan,KGZ,1710,366291.9
Kyrgyzstan,KGZ,1720,384818.75
Kyrgyzstan,KGZ,1730,404255.2
Kyrgyzstan,KGZ,1740,424643.6
Kyrgyzstan,KGZ,1750,446028.22
Kyrgyzstan,KGZ,1760,468454.97
Kyrgyzstan,KGZ,1770,491971.78
Kyrgyzstan,KGZ,1780,516628.4
Kyrgyzstan,KGZ,1790,542476.7
Kyrgyzstan,KGZ,1800,569570.44
Kyrgyzstan,KGZ,1810,597965.6
Kyrgyzstan,KGZ,1820,627720.2
Kyrgyzstan,KGZ,1830,658894.5
Kyrgyzstan,KGZ,1840,691550.75
Kyrgyzstan,KGZ,1850,725753.75
Kyrgyzstan,KGZ,1860,761570.4
Kyrgyzstan,KGZ,1870,799069.7
Kyrgyzstan,KGZ,1880,838323.25
Kyrgyzstan,KGZ,1890,879404.7
Kyrgyzstan,KGZ,1900,922389.94
Kyrgyzstan,KGZ,1910,967357.3
Kyrgyzstan,KGZ,1920,1014387
Kyrgyzstan,KGZ,1930,1063561.5
Kyrgyzstan,KGZ,1940,1114965.4
Kyrgyzstan,KGZ,1950,1168684.8
Kyrgyzstan,KGZ,1951,1185005.4
Kyrgyzstan,KGZ,1952,1203999.4
Kyrgyzstan,KGZ,1953,1225303
Kyrgyzstan,KGZ,1954,1248740.4
Kyrgyzstan,KGZ,1955,1274327
Kyrgyzstan,KGZ,1956,1302277.9
Kyrgyzstan,KGZ,1957,1332981.5
Kyrgyzstan,KGZ,1958,1366985.5
Kyrgyzstan,KGZ,1959,1404882.9
Kyrgyzstan,KGZ,1960,1447154.8
Kyrgyzstan,KGZ,1961,1447154.8
Kyrgyzstan,KGZ,1962,1450172.1
Kyrgyzstan,KGZ,1963,1439309.4
Kyrgyzstan,KGZ,1964,1430860.6
Kyrgyzstan,KGZ,1965,1427541.5
Kyrgyzstan,KGZ,1966,1411549.1
Kyrgyzstan,KGZ,1967,1409436.9
Kyrgyzstan,KGZ,1968,1406721.2
Kyrgyzstan,KGZ,1969,1408531.8
Kyrgyzstan,KGZ,1970,1406117.8
Kyrgyzstan,KGZ,1971,1404910.9
Kyrgyzstan,KGZ,1972,1403703.9
Kyrgyzstan,KGZ,1973,1401893.5
Kyrgyzstan,KGZ,1974,1405514.4
Kyrgyzstan,KGZ,1975,1402496.9
Kyrgyzstan,KGZ,1976,1403100.4
Kyrgyzstan,KGZ,1977,1403703.9
Kyrgyzstan,KGZ,1978,1400082.9
Kyrgyzstan,KGZ,1979,1396462
Kyrgyzstan,KGZ,1980,1397168.1
Kyrgyzstan,KGZ,1981,1398272.5
Kyrgyzstan,KGZ,1982,1398574.2
Kyrgyzstan,KGZ,1983,1399479.5
Kyrgyzstan,KGZ,1984,1398188
Kyrgyzstan,KGZ,1985,1398942.4
Kyrgyzstan,KGZ,1986,1399630.4
Kyrgyzstan,KGZ,1987,1400457.1
Kyrgyzstan,KGZ,1988,1397306.9
Kyrgyzstan,KGZ,1989,1387590.9
Kyrgyzstan,KGZ,1990,1381495.6
Kyrgyzstan,KGZ,1991,1381495.6
Kyrgyzstan,KGZ,1992,1388000
Kyrgyzstan,KGZ,1993,1420000
Kyrgyzstan,KGZ,1994,1373000
Kyrgyzstan,KGZ,1995,1326000
Kyrgyzstan,KGZ,1996,1425000
Kyrgyzstan,KGZ,1997,1426000
Kyrgyzstan,KGZ,1998,1428000
Kyrgyzstan,KGZ,1999,1435000
Kyrgyzstan,KGZ,2000,1423000
Kyrgyzstan,KGZ,2001,1410000
Kyrgyzstan,KGZ,2002,1411000
Kyrgyzstan,KGZ,2003,1411000
Kyrgyzstan,KGZ,2004,1406000
Kyrgyzstan,KGZ,2005,1356000
Kyrgyzstan,KGZ,2006,1355600
Kyrgyzstan,KGZ,2007,1353400
Kyrgyzstan,KGZ,2008,1352900
Kyrgyzstan,KGZ,2009,1351000
Kyrgyzstan,KGZ,2010,1350400
Kyrgyzstan,KGZ,2011,1350600
Kyrgyzstan,KGZ,2012,1351400
Kyrgyzstan,KGZ,2013,1354000
Kyrgyzstan,KGZ,2014,1355800
Kyrgyzstan,KGZ,2015,1355600
Kyrgyzstan,KGZ,2016,1363800
Kyrgyzstan,KGZ,2017,1363800
Kyrgyzstan,KGZ,2018,1366880
Kyrgyzstan,KGZ,2019,1369640
Kyrgyzstan,KGZ,2020,1372400
Kyrgyzstan,KGZ,2021,1375160
Kyrgyzstan,KGZ,2022,1377920
Kyrgyzstan,KGZ,2023,1380680
Laos,LAO,-10000,0
Laos,LAO,-9000,0
Laos,LAO,-8000,0
Laos,LAO,-7000,0
Laos,LAO,-6000,0
Laos,LAO,-5000,0
Laos,LAO,-4000,0
Laos,LAO,-3000,0
Laos,LAO,-2000,0
Laos,LAO,-1000,0
Laos,LAO,0,15022.563
Laos,LAO,100,16131.209
Laos,LAO,200,17325.951
Laos,LAO,300,18613.17
Laos,LAO,400,19999.738
Laos,LAO,500,21493.055
Laos,LAO,600,23101.086
Laos,LAO,700,24832.416
Laos,LAO,800,26696.277
Laos,LAO,900,31339.941
Laos,LAO,1000,35981.176
Laos,LAO,1100,40620.633
Laos,LAO,1200,45258.83
Laos,LAO,1300,49896.17
Laos,LAO,1400,54532.977
Laos,LAO,1500,59169.5
Laos,LAO,1600,73947.266
Laos,LAO,1700,88721.625
Laos,LAO,1710,90198.91
Laos,LAO,1720,91676.16
Laos,LAO,1730,93153.39
Laos,LAO,1740,94630.6
Laos,LAO,1750,96107.79
Laos,LAO,1760,97584.95
Laos,LAO,1770,99062.09
Laos,LAO,1780,100539.22
Laos,LAO,1790,102016.31
Laos,LAO,1800,103493.4
Laos,LAO,1810,115319.664
Laos,LAO,1820,127145.63
Laos,LAO,1830,138971.31
Laos,LAO,1840,150796.72
Laos,LAO,1850,162621.84
Laos,LAO,1860,174446.7
Laos,LAO,1870,186271.3
Laos,LAO,1880,197936.44
Laos,LAO,1890,222268.94
Laos,LAO,1900,248011.64
Laos,LAO,1910,255920.19
Laos,LAO,1920,278143.3
Laos,LAO,1930,338924.5
Laos,LAO,1940,403566.8
Laos,LAO,1950,472264.16
Laos,LAO,1951,487608.06
Laos,LAO,1952,503311.72
Laos,LAO,1953,519398.16
Laos,LAO,1954,535897.75
Laos,LAO,1955,552834.8
Laos,LAO,1956,570234.7
Laos,LAO,1957,588125.4
Laos,LAO,1958,606532.7
Laos,LAO,1959,625486.56
Laos,LAO,1960,650000
Laos,LAO,1961,650000
Laos,LAO,1962,650000
Laos,LAO,1963,650000
Laos,LAO,1964,650000
Laos,LAO,1965,650000
Laos,LAO,1966,660000
Laos,LAO,1967,660000
Laos,LAO,1968,670000
Laos,LAO,1969,672000
Laos,LAO,1970,677000
Laos,LAO,1971,682000
Laos,LAO,1972,712000
Laos,LAO,1973,732000
Laos,LAO,1974,755000
Laos,LAO,1975,768000
Laos,LAO,1976,780000
Laos,LAO,1977,790000
Laos,LAO,1978,798000
Laos,LAO,1979,805000
Laos,LAO,1980,806000
Laos,LAO,1981,809000
Laos,LAO,1982,817000
Laos,LAO,1983,820000
Laos,LAO,1984,830000
Laos,LAO,1985,835000
Laos,LAO,1986,838000
Laos,LAO,1987,840000
Laos,LAO,1988,850000
Laos,LAO,1989,852000
Laos,LAO,1990,860000
Laos,LAO,1991,862000
Laos,LAO,1992,864000
Laos,LAO,1993,865000
Laos,LAO,1994,890000
Laos,LAO,1995,900000
Laos,LAO,1996,900000
Laos,LAO,1997,930000
Laos,LAO,1998,940000
Laos,LAO,1999,958000
Laos,LAO,2000,1001000
Laos,LAO,2001,1051000
Laos,LAO,2002,1096000
Laos,LAO,2003,1141000
Laos,LAO,2004,1186000
Laos,LAO,2005,1235000
Laos,LAO,2006,1290000
Laos,LAO,2007,1338000
Laos,LAO,2008,1389000
Laos,LAO,2009,1468000
Laos,LAO,2010,1530000
Laos,LAO,2011,1596500
Laos,LAO,2012,1619000
Laos,LAO,2013,1658000
Laos,LAO,2014,1765000
Laos,LAO,2015,1819000
Laos,LAO,2016,1819000
Laos,LAO,2017,1724000
Laos,LAO,2018,1812800
Laos,LAO,2019,1831400
Laos,LAO,2020,1850000
Laos,LAO,2021,1868600
Laos,LAO,2022,1887200
Laos,LAO,2023,1905800
Latvia,LVA,-10000,0
Latvia,LVA,-9000,0
Latvia,LVA,-8000,0
Latvia,LVA,-7000,0
Latvia,LVA,-6000,0
Latvia,LVA,-5000,0
Latvia,LVA,-4000,0
Latvia,LVA,-3000,0
Latvia,LVA,-2000,3375.9658
Latvia,LVA,-1000,13503.863
Latvia,LVA,0,54015.453
Latvia,LVA,100,113716.75
Latvia,LVA,200,117582.484
Latvia,LVA,300,121456.68
Latvia,LVA,400,125316.41
Latvia,LVA,500,129133.63
Latvia,LVA,600,132873.97
Latvia,LVA,700,136495.08
Latvia,LVA,800,139944.66
Latvia,LVA,900,143157.45
Latvia,LVA,1000,146051.28
Latvia,LVA,1100,148521.28
Latvia,LVA,1200,150431.19
Latvia,LVA,1300,151599.83
Latvia,LVA,1400,151778.77
Latvia,LVA,1500,150612.97
Latvia,LVA,1600,147564.14
Latvia,LVA,1700,141742.5
Latvia,LVA,1710,163605.44
Latvia,LVA,1720,188773.55
Latvia,LVA,1730,217730.72
Latvia,LVA,1740,251027.69
Latvia,LVA,1750,289290.38
Latvia,LVA,1760,333228.56
Latvia,LVA,1770,383645.47
Latvia,LVA,1780,441447.8
Latvia,LVA,1790,507655.8
Latvia,LVA,1800,583413.75
Latvia,LVA,1810,669999.6
Latvia,LVA,1820,753142.9
Latvia,LVA,1830,845871.7
Latvia,LVA,1840,949105.2
Latvia,LVA,1850,1063795.8
Latvia,LVA,1860,1190908.8
Latvia,LVA,1870,1294408.4
Latvia,LVA,1880,1404711.6
Latvia,LVA,1890,1521678.6
Latvia,LVA,1900,1644939.5
Latvia,LVA,1910,1773799.8
Latvia,LVA,1920,1806733
Latvia,LVA,1930,1833654.1
Latvia,LVA,1940,1813722.9
Latvia,LVA,1950,1703088.2
Latvia,LVA,1951,1701025.4
Latvia,LVA,1952,1702781.9
Latvia,LVA,1953,1707589
Latvia,LVA,1954,1714791.6
Latvia,LVA,1955,1723819.8
Latvia,LVA,1956,1734201.5
Latvia,LVA,1957,1745567
Latvia,LVA,1958,1757617.6
Latvia,LVA,1959,1770124.6
Latvia,LVA,1960,1782877.9
Latvia,LVA,1961,1782877.9
Latvia,LVA,1962,1786595.2
Latvia,LVA,1963,1773212.8
Latvia,LVA,1964,1762803.9
Latvia,LVA,1965,1758714.6
Latvia,LVA,1966,1739012.2
Latvia,LVA,1967,1736410.1
Latvia,LVA,1968,1733064.5
Latvia,LVA,1969,1735294.9
Latvia,LVA,1970,1732320.9
Latvia,LVA,1971,1730834
Latvia,LVA,1972,1729347.1
Latvia,LVA,1973,1727116.6
Latvia,LVA,1974,1731577.4
Latvia,LVA,1975,1727860
Latvia,LVA,1976,1728603.5
Latvia,LVA,1977,1729347.1
Latvia,LVA,1978,1724886.1
Latvia,LVA,1979,1720425.2
Latvia,LVA,1980,1721295.1
Latvia,LVA,1981,1722655.6
Latvia,LVA,1982,1723027.4
Latvia,LVA,1983,1724142.6
Latvia,LVA,1984,1722551.5
Latvia,LVA,1985,1723480.9
Latvia,LVA,1986,1724328.5
Latvia,LVA,1987,1725347.1
Latvia,LVA,1988,1721466
Latvia,LVA,1989,1709495.9
Latvia,LVA,1990,1701986.8
Latvia,LVA,1991,1701986.8
Latvia,LVA,1992,1710000
Latvia,LVA,1993,1711000
Latvia,LVA,1994,1740000
Latvia,LVA,1995,1031000
Latvia,LVA,1996,1076000
Latvia,LVA,1997,1094000
Latvia,LVA,1998,1071000
Latvia,LVA,1999,999000
Latvia,LVA,2000,982000
Latvia,LVA,2001,970000
Latvia,LVA,2002,985000
Latvia,LVA,2003,969000
Latvia,LVA,2004,1021000
Latvia,LVA,2005,1105000
Latvia,LVA,2006,1218000
Latvia,LVA,2007,1198000
Latvia,LVA,2008,1177000
Latvia,LVA,2009,1174000
Latvia,LVA,2010,1180000
Latvia,LVA,2011,1165000
Latvia,LVA,2012,1184000
Latvia,LVA,2013,1214000
Latvia,LVA,2014,1215000
Latvia,LVA,2015,1236500
Latvia,LVA,2016,1296000
Latvia,LVA,2017,1298000
Latvia,LVA,2018,1326600
Latvia,LVA,2019,1351500
Latvia,LVA,2020,1376400
Latvia,LVA,2021,1401300
Latvia,LVA,2022,1426200
Latvia,LVA,2023,1451100
Lebanon,LBN,-10000,0
Lebanon,LBN,-9000,0
Lebanon,LBN,-8000,0
Lebanon,LBN,-7000,51400.914
Lebanon,LBN,-6000,115805.6
Lebanon,LBN,-5000,153082.39
Lebanon,LBN,-4000,201650.84
Lebanon,LBN,-3000,263797.94
Lebanon,LBN,-2000,341121.4
Lebanon,LBN,-1000,420135.34
Lebanon,LBN,0,473840.34
Lebanon,LBN,100,508832.62
Lebanon,LBN,200,547740.5
Lebanon,LBN,300,590846.3
Lebanon,LBN,400,539264.1
Lebanon,LBN,500,493797.47
Lebanon,LBN,600,453728.56
Lebanon,LBN,700,418414.44
Lebanon,LBN,800,371582.75
Lebanon,LBN,900,340235.66
Lebanon,LBN,1000,309535.78
Lebanon,LBN,1100,315446.4
Lebanon,LBN,1200,319272.2
Lebanon,LBN,1300,320660.88
Lebanon,LBN,1400,244748.48
Lebanon,LBN,1500,246599.86
Lebanon,LBN,1600,266554.3
Lebanon,LBN,1700,208129.16
Lebanon,LBN,1710,195563.75
Lebanon,LBN,1720,189583.52
Lebanon,LBN,1730,183704.8
Lebanon,LBN,1740,177922.8
Lebanon,LBN,1750,172232.45
Lebanon,LBN,1760,166628.52
Lebanon,LBN,1770,161105.31
Lebanon,LBN,1780,155656.78
Lebanon,LBN,1790,150276.4
Lebanon,LBN,1800,144956.95
Lebanon,LBN,1810,139690.42
Lebanon,LBN,1820,134467.8
Lebanon,LBN,1830,142817.62
Lebanon,LBN,1840,149265.27
Lebanon,LBN,1850,155739.48
Lebanon,LBN,1860,162165.69
Lebanon,LBN,1870,168444.1
Lebanon,LBN,1880,193694.55
Lebanon,LBN,1890,188755.2
Lebanon,LBN,1900,201007.39
Lebanon,LBN,1910,193689.03
Lebanon,LBN,1920,193803.64
Lebanon,LBN,1930,224955.86
Lebanon,LBN,1940,255901.03
Lebanon,LBN,1950,278346.7
Lebanon,LBN,1951,278002.84
Lebanon,LBN,1952,279309
Lebanon,LBN,1953,281414.53
Lebanon,LBN,1954,283608.6
Lebanon,LBN,1955,285298.12
Lebanon,LBN,1956,285961.94
Lebanon,LBN,1957,285066.6
Lebanon,LBN,1958,281845.47
Lebanon,LBN,1959,274559.94
Lebanon,LBN,1960,253614.36
Lebanon,LBN,1961,262000
Lebanon,LBN,1962,270000
Lebanon,LBN,1963,270000
Lebanon,LBN,1964,280000
Lebanon,LBN,1965,296000
Lebanon,LBN,1966,296000
Lebanon,LBN,1967,306000
Lebanon,LBN,1968,316000
Lebanon,LBN,1969,320000
Lebanon,LBN,1970,324943.8
Lebanon,LBN,1971,329665.9
Lebanon,LBN,1972,334660.88
Lebanon,LBN,1973,344650.72
Lebanon,LBN,1974,339655.78
Lebanon,LBN,1975,334660.88
Lebanon,LBN,1976,329665.9
Lebanon,LBN,1977,324670.97
Lebanon,LBN,1978,318677.06
Lebanon,LBN,1979,312683.12
Lebanon,LBN,1980,300695.25
Lebanon,LBN,1981,297698.3
Lebanon,LBN,1982,297698.3
Lebanon,LBN,1983,297698.3
Lebanon,LBN,1984,297698.3
Lebanon,LBN,1985,298697.28
Lebanon,LBN,1986,299696.28
Lebanon,LBN,1987,303692.25
Lebanon,LBN,1988,303692.25
Lebanon,LBN,1989,303692.25
Lebanon,LBN,1990,304691.25
Lebanon,LBN,1991,305690.22
Lebanon,LBN,1992,305690.22
Lebanon,LBN,1993,305690.9
Lebanon,LBN,1994,306691.38
Lebanon,LBN,1995,308695.38
Lebanon,LBN,1996,317689.12
Lebanon,LBN,1997,321687.8
Lebanon,LBN,1998,325660.9
Lebanon,LBN,1999,264724.38
Lebanon,LBN,2000,269719.16
Lebanon,LBN,2001,262726.44
Lebanon,LBN,2002,270718.12
Lebanon,LBN,2003,276711.88
Lebanon,LBN,2004,278010.53
Lebanon,LBN,2005,282705.62
Lebanon,LBN,2006,278709.8
Lebanon,LBN,2007,276811.78
Lebanon,LBN,2008,262726.44
Lebanon,LBN,2009,262726.44
Lebanon,LBN,2010,239750.36
Lebanon,LBN,2011,250738.92
Lebanon,LBN,2012,257731.64
Lebanon,LBN,2013,257731.64
Lebanon,LBN,2014,257731.64
Lebanon,LBN,2015,257731.64
Lebanon,LBN,2016,257731.61
Lebanon,LBN,2017,257731.61
Lebanon,LBN,2018,257731.61
Lebanon,LBN,2019,257731.61
Lebanon,LBN,2020,257731.61
Lebanon,LBN,2021,257731.61
Lebanon,LBN,2022,257731.61
Lebanon,LBN,2023,257731.61
Lesotho,LSO,-10000,0
Lesotho,LSO,-9000,0
Lesotho,LSO,-8000,0
Lesotho,LSO,-7000,0
Lesotho,LSO,-6000,0
Lesotho,LSO,-5000,0
Lesotho,LSO,-4000,0
Lesotho,LSO,-3000,0
Lesotho,LSO,-2000,0
Lesotho,LSO,-1000,0
Lesotho,LSO,0,0
Lesotho,LSO,100,0
Lesotho,LSO,200,0
Lesotho,LSO,300,0
Lesotho,LSO,400,0
Lesotho,LSO,500,0
Lesotho,LSO,600,0
Lesotho,LSO,700,0
Lesotho,LSO,800,0
Lesotho,LSO,900,0
Lesotho,LSO,1000,0
Lesotho,LSO,1100,15739.556
Lesotho,LSO,1200,17957.297
Lesotho,LSO,1300,20487.34
Lesotho,LSO,1400,23373.639
Lesotho,LSO,1500,26666.324
Lesotho,LSO,1600,30422.58
Lesotho,LSO,1700,34707.625
Lesotho,LSO,1710,35701.14
Lesotho,LSO,1720,36767.227
Lesotho,LSO,1730,37914.668
Lesotho,LSO,1740,39153.773
Lesotho,LSO,1750,40496.758
Lesotho,LSO,1760,41958.137
Lesotho,LSO,1770,43555.39
Lesotho,LSO,1780,45309.73
Lesotho,LSO,1790,47247.188
Lesotho,LSO,1800,49400.08
Lesotho,LSO,1810,51809.082
Lesotho,LSO,1820,54526.215
Lesotho,LSO,1830,57619.11
Lesotho,LSO,1840,61177.582
Lesotho,LSO,1850,65323.68
Lesotho,LSO,1860,70228.05
Lesotho,LSO,1870,76137.36
Lesotho,LSO,1880,83423.37
Lesotho,LSO,1890,92676.14
Lesotho,LSO,1900,104897.7
Lesotho,LSO,1910,121952.36
Lesotho,LSO,1920,147794.7
Lesotho,LSO,1930,192741.33
Lesotho,LSO,1940,296472.25
Lesotho,LSO,1950,311183.97
Lesotho,LSO,1951,315576.78
Lesotho,LSO,1952,320037.28
Lesotho,LSO,1953,324579.84
Lesotho,LSO,1954,329223.6
Lesotho,LSO,1955,333990.56
Lesotho,LSO,1956,338916.75
Lesotho,LSO,1957,344041.6
Lesotho,LSO,1958,349401.1
Lesotho,LSO,1959,355041.03
Lesotho,LSO,1960,361000
Lesotho,LSO,1961,361000
Lesotho,LSO,1962,356000
Lesotho,LSO,1963,356000
Lesotho,LSO,1964,358000
Lesotho,LSO,1965,358000
Lesotho,LSO,1966,363000
Lesotho,LSO,1967,363000
Lesotho,LSO,1968,368000
Lesotho,LSO,1969,368000
Lesotho,LSO,1970,372000
Lesotho,LSO,1971,364000
Lesotho,LSO,1972,359000
Lesotho,LSO,1973,359000
Lesotho,LSO,1974,359000
Lesotho,LSO,1975,376000
Lesotho,LSO,1976,359000
Lesotho,LSO,1977,292000
Lesotho,LSO,1978,293000
Lesotho,LSO,1979,309000
Lesotho,LSO,1980,296000
Lesotho,LSO,1981,302000
Lesotho,LSO,1982,292000
Lesotho,LSO,1983,287000
Lesotho,LSO,1984,301000
Lesotho,LSO,1985,308000
Lesotho,LSO,1986,291000
Lesotho,LSO,1987,330000
Lesotho,LSO,1988,343000
Lesotho,LSO,1989,305000
Lesotho,LSO,1990,321000
Lesotho,LSO,1991,323000
Lesotho,LSO,1992,336000
Lesotho,LSO,1993,334000
Lesotho,LSO,1994,329000
Lesotho,LSO,1995,324000
Lesotho,LSO,1996,326000
Lesotho,LSO,1997,329000
Lesotho,LSO,1998,329000
Lesotho,LSO,1999,329000
Lesotho,LSO,2000,334000
Lesotho,LSO,2001,334000
Lesotho,LSO,2002,304000
Lesotho,LSO,2003,304000
Lesotho,LSO,2004,314000
Lesotho,LSO,2005,327000
Lesotho,LSO,2006,307000
Lesotho,LSO,2007,329000
Lesotho,LSO,2008,362000
Lesotho,LSO,2009,339000
Lesotho,LSO,2010,326000
Lesotho,LSO,2011,312000
Lesotho,LSO,2012,285300
Lesotho,LSO,2013,252100
Lesotho,LSO,2014,276300
Lesotho,LSO,2015,223000
Lesotho,LSO,2016,356000
Lesotho,LSO,2017,418000
Lesotho,LSO,2018,428529.97
Lesotho,LSO,2019,469679.97
Lesotho,LSO,2020,510829.97
Lesotho,LSO,2021,551980
Lesotho,LSO,2022,593130
Lesotho,LSO,2023,634280
Liberia,LBR,-10000,0
Liberia,LBR,-9000,0
Liberia,LBR,-8000,0
Liberia,LBR,-7000,0
Liberia,LBR,-6000,0
Liberia,LBR,-5000,0
Liberia,LBR,-4000,0
Liberia,LBR,-3000,0
Liberia,LBR,-2000,0
Liberia,LBR,-1000,0
Liberia,LBR,0,0
Liberia,LBR,100,0
Liberia,LBR,200,0
Liberia,LBR,300,0
Liberia,LBR,400,0
Liberia,LBR,500,0
Liberia,LBR,600,0
Liberia,LBR,700,0
Liberia,LBR,800,64750.65
Liberia,LBR,900,129501.77
Liberia,LBR,1000,136361.02
Liberia,LBR,1100,143583.56
Liberia,LBR,1200,151188.6
Liberia,LBR,1300,159196.38
Liberia,LBR,1400,167628.25
Liberia,LBR,1500,176506.67
Liberia,LBR,1600,185855.47
Liberia,LBR,1700,195699.14
Liberia,LBR,1710,197482.67
Liberia,LBR,1720,199357.89
Liberia,LBR,1730,201333.73
Liberia,LBR,1740,203420.53
Liberia,LBR,1750,205630.12
Liberia,LBR,1760,207976.38
Liberia,LBR,1770,210475.39
Liberia,LBR,1780,213146.36
Liberia,LBR,1790,216012.06
Liberia,LBR,1800,219099.97
Liberia,LBR,1810,222443.56
Liberia,LBR,1820,226084.06
Liberia,LBR,1830,230073.22
Liberia,LBR,1840,234476.9
Liberia,LBR,1850,239380.73
Liberia,LBR,1860,244898.48
Liberia,LBR,1870,251185.86
Liberia,LBR,1880,258463.06
Liberia,LBR,1890,267055.1
Liberia,LBR,1900,277468.6
Liberia,LBR,1910,290552.2
Liberia,LBR,1920,307879.56
Liberia,LBR,1930,332853.28
Liberia,LBR,1940,375057.75
Liberia,LBR,1950,483960.75
Liberia,LBR,1951,490713.62
Liberia,LBR,1952,498310.6
Liberia,LBR,1953,506692.34
Liberia,LBR,1954,515816.7
Liberia,LBR,1955,525620.75
Liberia,LBR,1956,536051.94
Liberia,LBR,1957,547055.1
Liberia,LBR,1958,558579.25
Liberia,LBR,1959,570576
Liberia,LBR,1960,583000
Liberia,LBR,1961,583000
Liberia,LBR,1962,581000
Liberia,LBR,1963,581000
Liberia,LBR,1964,578000
Liberia,LBR,1965,578000
Liberia,LBR,1966,575000
Liberia,LBR,1967,575000
Liberia,LBR,1968,573000
Liberia,LBR,1969,573000
Liberia,LBR,1970,571000
Liberia,LBR,1971,571000
Liberia,LBR,1972,571000
Liberia,LBR,1973,571000
Liberia,LBR,1974,571000
Liberia,LBR,1975,571000
Liberia,LBR,1976,571000
Liberia,LBR,1977,576000
Liberia,LBR,1978,576000
Liberia,LBR,1979,576000
Liberia,LBR,1980,576000
Liberia,LBR,1981,576000
Liberia,LBR,1982,580000
Liberia,LBR,1983,585000
Liberia,LBR,1984,586000
Liberia,LBR,1985,588000
Liberia,LBR,1986,597000
Liberia,LBR,1987,603000
Liberia,LBR,1988,600000
Liberia,LBR,1989,600000
Liberia,LBR,1990,500000
Liberia,LBR,1991,500000
Liberia,LBR,1992,500000
Liberia,LBR,1993,500000
Liberia,LBR,1994,500000
Liberia,LBR,1995,500000
Liberia,LBR,1996,500000
Liberia,LBR,1997,520000
Liberia,LBR,1998,560000
Liberia,LBR,1999,590000
Liberia,LBR,2000,610000
Liberia,LBR,2001,610000
Liberia,LBR,2002,610000
Liberia,LBR,2003,610000
Liberia,LBR,2004,615000
Liberia,LBR,2005,615000
Liberia,LBR,2006,615000
Liberia,LBR,2007,615000
Liberia,LBR,2008,630000
Liberia,LBR,2009,650000
Liberia,LBR,2010,660000
Liberia,LBR,2011,705000
Liberia,LBR,2012,710000
Liberia,LBR,2013,710000
Liberia,LBR,2014,710000
Liberia,LBR,2015,710000
Liberia,LBR,2016,710000
Liberia,LBR,2017,710000
Liberia,LBR,2018,710000
Liberia,LBR,2019,710000
Liberia,LBR,2020,710000
Liberia,LBR,2021,710000
Liberia,LBR,2022,710000
Liberia,LBR,2023,710000
Libya,LBY,-10000,0
Libya,LBY,-9000,0
Libya,LBY,-8000,0
Libya,LBY,-7000,0
Libya,LBY,-6000,0
Libya,LBY,-5000,0
Libya,LBY,-4000,0
Libya,LBY,-3000,0
Libya,LBY,-2000,124002.97
Libya,LBY,-1000,186004.45
Libya,LBY,0,498538.97
Libya,LBY,100,560856.4
Libya,LBY,200,623173.75
Libya,LBY,300,560856.4
Libya,LBY,400,498538.97
Libya,LBY,500,523465.9
Libya,LBY,600,548392.9
Libya,LBY,700,573319.8
Libya,LBY,800,598246.75
Libya,LBY,900,610710.25
Libya,LBY,1000,623173.75
Libya,LBY,1100,436221.6
Libya,LBY,1200,249269.34
Libya,LBY,1300,373904.2
Libya,LBY,1400,498538.97
Libya,LBY,1500,623173.75
Libya,LBY,1600,623173.8
Libya,LBY,1700,623173.8
Libya,LBY,1710,579759.4
Libya,LBY,1720,583706.1
Libya,LBY,1730,587652.9
Libya,LBY,1740,591599.7
Libya,LBY,1750,595546.44
Libya,LBY,1760,599493.2
Libya,LBY,1770,603440
Libya,LBY,1780,607386.75
Libya,LBY,1790,611333.5
Libya,LBY,1800,615280.25
Libya,LBY,1810,619227.06
Libya,LBY,1820,670535
Libya,LBY,1830,676479.1
Libya,LBY,1840,682423.25
Libya,LBY,1850,688367.4
Libya,LBY,1860,694311.5
Libya,LBY,1870,700255.6
Libya,LBY,1880,706199.7
Libya,LBY,1890,747808.56
Libya,LBY,1900,853181.56
Libya,LBY,1910,958501.44
Libya,LBY,1920,956481.8
Libya,LBY,1930,951096.3
Libya,LBY,1940,1212207.9
Libya,LBY,1950,1514045.9
Libya,LBY,1951,1533575.4
Libya,LBY,1952,1574443.1
Libya,LBY,1953,1615310.8
Libya,LBY,1954,1656178.5
Libya,LBY,1955,1697046.1
Libya,LBY,1956,1737913.9
Libya,LBY,1957,1778781.6
Libya,LBY,1958,1819649.2
Libya,LBY,1959,1860517
Libya,LBY,1960,1901384.6
Libya,LBY,1961,1983000
Libya,LBY,1962,1983000
Libya,LBY,1963,1985000
Libya,LBY,1964,1993000
Libya,LBY,1965,1995000
Libya,LBY,1966,2003000
Libya,LBY,1967,2005000
Libya,LBY,1968,2015000
Libya,LBY,1969,2020000
Libya,LBY,1970,2025000
Libya,LBY,1971,2035000
Libya,LBY,1972,2038000
Libya,LBY,1973,2045000
Libya,LBY,1974,2048000
Libya,LBY,1975,2055000
Libya,LBY,1976,2058000
Libya,LBY,1977,2065000
Libya,LBY,1978,2073000
Libya,LBY,1979,2075000
Libya,LBY,1980,2079999.8
Libya,LBY,1981,2084999.8
Libya,LBY,1982,2091999.8
Libya,LBY,1983,2104999.5
Libya,LBY,1984,2114999.5
Libya,LBY,1985,2126999.5
Libya,LBY,1986,2134999.5
Libya,LBY,1987,2139999.8
Libya,LBY,1988,2139999.8
Libya,LBY,1989,2145000
Libya,LBY,1990,2155000
Libya,LBY,1991,2160000
Libya,LBY,1992,2165000
Libya,LBY,1993,2164999.8
Libya,LBY,1994,2175000
Libya,LBY,1995,2215000
Libya,LBY,1996,2365987.5
Libya,LBY,1997,2365967.2
Libya,LBY,1998,2149990.2
Libya,LBY,1999,2150000
Libya,LBY,2000,2149997.5
Libya,LBY,2001,2149999.5
Libya,LBY,2002,2149999.5
Libya,LBY,2003,2149998.5
Libya,LBY,2004,2084999
Libya,LBY,2005,2084999.4
Libya,LBY,2006,2084999.8
Libya,LBY,2007,2084999.8
Libya,LBY,2008,2084999.8
Libya,LBY,2009,2084999.8
Libya,LBY,2010,2051000
Libya,LBY,2011,2051000
Libya,LBY,2012,2055000
Libya,LBY,2013,2055000
Libya,LBY,2014,2050000
Libya,LBY,2015,2050000
Libya,LBY,2016,2050000
Libya,LBY,2017,2050000
Libya,LBY,2018,2048000
Libya,LBY,2019,2046999.8
Libya,LBY,2020,2045999.8
Libya,LBY,2021,2045000
Libya,LBY,2022,2044000
Libya,LBY,2023,2043000
Liechtenstein,LIE,-10000,0
Liechtenstein,LIE,-9000,0
Liechtenstein,LIE,-8000,0
Liechtenstein,LIE,-7000,0
Liechtenstein,LIE,-6000,0
Liechtenstein,LIE,-5000,0
Liechtenstein,LIE,-4000,1511.4791
Liechtenstein,LIE,-3000,5182.2144
Liechtenstein,LIE,-2000,5496.275
Liechtenstein,LIE,-1000,5704.112
Liechtenstein,LIE,0,5688.9165
Liechtenstein,LIE,100,5705.6655
Liechtenstein,LIE,200,5717.07
Liechtenstein,LIE,300,5722.4727
Liechtenstein,LIE,400,5721.119
Liechtenstein,LIE,500,5712.1313
Liechtenstein,LIE,600,5694.4814
Liechtenstein,LIE,700,5666.951
Liechtenstein,LIE,800,5628.082
Liechtenstein,LIE,900,5576.097
Liechtenstein,LIE,1000,5508.799
Liechtenstein,LIE,1100,5423.4097
Liechtenstein,LIE,1200,5316.334
Liechtenstein,LIE,1300,5182.761
Liechtenstein,LIE,1400,5016.004
Liechtenstein,LIE,1500,4806.2524
Liechtenstein,LIE,1600,4538.0435
Liechtenstein,LIE,1700,4184.2524
Liechtenstein,LIE,1710,4240.0835
Liechtenstein,LIE,1720,4294.713
Liechtenstein,LIE,1730,4347.9224
Liechtenstein,LIE,1740,4399.468
Liechtenstein,LIE,1750,4449.0757
Liechtenstein,LIE,1760,4496.439
Liechtenstein,LIE,1770,4541.2134
Liechtenstein,LIE,1780,4583.0083
Liechtenstein,LIE,1790,4621.3823
Liechtenstein,LIE,1800,4655.8315
Liechtenstein,LIE,1810,4685.7793
Liechtenstein,LIE,1820,4710.56
Liechtenstein,LIE,1830,4729.401
Liechtenstein,LIE,1840,4741.3984
Liechtenstein,LIE,1850,4745.4834
Liechtenstein,LIE,1860,4740.379
Liechtenstein,LIE,1870,4724.5376
Liechtenstein,LIE,1880,4696.058
Liechtenstein,LIE,1890,4652.555
Liechtenstein,LIE,1900,4590.971
Liechtenstein,LIE,1910,4507.273
Liechtenstein,LIE,1920,4395.9395
Liechtenstein,LIE,1930,4249.0537
Liechtenstein,LIE,1940,4054.5005
Liechtenstein,LIE,1950,3791.9377
Liechtenstein,LIE,1951,3801.3606
Liechtenstein,LIE,1952,3809.3037
Liechtenstein,LIE,1953,3821.5222
Liechtenstein,LIE,1954,3836.6345
Liechtenstein,LIE,1955,3857.7144
Liechtenstein,LIE,1956,3880.4512
Liechtenstein,LIE,1957,3909.5757
Liechtenstein,LIE,1958,3939.2695
Liechtenstein,LIE,1959,3970.6243
Liechtenstein,LIE,1960,4000
Liechtenstein,LIE,1961,4000
Liechtenstein,LIE,1962,4000
Liechtenstein,LIE,1963,4000
Liechtenstein,LIE,1964,4000
Liechtenstein,LIE,1965,4000
Liechtenstein,LIE,1966,4000
Liechtenstein,LIE,1967,4000
Liechtenstein,LIE,1968,4000
Liechtenstein,LIE,1969,4000
Liechtenstein,LIE,1970,4000
Liechtenstein,LIE,1971,4000
Liechtenstein,LIE,1972,4000
Liechtenstein,LIE,1973,4000
Liechtenstein,LIE,1974,4000
Liechtenstein,LIE,1975,4000
Liechtenstein,LIE,1976,4000
Liechtenstein,LIE,1977,4000
Liechtenstein,LIE,1978,4000
Liechtenstein,LIE,1979,4000
Liechtenstein,LIE,1980,4000
Liechtenstein,LIE,1981,4000
Liechtenstein,LIE,1982,4000
Liechtenstein,LIE,1983,4000
Liechtenstein,LIE,1984,4000
Liechtenstein,LIE,1985,4000
Liechtenstein,LIE,1986,4000
Liechtenstein,LIE,1987,4000
Liechtenstein,LIE,1988,4000
Liechtenstein,LIE,1989,4000
Liechtenstein,LIE,1990,4000
Liechtenstein,LIE,1991,4000
Liechtenstein,LIE,1992,4000
Liechtenstein,LIE,1993,4000
Liechtenstein,LIE,1994,4000
Liechtenstein,LIE,1995,4000
Liechtenstein,LIE,1996,4000
Liechtenstein,LIE,1997,4000
Liechtenstein,LIE,1998,4000
Liechtenstein,LIE,1999,4000
Liechtenstein,LIE,2000,4000
Liechtenstein,LIE,2001,3900
Liechtenstein,LIE,2002,3900
Liechtenstein,LIE,2003,3900
Liechtenstein,LIE,2004,3900
Liechtenstein,LIE,2005,3900
Liechtenstein,LIE,2006,3800
Liechtenstein,LIE,2007,3800
Liechtenstein,LIE,2008,3800
Liechtenstein,LIE,2009,3500
Liechtenstein,LIE,2010,3300
Liechtenstein,LIE,2011,3000
Liechtenstein,LIE,2012,3000
Liechtenstein,LIE,2013,2600
Liechtenstein,LIE,2014,2320
Liechtenstein,LIE,2015,2160
Liechtenstein,LIE,2016,2160
Liechtenstein,LIE,2017,2160
Liechtenstein,LIE,2018,1968
Liechtenstein,LIE,2019,1864
Liechtenstein,LIE,2020,1760
Liechtenstein,LIE,2021,1656
Liechtenstein,LIE,2022,1552
Liechtenstein,LIE,2023,1448
Lithuania,LTU,-10000,0
Lithuania,LTU,-9000,0
Lithuania,LTU,-8000,0
Lithuania,LTU,-7000,0
Lithuania,LTU,-6000,0
Lithuania,LTU,-5000,0
Lithuania,LTU,-4000,0
Lithuania,LTU,-3000,0
Lithuania,LTU,-2000,3977.2449
Lithuania,LTU,-1000,15908.9795
Lithuania,LTU,0,63635.918
Lithuania,LTU,100,133970.36
Lithuania,LTU,200,138618.08
Lithuania,LTU,300,143293.02
Lithuania,LTU,400,147971.3
Lithuania,LTU,500,152623.69
Lithuania,LTU,600,157214.42
Lithuania,LTU,700,161699.61
Lithuania,LTU,800,166025.16
Lithuania,LTU,900,170124.08
Lithuania,LTU,1000,173912.6
Lithuania,LTU,1100,177284.95
Lithuania,LTU,1200,180105.47
Lithuania,LTU,1300,182196.95
Lithuania,LTU,1400,183322.02
Lithuania,LTU,1500,183152.02
Lithuania,LTU,1600,181210.58
Lithuania,LTU,1700,176761.25
Lithuania,LTU,1710,204441.84
Lithuania,LTU,1720,236402.47
Lithuania,LTU,1730,273292.8
Lithuania,LTU,1740,315858.4
Lithuania,LTU,1750,364954.06
Lithuania,LTU,1760,421559
Lithuania,LTU,1770,486794.03
Lithuania,LTU,1780,561940.5
Lithuania,LTU,1790,648461.75
Lithuania,LTU,1800,748026.5
Lithuania,LTU,1810,862535.44
Lithuania,LTU,1820,973860.56
Lithuania,LTU,1830,1099049.8
Lithuania,LTU,1840,1239718.1
Lithuania,LTU,1850,1397642.4
Lithuania,LTU,1860,1574768.8
Lithuania,LTU,1870,1723964.2
Lithuania,LTU,1880,1885989.5
Lithuania,LTU,1890,2061676
Lithuania,LTU,1900,2251841.5
Lithuania,LTU,1910,2457264.8
Lithuania,LTU,1920,2537673
Lithuania,LTU,1930,2617672.5
Lithuania,LTU,1940,3027961
Lithuania,LTU,1950,2901609.5
Lithuania,LTU,1951,2897154.8
Lithuania,LTU,1952,2899659.5
Lithuania,LTU,1953,2907571
Lithuania,LTU,1954,2919653.8
Lithuania,LTU,1955,2935039
Lithuania,LTU,1956,2953236
Lithuania,LTU,1957,2974039.5
Lithuania,LTU,1958,2997558.5
Lithuania,LTU,1959,3024081.8
Lithuania,LTU,1960,3053830
Lithuania,LTU,1961,3053830
Lithuania,LTU,1962,3060197.5
Lithuania,LTU,1963,3037274.5
Lithuania,LTU,1964,3019446
Lithuania,LTU,1965,3012441.5
Lithuania,LTU,1966,2978694.2
Lithuania,LTU,1967,2974237
Lithuania,LTU,1968,2968506.2
Lithuania,LTU,1969,2972326.8
Lithuania,LTU,1970,2967232.8
Lithuania,LTU,1971,2964685.8
Lithuania,LTU,1972,2962138.8
Lithuania,LTU,1973,2958318.2
Lithuania,LTU,1974,2965959.2
Lithuania,LTU,1975,2959591.8
Lithuania,LTU,1976,2960865.2
Lithuania,LTU,1977,2962138.8
Lithuania,LTU,1978,2954497.8
Lithuania,LTU,1979,2946856.8
Lithuania,LTU,1980,2948347
Lithuania,LTU,1981,2950677.2
Lithuania,LTU,1982,2951314
Lithuania,LTU,1983,2953224.5
Lithuania,LTU,1984,2950499
Lithuania,LTU,1985,2952091
Lithuania,LTU,1986,2953542.8
Lithuania,LTU,1987,2955287.2
Lithuania,LTU,1988,2948639.8
Lithuania,LTU,1989,2928136.5
Lithuania,LTU,1990,2915274.5
Lithuania,LTU,1991,2915274.5
Lithuania,LTU,1992,2929000
Lithuania,LTU,1993,2873000
Lithuania,LTU,1994,2630000
Lithuania,LTU,1995,2909000
Lithuania,LTU,1996,2910000
Lithuania,LTU,1997,2921000
Lithuania,LTU,1998,2933000
Lithuania,LTU,1999,2996000
Lithuania,LTU,2000,2921000
Lithuania,LTU,2001,1674000
Lithuania,LTU,2002,1682000
Lithuania,LTU,2003,1568000
Lithuania,LTU,2004,1649200
Lithuania,LTU,2005,1946300
Lithuania,LTU,2006,1914400
Lithuania,LTU,2007,1865500
Lithuania,LTU,2008,1888900
Lithuania,LTU,2009,2081400
Lithuania,LTU,2010,2158100
Lithuania,LTU,2011,2216600
Lithuania,LTU,2012,2292300
Lithuania,LTU,2013,2323000
Lithuania,LTU,2014,2384300
Lithuania,LTU,2015,2206900
Lithuania,LTU,2016,2177500
Lithuania,LTU,2017,2139200
Lithuania,LTU,2018,2073860
Lithuania,LTU,2019,2016419.9
Lithuania,LTU,2020,1958980.1
Lithuania,LTU,2021,1901540
Lithuania,LTU,2022,1844100
Lithuania,LTU,2023,1786660
Luxembourg,LUX,-10000,0
Luxembourg,LUX,-9000,0
Luxembourg,LUX,-8000,0
Luxembourg,LUX,-7000,0
Luxembourg,LUX,-6000,0
Luxembourg,LUX,-5000,0
Luxembourg,LUX,-4000,4487.631
Luxembourg,LUX,-3000,20194.34
Luxembourg,LUX,-2000,28108.924
Luxembourg,LUX,-1000,38282.465
Luxembourg,LUX,0,50097.22
Luxembourg,LUX,100,50242.375
Luxembourg,LUX,200,50340.2
Luxembourg,LUX,300,50384.863
Luxembourg,LUX,400,50369.664
Luxembourg,LUX,500,50286.82
Luxembourg,LUX,600,50127.195
Luxembourg,LUX,700,49879.977
Luxembourg,LUX,800,49532.18
Luxembourg,LUX,900,49068.008
Luxembourg,LUX,1000,48467.88
Luxembourg,LUX,1100,47707.04
Luxembourg,LUX,1200,46753.355
Luxembourg,LUX,1300,45563.805
Luxembourg,LUX,1400,44078.41
Luxembourg,LUX,1500,42208.918
Luxembourg,LUX,1600,39815.582
Luxembourg,LUX,1700,36651.57
Luxembourg,LUX,1710,38272.55
Luxembourg,LUX,1720,39946.402
Luxembourg,LUX,1730,41672.277
Luxembourg,LUX,1740,43448.793
Luxembourg,LUX,1750,45273.957
Luxembourg,LUX,1760,47145.03
Luxembourg,LUX,1770,49058.39
Luxembourg,LUX,1780,51009.344
Luxembourg,LUX,1790,52991.906
Luxembourg,LUX,1800,54998.535
Luxembourg,LUX,1810,57019.79
Luxembourg,LUX,1820,62272.125
Luxembourg,LUX,1830,67915.21
Luxembourg,LUX,1840,73953.95
Luxembourg,LUX,1850,80384.63
Luxembourg,LUX,1860,87191.17
Luxembourg,LUX,1870,85468.85
Luxembourg,LUX,1880,88054.73
Luxembourg,LUX,1890,90056.09
Luxembourg,LUX,1900,91386.08
Luxembourg,LUX,1910,91928.66
Luxembourg,LUX,1920,91522.305
Luxembourg,LUX,1930,89929.23
Luxembourg,LUX,1940,86771.33
Luxembourg,LUX,1950,76832.55
Luxembourg,LUX,1951,76248.22
Luxembourg,LUX,1952,75707.52
Luxembourg,LUX,1953,75149.914
Luxembourg,LUX,1954,74531.32
Luxembourg,LUX,1955,73831.78
Luxembourg,LUX,1956,73051.86
Luxembourg,LUX,1957,72203.586
Luxembourg,LUX,1958,71315.5
Luxembourg,LUX,1959,70426.03
Luxembourg,LUX,1960,69555.836
Luxembourg,LUX,1961,69555.836
Luxembourg,LUX,1962,69289.336
Luxembourg,LUX,1963,69022.84
Luxembourg,LUX,1964,68756.34
Luxembourg,LUX,1965,68489.85
Luxembourg,LUX,1966,68223.35
Luxembourg,LUX,1967,67890.23
Luxembourg,LUX,1968,67690.36
Luxembourg,LUX,1969,67557.1
Luxembourg,LUX,1970,67423.86
Luxembourg,LUX,1971,67290.61
Luxembourg,LUX,1972,67157.36
Luxembourg,LUX,1973,66957.49
Luxembourg,LUX,1974,66757.62
Luxembourg,LUX,1975,66557.74
Luxembourg,LUX,1976,66357.87
Luxembourg,LUX,1977,66024.74
Luxembourg,LUX,1978,65625
Luxembourg,LUX,1979,65025.38
Luxembourg,LUX,1980,51633.88
Luxembourg,LUX,1981,51434.008
Luxembourg,LUX,1982,51300.76
Luxembourg,LUX,1983,51367.383
Luxembourg,LUX,1984,51633.88
Luxembourg,LUX,1985,51767.133
Luxembourg,LUX,1986,51833.758
Luxembourg,LUX,1987,45371.19
Luxembourg,LUX,1988,51967.004
Luxembourg,LUX,1989,52100.258
Luxembourg,LUX,1990,52033.63
Luxembourg,LUX,1991,51700.508
Luxembourg,LUX,1992,56564.086
Luxembourg,LUX,1993,57230.33
Luxembourg,LUX,1994,63826.14
Luxembourg,LUX,1995,59404.137
Luxembourg,LUX,1996,58629.445
Luxembourg,LUX,1997,59229.06
Luxembourg,LUX,1998,59495.555
Luxembourg,LUX,1999,59495.555
Luxembourg,LUX,2000,63000
Luxembourg,LUX,2001,63000
Luxembourg,LUX,2002,63000
Luxembourg,LUX,2003,63000
Luxembourg,LUX,2004,63000
Luxembourg,LUX,2005,62000
Luxembourg,LUX,2006,62000
Luxembourg,LUX,2007,63000
Luxembourg,LUX,2008,64000
Luxembourg,LUX,2009,63330
Luxembourg,LUX,2010,63450
Luxembourg,LUX,2011,63630
Luxembourg,LUX,2012,64130
Luxembourg,LUX,2013,63980
Luxembourg,LUX,2014,64159.996
Luxembourg,LUX,2015,64350
Luxembourg,LUX,2016,63400
Luxembourg,LUX,2017,63592
Luxembourg,LUX,2018,63435.6
Luxembourg,LUX,2019,63282
Luxembourg,LUX,2020,63128.4
Luxembourg,LUX,2021,62974.797
Luxembourg,LUX,2022,62821.2
Luxembourg,LUX,2023,62667.6
Madagascar,MDG,-10000,0
Madagascar,MDG,-9000,0
Madagascar,MDG,-8000,0
Madagascar,MDG,-7000,0
Madagascar,MDG,-6000,0
Madagascar,MDG,-5000,0
Madagascar,MDG,-4000,0
Madagascar,MDG,-3000,0
Madagascar,MDG,-2000,0
Madagascar,MDG,-1000,0
Madagascar,MDG,0,0
Madagascar,MDG,100,0
Madagascar,MDG,200,0
Madagascar,MDG,300,0
Madagascar,MDG,400,0
Madagascar,MDG,500,0
Madagascar,MDG,600,0
Madagascar,MDG,700,0
Madagascar,MDG,800,0
Madagascar,MDG,900,0
Madagascar,MDG,1000,87426.19
Madagascar,MDG,1100,123853.76
Madagascar,MDG,1200,160281.33
Madagascar,MDG,1300,196708.9
Madagascar,MDG,1400,233136.5
Madagascar,MDG,1500,305991.66
Madagascar,MDG,1600,371561.28
Madagascar,MDG,1700,437130.9
Madagascar,MDG,1710,445426.38
Madagascar,MDG,1720,451789.06
Madagascar,MDG,1730,458527.4
Madagascar,MDG,1740,465681.97
Madagascar,MDG,1750,473299.84
Madagascar,MDG,1760,481436.12
Madagascar,MDG,1770,490155.72
Madagascar,MDG,1780,499535.88
Madagascar,MDG,1790,509669.34
Madagascar,MDG,1800,520668.47
Madagascar,MDG,1810,532671.3
Madagascar,MDG,1820,545849.7
Madagascar,MDG,1830,560420.6
Madagascar,MDG,1840,576663.25
Madagascar,MDG,1850,594944.3
Madagascar,MDG,1860,615756.9
Madagascar,MDG,1870,639784.4
Madagascar,MDG,1880,668007.7
Madagascar,MDG,1890,701899.44
Madagascar,MDG,1900,743800.1
Madagascar,MDG,1910,797726.44
Madagascar,MDG,1920,871356.06
Madagascar,MDG,1930,981994.06
Madagascar,MDG,1940,1181701.5
Madagascar,MDG,1950,1785047.6
Madagascar,MDG,1951,1731651.1
Madagascar,MDG,1952,1768368.1
Madagascar,MDG,1953,1806566.4
Madagascar,MDG,1954,1846267.8
Madagascar,MDG,1955,1887500.4
Madagascar,MDG,1956,1930303.1
Madagascar,MDG,1957,1974731.6
Madagascar,MDG,1958,2020844.1
Madagascar,MDG,1959,2068713.2
Madagascar,MDG,1960,2118406.2
Madagascar,MDG,1961,2170000
Madagascar,MDG,1962,2170000
Madagascar,MDG,1963,2195000
Madagascar,MDG,1964,2220000
Madagascar,MDG,1965,2245000
Madagascar,MDG,1966,2270000
Madagascar,MDG,1967,2295000
Madagascar,MDG,1968,2320000
Madagascar,MDG,1969,2350000
Madagascar,MDG,1970,2370000
Madagascar,MDG,1971,2390000
Madagascar,MDG,1972,2420000
Madagascar,MDG,1973,2440000
Madagascar,MDG,1974,2475000
Madagascar,MDG,1975,2759000
Madagascar,MDG,1976,2764000
Madagascar,MDG,1977,2929000
Madagascar,MDG,1978,3000000
Madagascar,MDG,1979,3020000
Madagascar,MDG,1980,3040000
Madagascar,MDG,1981,3075000
Madagascar,MDG,1982,3100000
Madagascar,MDG,1983,3135000
Madagascar,MDG,1984,3160000
Madagascar,MDG,1985,3195000
Madagascar,MDG,1986,3220000
Madagascar,MDG,1987,3240000
Madagascar,MDG,1988,3270000
Madagascar,MDG,1989,3295000
Madagascar,MDG,1990,3325000
Madagascar,MDG,1991,3350000
Madagascar,MDG,1992,3370000
Madagascar,MDG,1993,3490000
Madagascar,MDG,1994,3480000
Madagascar,MDG,1995,3480000
Madagascar,MDG,1996,3480000
Madagascar,MDG,1997,3490000
Madagascar,MDG,1998,3490000
Madagascar,MDG,1999,3500000
Madagascar,MDG,2000,3500000
Madagascar,MDG,2001,3550000
Madagascar,MDG,2002,3550000
Madagascar,MDG,2003,3550000
Madagascar,MDG,2004,3550000
Madagascar,MDG,2005,3600000
Madagascar,MDG,2006,3600000
Madagascar,MDG,2007,3600000
Madagascar,MDG,2008,3600000
Madagascar,MDG,2009,3600000
Madagascar,MDG,2010,3600000
Madagascar,MDG,2011,3600000
Madagascar,MDG,2012,3600000
Madagascar,MDG,2013,3600000
Madagascar,MDG,2014,3600000
Madagascar,MDG,2015,3600000
Madagascar,MDG,2016,3600000
Madagascar,MDG,2017,3600000
Madagascar,MDG,2018,3600000
Madagascar,MDG,2019,3600000
Madagascar,MDG,2020,3600000
Madagascar,MDG,2021,3600000
Madagascar,MDG,2022,3600000
Madagascar,MDG,2023,3600000
Malawi,MWI,-10000,0
Malawi,MWI,-9000,0
Malawi,MWI,-8000,0
Malawi,MWI,-7000,0
Malawi,MWI,-6000,0
Malawi,MWI,-5000,0
Malawi,MWI,-4000,0
Malawi,MWI,-3000,0
Malawi,MWI,-2000,0
Malawi,MWI,-1000,0
Malawi,MWI,0,0
Malawi,MWI,100,0
Malawi,MWI,200,0
Malawi,MWI,300,0
Malawi,MWI,400,0
Malawi,MWI,500,0
Malawi,MWI,600,0
Malawi,MWI,700,0
Malawi,MWI,800,0
Malawi,MWI,900,0
Malawi,MWI,1000,66970.47
Malawi,MWI,1100,80364.56
Malawi,MWI,1200,93758.664
Malawi,MWI,1300,107152.76
Malawi,MWI,1400,120546.85
Malawi,MWI,1500,133940.94
Malawi,MWI,1600,145325.92
Malawi,MWI,1700,156710.9
Malawi,MWI,1710,163240.98
Malawi,MWI,1720,166360.25
Malawi,MWI,1730,169680.08
Malawi,MWI,1740,173223.28
Malawi,MWI,1750,177016.48
Malawi,MWI,1760,181091.05
Malawi,MWI,1770,185484.08
Malawi,MWI,1780,190240.1
Malawi,MWI,1790,195412.78
Malawi,MWI,1800,201067.81
Malawi,MWI,1810,207286.4
Malawi,MWI,1820,214170.45
Malawi,MWI,1830,221849.88
Malawi,MWI,1840,230493.36
Malawi,MWI,1850,240324.83
Malawi,MWI,1860,251649.05
Malawi,MWI,1870,264893.72
Malawi,MWI,1880,280682.1
Malawi,MWI,1890,299965.6
Malawi,MWI,1900,324287.12
Malawi,MWI,1910,356359.5
Malawi,MWI,1920,401531.84
Malawi,MWI,1930,472390.38
Malawi,MWI,1940,609536
Malawi,MWI,1950,1108247.2
Malawi,MWI,1951,1172047
Malawi,MWI,1952,1194243.4
Malawi,MWI,1953,1217504.5
Malawi,MWI,1954,1241832.9
Malawi,MWI,1955,1267221.1
Malawi,MWI,1956,1293672.6
Malawi,MWI,1957,1321171.9
Malawi,MWI,1958,1349712.6
Malawi,MWI,1959,1379294.9
Malawi,MWI,1960,1409929.9
Malawi,MWI,1961,1460000
Malawi,MWI,1962,1460000
Malawi,MWI,1963,1510000
Malawi,MWI,1964,1560000
Malawi,MWI,1965,1763000
Malawi,MWI,1966,1813000
Malawi,MWI,1967,1765000
Malawi,MWI,1968,1867000
Malawi,MWI,1969,1917000
Malawi,MWI,1970,1867000
Malawi,MWI,1971,2017000
Malawi,MWI,1972,2067000
Malawi,MWI,1973,2117000
Malawi,MWI,1974,2120000
Malawi,MWI,1975,2070000
Malawi,MWI,1976,2072000
Malawi,MWI,1977,2075000
Malawi,MWI,1978,2128000
Malawi,MWI,1979,2130000
Malawi,MWI,1980,1990000
Malawi,MWI,1981,2090000
Malawi,MWI,1982,2190000
Malawi,MWI,1983,2100000
Malawi,MWI,1984,2150000
Malawi,MWI,1985,2165000
Malawi,MWI,1986,2265000
Malawi,MWI,1987,2270000
Malawi,MWI,1988,2275000
Malawi,MWI,1989,2325000
Malawi,MWI,1990,2378000
Malawi,MWI,1991,2480000
Malawi,MWI,1992,2430000
Malawi,MWI,1993,2430000
Malawi,MWI,1994,2230000
Malawi,MWI,1995,2430000
Malawi,MWI,1996,2530000
Malawi,MWI,1997,2580000
Malawi,MWI,1998,2730000
Malawi,MWI,1999,2830000
Malawi,MWI,2000,2880000
Malawi,MWI,2001,2980000
Malawi,MWI,2002,2980000
Malawi,MWI,2003,3130000
Malawi,MWI,2004,3130000
Malawi,MWI,2005,3330000
Malawi,MWI,2006,3435000
Malawi,MWI,2007,3135000
Malawi,MWI,2008,3585000
Malawi,MWI,2009,3635000
Malawi,MWI,2010,3835000
Malawi,MWI,2011,3735000
Malawi,MWI,2012,3735000
Malawi,MWI,2013,3750000
Malawi,MWI,2014,3800000
Malawi,MWI,2015,3800000
Malawi,MWI,2016,3800000
Malawi,MWI,2017,3800000
Malawi,MWI,2018,3820000
Malawi,MWI,2019,3830000
Malawi,MWI,2020,3840000
Malawi,MWI,2021,3850000
Malawi,MWI,2022,3860000
Malawi,MWI,2023,3870000
Malaysia,MYS,-10000,0
Malaysia,MYS,-9000,0
Malaysia,MYS,-8000,0
Malaysia,MYS,-7000,0
Malaysia,MYS,-6000,0
Malaysia,MYS,-5000,0
Malaysia,MYS,-4000,0
Malaysia,MYS,-3000,0
Malaysia,MYS,-2000,0
Malaysia,MYS,-1000,0
Malaysia,MYS,0,0
Malaysia,MYS,100,3345.8152
Malaysia,MYS,200,5015.8647
Malaysia,MYS,300,7520.0986
Malaysia,MYS,400,11275.364
Malaysia,MYS,500,16906.86
Malaysia,MYS,600,25352.18
Malaysia,MYS,700,38018.016
Malaysia,MYS,800,57013.72
Malaysia,MYS,900,60169
Malaysia,MYS,1000,63324.773
Malaysia,MYS,1100,75725.09
Malaysia,MYS,1200,88123.52
Malaysia,MYS,1300,100520.55
Malaysia,MYS,1400,112914.195
Malaysia,MYS,1500,125309.805
Malaysia,MYS,1600,156628.72
Malaysia,MYS,1700,187942.98
Malaysia,MYS,1710,194459.78
Malaysia,MYS,1720,200976.52
Malaysia,MYS,1730,207493.19
Malaysia,MYS,1740,214009.81
Malaysia,MYS,1750,220526.39
Malaysia,MYS,1760,227042.92
Malaysia,MYS,1770,233559.4
Malaysia,MYS,1780,240075.83
Malaysia,MYS,1790,246592.22
Malaysia,MYS,1800,253108.55
Malaysia,MYS,1810,265762.66
Malaysia,MYS,1820,278416.72
Malaysia,MYS,1830,291070.66
Malaysia,MYS,1840,303724.5
Malaysia,MYS,1850,316378.25
Malaysia,MYS,1860,411289.84
Malaysia,MYS,1870,506200.7
Malaysia,MYS,1880,600937.1
Malaysia,MYS,1890,930158.1
Malaysia,MYS,1900,1034950.7
Malaysia,MYS,1910,1322424.6
Malaysia,MYS,1920,2018019.8
Malaysia,MYS,1930,1935596.5
Malaysia,MYS,1940,2373804
Malaysia,MYS,1950,3068147.5
Malaysia,MYS,1951,3063216.5
Malaysia,MYS,1952,3061933.5
Malaysia,MYS,1953,3060986.2
Malaysia,MYS,1954,3058115.5
Malaysia,MYS,1955,3052016.2
Malaysia,MYS,1956,3042200
Malaysia,MYS,1957,3028976.2
Malaysia,MYS,1958,3013060.8
Malaysia,MYS,1959,2995377.2
Malaysia,MYS,1960,2864653.8
Malaysia,MYS,1961,2864583.2
Malaysia,MYS,1962,2927808.5
Malaysia,MYS,1963,3050766
Malaysia,MYS,1964,3110928.8
Malaysia,MYS,1965,3268263.5
Malaysia,MYS,1966,3277038.2
Malaysia,MYS,1967,3338548.8
Malaysia,MYS,1968,3465175
Malaysia,MYS,1969,3518781.8
Malaysia,MYS,1970,3645838.8
Malaysia,MYS,1971,3717622.8
Malaysia,MYS,1972,3836881.8
Malaysia,MYS,1973,3915745.2
Malaysia,MYS,1974,3974325.5
Malaysia,MYS,1975,4105001.2
Malaysia,MYS,1976,4188469.5
Malaysia,MYS,1977,4317607.5
Malaysia,MYS,1978,4338477
Malaysia,MYS,1979,4581977.5
Malaysia,MYS,1980,4627010
Malaysia,MYS,1981,4783690.5
Malaysia,MYS,1982,4844710
Malaysia,MYS,1983,4940354.5
Malaysia,MYS,1984,4951046.5
Malaysia,MYS,1985,5147669.5
Malaysia,MYS,1986,5449852.5
Malaysia,MYS,1987,5801372.5
Malaysia,MYS,1988,6111783.5
Malaysia,MYS,1989,6447690.5
Malaysia,MYS,1990,6480588.5
Malaysia,MYS,1991,6516491
Malaysia,MYS,1992,6526491.5
Malaysia,MYS,1993,6610393
Malaysia,MYS,1994,6709890
Malaysia,MYS,1995,6684993
Malaysia,MYS,1996,6676090
Malaysia,MYS,1997,6673690.5
Malaysia,MYS,1998,6659690
Malaysia,MYS,1999,6662090
Malaysia,MYS,2000,6653691.5
Malaysia,MYS,2001,6661992
Malaysia,MYS,2002,6752493
Malaysia,MYS,2003,6831234.5
Malaysia,MYS,2004,6846694.5
Malaysia,MYS,2005,6849404.5
Malaysia,MYS,2006,6790195.5
Malaysia,MYS,2007,6822196
Malaysia,MYS,2008,6865397
Malaysia,MYS,2009,6934998.5
Malaysia,MYS,2010,7104300
Malaysia,MYS,2011,7245600
Malaysia,MYS,2012,7544200
Malaysia,MYS,2013,7774300
Malaysia,MYS,2014,7804000
Malaysia,MYS,2015,8284969.5
Malaysia,MYS,2016,8305700
Malaysia,MYS,2017,8305200
Malaysia,MYS,2018,8563884
Malaysia,MYS,2019,8720234
Malaysia,MYS,2020,8876584
Malaysia,MYS,2021,9032934
Malaysia,MYS,2022,9189283
Malaysia,MYS,2023,9345633
Mali,MLI,-10000,0
Mali,MLI,-9000,0
Mali,MLI,-8000,0
Mali,MLI,-7000,0
Mali,MLI,-6000,0
Mali,MLI,-5000,0
Mali,MLI,-4000,0
Mali,MLI,-3000,0
Mali,MLI,-2000,0
Mali,MLI,-1000,0
Mali,MLI,0,73892.69
Mali,MLI,100,84448.79
Mali,MLI,200,96512.9
Mali,MLI,300,110300.45
Mali,MLI,400,126057.664
Mali,MLI,500,144065.89
Mali,MLI,600,164646.73
Mali,MLI,700,188167.7
Mali,MLI,800,215048.8
Mali,MLI,900,226995.95
Mali,MLI,1000,238943.11
Mali,MLI,1100,256863.84
Mali,MLI,1200,274784.56
Mali,MLI,1300,297851.53
Mali,MLI,1400,330946.16
Mali,MLI,1500,358414.7
Mali,MLI,1600,418150.44
Mali,MLI,1700,477886.22
Mali,MLI,1710,536584.2
Mali,MLI,1720,542575.1
Mali,MLI,1730,548899.44
Mali,MLI,1740,555591.75
Mali,MLI,1750,562692.44
Mali,MLI,1760,570248.2
Mali,MLI,1770,578314.2
Mali,MLI,1780,586955.5
Mali,MLI,1790,596249.94
Mali,MLI,1800,606291.6
Mali,MLI,1810,617195.44
Mali,MLI,1820,629103.44
Mali,MLI,1830,642194.3
Mali,MLI,1840,656696.4
Mali,MLI,1850,672907.3
Mali,MLI,1860,691224.8
Mali,MLI,1870,712195
Mali,MLI,1880,736594.7
Mali,MLI,1890,765577.25
Mali,MLI,1900,800952.6
Mali,MLI,1910,845778.9
Mali,MLI,1920,905787.3
Mali,MLI,1930,993551
Mali,MLI,1940,1145303.8
Mali,MLI,1950,1558236.4
Mali,MLI,1951,1522779.8
Mali,MLI,1952,1539470.6
Mali,MLI,1953,1556607.2
Mali,MLI,1954,1574139.4
Mali,MLI,1955,1592010.4
Mali,MLI,1956,1610161
Mali,MLI,1957,1628523.2
Mali,MLI,1958,1647030.2
Mali,MLI,1959,1665621.2
Mali,MLI,1960,1684270.9
Mali,MLI,1961,1703000
Mali,MLI,1962,1703000
Mali,MLI,1963,1708000
Mali,MLI,1964,1713000
Mali,MLI,1965,1718000
Mali,MLI,1966,1722000
Mali,MLI,1967,1728000
Mali,MLI,1968,1728000
Mali,MLI,1969,1728000
Mali,MLI,1970,1778000
Mali,MLI,1971,1778000
Mali,MLI,1972,1778000
Mali,MLI,1973,1778000
Mali,MLI,1974,1828000
Mali,MLI,1975,1878000
Mali,MLI,1976,2077000
Mali,MLI,1977,2075000
Mali,MLI,1978,2075000
Mali,MLI,1979,2080000
Mali,MLI,1980,2080000
Mali,MLI,1981,2083000
Mali,MLI,1982,2083000
Mali,MLI,1983,2083000
Mali,MLI,1984,2083000
Mali,MLI,1985,2103000
Mali,MLI,1986,2106000
Mali,MLI,1987,2106000
Mali,MLI,1988,2123000
Mali,MLI,1989,2123000
Mali,MLI,1990,2128000
Mali,MLI,1991,2138000
Mali,MLI,1992,2240000
Mali,MLI,1993,3140000
Mali,MLI,1994,3250000
Mali,MLI,1995,3418999.5
Mali,MLI,1996,4649999
Mali,MLI,1997,4649999
Mali,MLI,1998,4649999
Mali,MLI,1999,4650000
Mali,MLI,2000,4600000
Mali,MLI,2001,4635000
Mali,MLI,2002,5045000
Mali,MLI,2003,6087000
Mali,MLI,2004,5152000
Mali,MLI,2005,5753000
Mali,MLI,2006,5827000
Mali,MLI,2007,5958000
Mali,MLI,2008,5911000
Mali,MLI,2009,6405400
Mali,MLI,2010,6411000
Mali,MLI,2011,7011000
Mali,MLI,2012,7011000
Mali,MLI,2013,6561000
Mali,MLI,2014,6561000
Mali,MLI,2015,6561000
Mali,MLI,2016,6561000
Mali,MLI,2017,6561000
Mali,MLI,2018,6561000
Mali,MLI,2019,6561000
Mali,MLI,2020,6561000
Mali,MLI,2021,6561000
Mali,MLI,2022,6561000
Mali,MLI,2023,6561000
Malta,MLT,-10000,0
Malta,MLT,-9000,0
Malta,MLT,-8000,0
Malta,MLT,-7000,0
Malta,MLT,-6000,0
Malta,MLT,-5000,0
Malta,MLT,-4000,0
Malta,MLT,-3000,0
Malta,MLT,-2000,0
Malta,MLT,-1000,0
Malta,MLT,0,0
Malta,MLT,100,384.30487
Malta,MLT,200,473.42404
Malta,MLT,300,582.82043
Malta,MLT,400,716.9705
Malta,MLT,500,881.28827
Malta,MLT,600,1082.2999
Malta,MLT,700,1327.8434
Malta,MLT,800,1627.2885
Malta,MLT,900,1991.7732
Malta,MLT,1000,2434.444
Malta,MLT,1100,2376.5408
Malta,MLT,1200,2315.6694
Malta,MLT,1300,4502.8354
Malta,MLT,1400,2183.2732
Malta,MLT,1500,4221.173
Malta,MLT,1600,8130.062
Malta,MLT,1700,13635.556
Malta,MLT,1710,13961.273
Malta,MLT,1720,14282.837
Malta,MLT,1730,14600.182
Malta,MLT,1740,14913.243
Malta,MLT,1750,15221.951
Malta,MLT,1760,15904.927
Malta,MLT,1770,16579.65
Malta,MLT,1780,17245.988
Malta,MLT,1790,17903.807
Malta,MLT,1800,18552.96
Malta,MLT,1810,19562.41
Malta,MLT,1820,20558.94
Malta,MLT,1830,21542.33
Malta,MLT,1840,26920.406
Malta,MLT,1850,26869.43
Malta,MLT,1860,26863.055
Malta,MLT,1870,26825.95
Malta,MLT,1880,26786.453
Malta,MLT,1890,26744.547
Malta,MLT,1900,26410.355
Malta,MLT,1910,26340.506
Malta,MLT,1920,25975.814
Malta,MLT,1930,25606.078
Malta,MLT,1940,24403.934
Malta,MLT,1950,22250.75
Malta,MLT,1951,21847.973
Malta,MLT,1952,21460.768
Malta,MLT,1953,21066.107
Malta,MLT,1954,20651.375
Malta,MLT,1955,20211.281
Malta,MLT,1956,19751.566
Malta,MLT,1957,19282.629
Malta,MLT,1958,18823.379
Malta,MLT,1959,18390.51
Malta,MLT,1960,18000
Malta,MLT,1961,18000
Malta,MLT,1962,17000
Malta,MLT,1963,16000
Malta,MLT,1964,15000
Malta,MLT,1965,14000
Malta,MLT,1966,14000
Malta,MLT,1967,14000
Malta,MLT,1968,14000
Malta,MLT,1969,14000
Malta,MLT,1970,14000
Malta,MLT,1971,14000
Malta,MLT,1972,14000
Malta,MLT,1973,14000
Malta,MLT,1974,14000
Malta,MLT,1975,13000
Malta,MLT,1976,13000
Malta,MLT,1977,14000
Malta,MLT,1978,14000
Malta,MLT,1979,14000
Malta,MLT,1980,13000
Malta,MLT,1981,13000
Malta,MLT,1982,13000
Malta,MLT,1983,13000
Malta,MLT,1984,13000
Malta,MLT,1985,13000
Malta,MLT,1986,13000
Malta,MLT,1987,13000
Malta,MLT,1988,13000
Malta,MLT,1989,13000
Malta,MLT,1990,13000
Malta,MLT,1991,13000
Malta,MLT,1992,13000
Malta,MLT,1993,13000
Malta,MLT,1994,13000
Malta,MLT,1995,11000
Malta,MLT,1996,11000
Malta,MLT,1997,10000
Malta,MLT,1998,9000
Malta,MLT,1999,9000
Malta,MLT,2000,9000
Malta,MLT,2001,10000
Malta,MLT,2002,10000
Malta,MLT,2003,10400
Malta,MLT,2004,10000
Malta,MLT,2005,9300
Malta,MLT,2006,9200
Malta,MLT,2007,9300
Malta,MLT,2008,9300
Malta,MLT,2009,9300
Malta,MLT,2010,10330
Malta,MLT,2011,10330
Malta,MLT,2012,10300
Malta,MLT,2013,10230
Malta,MLT,2014,10230
Malta,MLT,2015,10230
Malta,MLT,2016,10380
Malta,MLT,2017,10380
Malta,MLT,2018,10425
Malta,MLT,2019,10470
Malta,MLT,2020,10515
Malta,MLT,2021,10560
Malta,MLT,2022,10605
Malta,MLT,2023,10650
Martinique,MTQ,-10000,0
Martinique,MTQ,-9000,0
Martinique,MTQ,-8000,0
Martinique,MTQ,-7000,0
Martinique,MTQ,-6000,0
Martinique,MTQ,-5000,0
Martinique,MTQ,-4000,0
Martinique,MTQ,-3000,0
Martinique,MTQ,-2000,0
Martinique,MTQ,-1000,0
Martinique,MTQ,0,0
Martinique,MTQ,100,0
Martinique,MTQ,200,0
Martinique,MTQ,300,0
Martinique,MTQ,400,0
Martinique,MTQ,500,0
Martinique,MTQ,600,0
Martinique,MTQ,700,0
Martinique,MTQ,800,0
Martinique,MTQ,900,0
Martinique,MTQ,1000,0
Martinique,MTQ,1100,0
Martinique,MTQ,1200,0
Martinique,MTQ,1300,0
Martinique,MTQ,1400,0
Martinique,MTQ,1500,15571.025
Martinique,MTQ,1600,7227.1934
Martinique,MTQ,1700,3282.991
Martinique,MTQ,1710,3787.0889
Martinique,MTQ,1720,4366.8555
Martinique,MTQ,1730,5033.2334
Martinique,MTQ,1740,5798.6426
Martinique,MTQ,1750,6677.147
Martinique,MTQ,1760,7684.6377
Martinique,MTQ,1770,8839.016
Martinique,MTQ,1780,10160.381
Martinique,MTQ,1790,11671.218
Martinique,MTQ,1800,13396.555
Martinique,MTQ,1810,15364.093
Martinique,MTQ,1820,15609.711
Martinique,MTQ,1830,15842.885
Martinique,MTQ,1840,16060.932
Martinique,MTQ,1850,16260.699
Martinique,MTQ,1860,16438.463
Martinique,MTQ,1870,17182.27
Martinique,MTQ,1880,17924.13
Martinique,MTQ,1890,18654.5
Martinique,MTQ,1900,19360.803
Martinique,MTQ,1910,20026.379
Martinique,MTQ,1920,19646.533
Martinique,MTQ,1930,19172.48
Martinique,MTQ,1940,18580.984
Martinique,MTQ,1950,17838.393
Martinique,MTQ,1951,17911.178
Martinique,MTQ,1952,18093.314
Martinique,MTQ,1953,18359.55
Martinique,MTQ,1954,18687.086
Martinique,MTQ,1955,19056.61
Martinique,MTQ,1956,19451.053
Martinique,MTQ,1957,19853.857
Martinique,MTQ,1958,20253.69
Martinique,MTQ,1959,20638.174
Martinique,MTQ,1960,21000
Martinique,MTQ,1961,21000
Martinique,MTQ,1962,21000
Martinique,MTQ,1963,21000
Martinique,MTQ,1964,21000
Martinique,MTQ,1965,21000
Martinique,MTQ,1966,22000
Martinique,MTQ,1967,25000
Martinique,MTQ,1968,25000
Martinique,MTQ,1969,25000
Martinique,MTQ,1970,25000
Martinique,MTQ,1971,25000
Martinique,MTQ,1972,25000
Martinique,MTQ,1973,23000
Martinique,MTQ,1974,23000
Martinique,MTQ,1975,23000
Martinique,MTQ,1976,23000
Martinique,MTQ,1977,21000
Martinique,MTQ,1978,21000
Martinique,MTQ,1979,22000
Martinique,MTQ,1980,20000
Martinique,MTQ,1981,19000
Martinique,MTQ,1982,19000
Martinique,MTQ,1983,19000
Martinique,MTQ,1984,20000
Martinique,MTQ,1985,19000
Martinique,MTQ,1986,20000
Martinique,MTQ,1987,21000
Martinique,MTQ,1988,20000
Martinique,MTQ,1989,19000
Martinique,MTQ,1990,20000
Martinique,MTQ,1991,17000
Martinique,MTQ,1992,17000
Martinique,MTQ,1993,17000
Martinique,MTQ,1994,20000
Martinique,MTQ,1995,20000
Martinique,MTQ,1996,21000
Martinique,MTQ,1997,22000
Martinique,MTQ,1998,23000
Martinique,MTQ,1999,23000
Martinique,MTQ,2000,21000
Martinique,MTQ,2001,21000
Martinique,MTQ,2002,21000
Martinique,MTQ,2003,21000
Martinique,MTQ,2004,19000
Martinique,MTQ,2005,18000
Martinique,MTQ,2006,17000
Martinique,MTQ,2007,18100
Martinique,MTQ,2008,18100
Martinique,MTQ,2009,17900
Martinique,MTQ,2010,17600
Martinique,MTQ,2011,17300
Martinique,MTQ,2012,17500
Martinique,MTQ,2013,17900
Martinique,MTQ,2014,16800
Martinique,MTQ,2015,17500
Martinique,MTQ,2016,17400
Martinique,MTQ,2017,14939.999
Martinique,MTQ,2018,15312
Martinique,MTQ,2019,14780
Martinique,MTQ,2020,14248
Martinique,MTQ,2021,13716
Martinique,MTQ,2022,13184
Martinique,MTQ,2023,12652
Mauritania,MRT,-10000,0
Mauritania,MRT,-9000,0
Mauritania,MRT,-8000,0
Mauritania,MRT,-7000,0
Mauritania,MRT,-6000,0
Mauritania,MRT,-5000,0
Mauritania,MRT,-4000,0
Mauritania,MRT,-3000,0
Mauritania,MRT,-2000,0
Mauritania,MRT,-1000,0
Mauritania,MRT,0,0
Mauritania,MRT,100,0
Mauritania,MRT,200,0
Mauritania,MRT,300,0
Mauritania,MRT,400,0
Mauritania,MRT,500,0
Mauritania,MRT,600,0
Mauritania,MRT,700,0
Mauritania,MRT,800,0
Mauritania,MRT,900,0
Mauritania,MRT,1000,49461.414
Mauritania,MRT,1100,53171.02
Mauritania,MRT,1200,56880.63
Mauritania,MRT,1300,62271.562
Mauritania,MRT,1400,69388.31
Mauritania,MRT,1500,74192.12
Mauritania,MRT,1600,86557.47
Mauritania,MRT,1700,98922.83
Mauritania,MRT,1710,105198.66
Mauritania,MRT,1720,106038.125
Mauritania,MRT,1730,106921.39
Mauritania,MRT,1740,107852.84
Mauritania,MRT,1750,108837.56
Mauritania,MRT,1760,109881.445
Mauritania,MRT,1770,110991.36
Mauritania,MRT,1780,112175.43
Mauritania,MRT,1790,113443.32
Mauritania,MRT,1800,114806.66
Mauritania,MRT,1810,116279.53
Mauritania,MRT,1820,117879.32
Mauritania,MRT,1830,119627.72
Mauritania,MRT,1840,121552.305
Mauritania,MRT,1850,123688.74
Mauritania,MRT,1860,126084.35
Mauritania,MRT,1870,128803.53
Mauritania,MRT,1880,131937.03
Mauritania,MRT,1890,135618.11
Mauritania,MRT,1900,140053.11
Mauritania,MRT,1910,145585.34
Mauritania,MRT,1920,152845.52
Mauritania,MRT,1930,163180.28
Mauritania,MRT,1940,180309.69
Mauritania,MRT,1950,222604.56
Mauritania,MRT,1951,226083.33
Mauritania,MRT,1952,230083.03
Mauritania,MRT,1953,234291.7
Mauritania,MRT,1954,238641.4
Mauritania,MRT,1955,243085.38
Mauritania,MRT,1956,247603.77
Mauritania,MRT,1957,252199.64
Mauritania,MRT,1958,256898.61
Mauritania,MRT,1959,261739.16
Mauritania,MRT,1960,266759.75
Mauritania,MRT,1961,271982.1
Mauritania,MRT,1962,271982.1
Mauritania,MRT,1963,272982.03
Mauritania,MRT,1964,272982.03
Mauritania,MRT,1965,272982.03
Mauritania,MRT,1966,272982.03
Mauritania,MRT,1967,272982.03
Mauritania,MRT,1968,272982.03
Mauritania,MRT,1969,282981.38
Mauritania,MRT,1970,282981.38
Mauritania,MRT,1971,242983.98
Mauritania,MRT,1972,242983.98
Mauritania,MRT,1973,229984.86
Mauritania,MRT,1974,199986.83
Mauritania,MRT,1975,195987.1
Mauritania,MRT,1976,198986.89
Mauritania,MRT,1977,199986.83
Mauritania,MRT,1978,195987.1
Mauritania,MRT,1979,198986.89
Mauritania,MRT,1980,213985.9
Mauritania,MRT,1981,233984.6
Mauritania,MRT,1982,253983.28
Mauritania,MRT,1983,273981.97
Mauritania,MRT,1984,284981.22
Mauritania,MRT,1985,304979.9
Mauritania,MRT,1986,324989.22
Mauritania,MRT,1987,344988.56
Mauritania,MRT,1988,364987.88
Mauritania,MRT,1989,384987.22
Mauritania,MRT,1990,405997.03
Mauritania,MRT,1991,415996.94
Mauritania,MRT,1992,427996.8
Mauritania,MRT,1993,439993.8
Mauritania,MRT,1994,479991.12
Mauritania,MRT,1995,509991.3
Mauritania,MRT,1996,499991.5
Mauritania,MRT,1997,499991.6
Mauritania,MRT,1998,499991.8
Mauritania,MRT,1999,499991.9
Mauritania,MRT,2000,499994.88
Mauritania,MRT,2001,461993.03
Mauritania,MRT,2002,411993.75
Mauritania,MRT,2003,411994.53
Mauritania,MRT,2004,410994.53
Mauritania,MRT,2005,410994.53
Mauritania,MRT,2006,410994.53
Mauritania,MRT,2007,410994.53
Mauritania,MRT,2008,411000
Mauritania,MRT,2009,400995.94
Mauritania,MRT,2010,460993.8
Mauritania,MRT,2011,410994.38
Mauritania,MRT,2012,410995.75
Mauritania,MRT,2013,410995.75
Mauritania,MRT,2014,410995.75
Mauritania,MRT,2015,410994.25
Mauritania,MRT,2016,410994.28
Mauritania,MRT,2017,410993.47
Mauritania,MRT,2018,410993.22
Mauritania,MRT,2019,410993.22
Mauritania,MRT,2020,410993.22
Mauritania,MRT,2021,410993.22
Mauritania,MRT,2022,410993.22
Mauritania,MRT,2023,410993.22
Mauritius,MUS,-10000,0
Mauritius,MUS,-9000,0
Mauritius,MUS,-8000,0
Mauritius,MUS,-7000,0
Mauritius,MUS,-6000,0
Mauritius,MUS,-5000,0
Mauritius,MUS,-4000,0
Mauritius,MUS,-3000,0
Mauritius,MUS,-2000,0
Mauritius,MUS,-1000,0
Mauritius,MUS,0,0
Mauritius,MUS,100,0
Mauritius,MUS,200,0
Mauritius,MUS,300,0
Mauritius,MUS,400,0
Mauritius,MUS,500,0
Mauritius,MUS,600,0
Mauritius,MUS,700,0
Mauritius,MUS,800,0
Mauritius,MUS,900,0
Mauritius,MUS,1000,0
Mauritius,MUS,1100,0
Mauritius,MUS,1200,0
Mauritius,MUS,1300,0
Mauritius,MUS,1400,0
Mauritius,MUS,1500,0
Mauritius,MUS,1600,0
Mauritius,MUS,1700,144.52628
Mauritius,MUS,1710,215.38971
Mauritius,MUS,1720,320.95734
Mauritius,MUS,1730,478.20224
Mauritius,MUS,1740,712.38635
Mauritius,MUS,1750,1061.1006
Mauritius,MUS,1760,1580.2722
Mauritius,MUS,1770,2353.0908
Mauritius,MUS,1780,3503.272
Mauritius,MUS,1790,5214.7573
Mauritius,MUS,1800,7760.968
Mauritius,MUS,1810,11548.23
Mauritius,MUS,1820,17180.219
Mauritius,MUS,1830,25553.549
Mauritius,MUS,1840,31069.016
Mauritius,MUS,1850,30865.629
Mauritius,MUS,1860,30830.203
Mauritius,MUS,1870,30581.979
Mauritius,MUS,1880,30093.723
Mauritius,MUS,1890,29623.736
Mauritius,MUS,1900,29104.324
Mauritius,MUS,1910,28240.387
Mauritius,MUS,1920,27333.277
Mauritius,MUS,1930,26185.168
Mauritius,MUS,1940,18783.518
Mauritius,MUS,1950,18683.232
Mauritius,MUS,1951,19116.4
Mauritius,MUS,1952,19086.484
Mauritius,MUS,1953,19003.17
Mauritius,MUS,1954,18912.287
Mauritius,MUS,1955,18815.928
Mauritius,MUS,1956,18714.582
Mauritius,MUS,1957,18608.65
Mauritius,MUS,1958,18496.992
Mauritius,MUS,1959,18378.467
Mauritius,MUS,1960,18251.654
Mauritius,MUS,1961,18116.377
Mauritius,MUS,1962,17972.754
Mauritius,MUS,1963,17743.45
Mauritius,MUS,1964,17507.887
Mauritius,MUS,1965,17268.863
Mauritius,MUS,1966,17026.14
Mauritius,MUS,1967,16784.184
Mauritius,MUS,1968,16603.22
Mauritius,MUS,1969,16417.129
Mauritius,MUS,1970,16165.512
Mauritius,MUS,1971,15872.7705
Mauritius,MUS,1972,15567.727
Mauritius,MUS,1973,15484.378
Mauritius,MUS,1974,15391.777
Mauritius,MUS,1975,15284.999
Mauritius,MUS,1976,15170.761
Mauritius,MUS,1977,15042.314
Mauritius,MUS,1978,14910.262
Mauritius,MUS,1979,14790.351
Mauritius,MUS,1980,16983.572
Mauritius,MUS,1981,16804.934
Mauritius,MUS,1982,16639.615
Mauritius,MUS,1983,16489.984
Mauritius,MUS,1984,16274.786
Mauritius,MUS,1985,16211.65
Mauritius,MUS,1986,16021.376
Mauritius,MUS,1987,15810.156
Mauritius,MUS,1988,15595.201
Mauritius,MUS,1989,15369.7295
Mauritius,MUS,1990,16278.797
Mauritius,MUS,1991,16095.343
Mauritius,MUS,1992,16060.956
Mauritius,MUS,1993,15907.449
Mauritius,MUS,1994,15727.59
Mauritius,MUS,1995,15558.051
Mauritius,MUS,1996,15370.923
Mauritius,MUS,1997,15188.951
Mauritius,MUS,1998,15011.835
Mauritius,MUS,1999,14838.895
Mauritius,MUS,2000,11454.579
Mauritius,MUS,2001,15846.612
Mauritius,MUS,2002,15610.946
Mauritius,MUS,2003,15382.979
Mauritius,MUS,2004,15161.185
Mauritius,MUS,2005,14942.371
Mauritius,MUS,2006,14724.265
Mauritius,MUS,2007,14507.26
Mauritius,MUS,2008,14291.705
Mauritius,MUS,2009,14074.276
Mauritius,MUS,2010,15218.5
Mauritius,MUS,2011,14863.423
Mauritius,MUS,2012,14511.366
Mauritius,MUS,2013,14161.0625
Mauritius,MUS,2014,24290.842
Mauritius,MUS,2015,23935.242
Mauritius,MUS,2016,23576.373
Mauritius,MUS,2017,23214.762
Mauritius,MUS,2018,22846.648
Mauritius,MUS,2019,22466.338
Mauritius,MUS,2020,20213.781
Mauritius,MUS,2021,20213.781
Mauritius,MUS,2022,20213.781
Mauritius,MUS,2023,20213.781
Mayotte,MYT,-10000,0
Mayotte,MYT,-9000,0
Mayotte,MYT,-8000,0
Mayotte,MYT,-7000,0
Mayotte,MYT,-6000,0
Mayotte,MYT,-5000,0
Mayotte,MYT,-4000,0
Mayotte,MYT,-3000,0
Mayotte,MYT,-2000,0
Mayotte,MYT,-1000,0
Mayotte,MYT,0,0
Mayotte,MYT,100,0
Mayotte,MYT,200,0
Mayotte,MYT,300,0
Mayotte,MYT,400,0
Mayotte,MYT,500,0
Mayotte,MYT,600,0
Mayotte,MYT,700,0
Mayotte,MYT,800,0
Mayotte,MYT,900,0
Mayotte,MYT,1000,0
Mayotte,MYT,1100,0
Mayotte,MYT,1200,0
Mayotte,MYT,1300,0
Mayotte,MYT,1400,0
Mayotte,MYT,1500,0
Mayotte,MYT,1600,0
Mayotte,MYT,1700,0
Mayotte,MYT,1710,0
Mayotte,MYT,1720,0
Mayotte,MYT,1730,0
Mayotte,MYT,1740,0
Mayotte,MYT,1750,0
Mayotte,MYT,1760,0
Mayotte,MYT,1770,0
Mayotte,MYT,1780,0
Mayotte,MYT,1790,0
Mayotte,MYT,1800,0
Mayotte,MYT,1810,0
Mayotte,MYT,1820,0
Mayotte,MYT,1830,0
Mayotte,MYT,1840,0
Mayotte,MYT,1850,0
Mayotte,MYT,1860,0
Mayotte,MYT,1870,0
Mayotte,MYT,1880,0
Mayotte,MYT,1890,0
Mayotte,MYT,1900,0
Mayotte,MYT,1910,0
Mayotte,MYT,1920,0
Mayotte,MYT,1930,0
Mayotte,MYT,1940,0
Mayotte,MYT,1950,0
Mayotte,MYT,1951,0
Mayotte,MYT,1952,0
Mayotte,MYT,1953,0
Mayotte,MYT,1954,0
Mayotte,MYT,1955,0
Mayotte,MYT,1956,0
Mayotte,MYT,1957,0
Mayotte,MYT,1958,0
Mayotte,MYT,1959,0
Mayotte,MYT,1960,0
Mayotte,MYT,1961,0
Mayotte,MYT,1962,0
Mayotte,MYT,1963,0
Mayotte,MYT,1964,0
Mayotte,MYT,1965,0
Mayotte,MYT,1966,0
Mayotte,MYT,1967,0
Mayotte,MYT,1968,0
Mayotte,MYT,1969,0
Mayotte,MYT,1970,0
Mayotte,MYT,1971,0
Mayotte,MYT,1972,0
Mayotte,MYT,1973,0
Mayotte,MYT,1974,0
Mayotte,MYT,1975,0
Mayotte,MYT,1976,0
Mayotte,MYT,1977,0
Mayotte,MYT,1978,0
Mayotte,MYT,1979,0
Mayotte,MYT,1980,0
Mayotte,MYT,1981,0
Mayotte,MYT,1982,0
Mayotte,MYT,1983,0
Mayotte,MYT,1984,0
Mayotte,MYT,1985,0
Mayotte,MYT,1986,0
Mayotte,MYT,1987,0
Mayotte,MYT,1988,0
Mayotte,MYT,1989,0
Mayotte,MYT,1990,0
Mayotte,MYT,1991,0
Mayotte,MYT,1992,0
Mayotte,MYT,1993,0
Mayotte,MYT,1994,0
Mayotte,MYT,1995,0
Mayotte,MYT,1996,0
Mayotte,MYT,1997,0
Mayotte,MYT,1998,0
Mayotte,MYT,1999,0
Mayotte,MYT,2000,0
Mayotte,MYT,2001,0
Mayotte,MYT,2002,0
Mayotte,MYT,2003,0
Mayotte,MYT,2004,0
Mayotte,MYT,2005,0
Mayotte,MYT,2006,0
Mayotte,MYT,2007,0
Mayotte,MYT,2008,0
Mayotte,MYT,2009,0
Mayotte,MYT,2010,0
Mayotte,MYT,2011,0
Mayotte,MYT,2012,0
Mayotte,MYT,2013,0
Mayotte,MYT,2014,0
Mayotte,MYT,2015,0
Mayotte,MYT,2016,0
Mayotte,MYT,2017,0
Mayotte,MYT,2018,0
Mayotte,MYT,2019,0
Mayotte,MYT,2020,0
Mayotte,MYT,2021,0
Mayotte,MYT,2022,0
Mayotte,MYT,2023,0
Mexico,MEX,-10000,0
Mexico,MEX,-9000,0
Mexico,MEX,-8000,0
Mexico,MEX,-7000,0
Mexico,MEX,-6000,0
Mexico,MEX,-5000,0
Mexico,MEX,-4000,0
Mexico,MEX,-3000,0
Mexico,MEX,-2000,952006.56
Mexico,MEX,-1000,1209276.5
Mexico,MEX,0,2394363.5
Mexico,MEX,100,2577113.8
Mexico,MEX,200,2773816.5
Mexico,MEX,300,2985538
Mexico,MEX,400,3213425
Mexico,MEX,500,3458711.2
Mexico,MEX,600,3722726.2
Mexico,MEX,700,4006901.5
Mexico,MEX,800,4312773.5
Mexico,MEX,900,5070117
Mexico,MEX,1000,5856490
Mexico,MEX,1100,6772329
Mexico,MEX,1200,7723076.5
Mexico,MEX,1300,8709666
Mexico,MEX,1400,9733188
Mexico,MEX,1500,10794814
Mexico,MEX,1600,487814.16
Mexico,MEX,1700,1990971.6
Mexico,MEX,1710,2201981.5
Mexico,MEX,1720,2420758.8
Mexico,MEX,1730,2647533.2
Mexico,MEX,1740,2882540.2
Mexico,MEX,1750,3126021.5
Mexico,MEX,1760,3378225.5
Mexico,MEX,1770,3639406.2
Mexico,MEX,1780,3909826.2
Mexico,MEX,1790,4189753.5
Mexico,MEX,1800,4479464
Mexico,MEX,1810,4779240
Mexico,MEX,1820,5089372.5
Mexico,MEX,1830,5410159
Mexico,MEX,1840,5741906
Mexico,MEX,1850,6084926.5
Mexico,MEX,1860,6439544
Mexico,MEX,1870,6806087.5
Mexico,MEX,1880,7181626
Mexico,MEX,1890,8794016
Mexico,MEX,1900,10548416
Mexico,MEX,1910,12143246
Mexico,MEX,1920,11657884
Mexico,MEX,1930,13117945
Mexico,MEX,1940,14270531
Mexico,MEX,1950,17577170
Mexico,MEX,1951,17872218
Mexico,MEX,1952,18166652
Mexico,MEX,1953,18461070
Mexico,MEX,1954,18755632
Mexico,MEX,1955,19050018
Mexico,MEX,1956,19344576
Mexico,MEX,1957,19638996
Mexico,MEX,1958,19933540
Mexico,MEX,1959,20228044
Mexico,MEX,1960,20522504
Mexico,MEX,1961,20816996
Mexico,MEX,1962,20679988
Mexico,MEX,1963,20609990
Mexico,MEX,1964,20550000
Mexico,MEX,1965,20479990
Mexico,MEX,1966,20414930
Mexico,MEX,1967,20339998
Mexico,MEX,1968,20269958
Mexico,MEX,1969,20209994
Mexico,MEX,1970,19137804
Mexico,MEX,1971,19178874
Mexico,MEX,1972,19208904
Mexico,MEX,1973,19287972
Mexico,MEX,1974,19267950
Mexico,MEX,1975,19296966
Mexico,MEX,1976,19325974
Mexico,MEX,1977,19405994
Mexico,MEX,1978,19434894
Mexico,MEX,1979,19264918
Mexico,MEX,1980,19468914
Mexico,MEX,1981,19671990
Mexico,MEX,1982,19800000
Mexico,MEX,1983,20348000
Mexico,MEX,1984,20254000
Mexico,MEX,1985,20559000
Mexico,MEX,1986,20465000
Mexico,MEX,1987,21469980
Mexico,MEX,1988,21875958
Mexico,MEX,1989,22780142
Mexico,MEX,1990,23786774
Mexico,MEX,1991,24695746
Mexico,MEX,1992,24756746
Mexico,MEX,1993,24821778
Mexico,MEX,1994,24886792
Mexico,MEX,1995,24951782
Mexico,MEX,1996,25116766
Mexico,MEX,1997,25181764
Mexico,MEX,1998,25246786
Mexico,MEX,1999,25312784
Mexico,MEX,2000,25377786
Mexico,MEX,2001,25642782
Mexico,MEX,2002,25707794
Mexico,MEX,2003,25772810
Mexico,MEX,2004,25837822
Mexico,MEX,2005,25902870
Mexico,MEX,2006,25967890
Mexico,MEX,2007,26144904
Mexico,MEX,2008,25596902
Mexico,MEX,2009,24826960
Mexico,MEX,2010,24177894
Mexico,MEX,2011,23890000
Mexico,MEX,2012,22763980
Mexico,MEX,2013,22236994
Mexico,MEX,2014,21794000
Mexico,MEX,2015,23306000
Mexico,MEX,2016,24791890
Mexico,MEX,2017,26573988
Mexico,MEX,2018,27242178
Mexico,MEX,2019,28409400
Mexico,MEX,2020,29576600
Mexico,MEX,2021,30743790
Mexico,MEX,2022,31910978
Mexico,MEX,2023,33078190
Moldova,MDA,-10000,0
Moldova,MDA,-9000,0
Moldova,MDA,-8000,0
Moldova,MDA,-7000,0
Moldova,MDA,-6000,0
Moldova,MDA,-5000,10061.096
Moldova,MDA,-4000,35213.836
Moldova,MDA,-3000,123248.44
Moldova,MDA,-2000,133489.67
Moldova,MDA,-1000,141509.7
Moldova,MDA,0,144248.7
Moldova,MDA,100,151936.34
Moldova,MDA,200,159886.28
Moldova,MDA,300,168079.52
Moldova,MDA,400,176489.33
Moldova,MDA,500,185079.27
Moldova,MDA,600,193800.52
Moldova,MDA,700,202588.58
Moldova,MDA,800,211358.64
Moldova,MDA,900,219999.4
Moldova,MDA,1000,227349.53
Moldova,MDA,1100,329293.7
Moldova,MDA,1200,474992.72
Moldova,MDA,1300,454399.16
Moldova,MDA,1400,431747.75
Moldova,MDA,1500,541909.06
Moldova,MDA,1600,629158
Moldova,MDA,1700,762832.56
Moldova,MDA,1710,497370.9
Moldova,MDA,1720,532620.75
Moldova,MDA,1730,570131.6
Moldova,MDA,1740,610011.5
Moldova,MDA,1750,652366.6
Moldova,MDA,1760,697299.6
Moldova,MDA,1770,744906.9
Moldova,MDA,1780,795276.25
Moldova,MDA,1790,848482.8
Moldova,MDA,1800,904584.5
Moldova,MDA,1810,963616
Moldova,MDA,1820,1025581.8
Moldova,MDA,1830,1090446.8
Moldova,MDA,1840,1158123.8
Moldova,MDA,1850,1228458.8
Moldova,MDA,1860,1301211
Moldova,MDA,1870,1376026.4
Moldova,MDA,1880,1452402.4
Moldova,MDA,1890,1529640.9
Moldova,MDA,1900,1606782
Moldova,MDA,1910,1682509.4
Moldova,MDA,1920,1755012.1
Moldova,MDA,1930,1821771.1
Moldova,MDA,1940,1879216.4
Moldova,MDA,1950,1922134.8
Moldova,MDA,1951,1943001.8
Moldova,MDA,1952,1971566.4
Moldova,MDA,1953,2006123.9
Moldova,MDA,1954,2045117.8
Moldova,MDA,1955,2087100.2
Moldova,MDA,1956,2130761.2
Moldova,MDA,1957,2174933.8
Moldova,MDA,1958,2218555
Moldova,MDA,1959,2260709.5
Moldova,MDA,1960,2300633.5
Moldova,MDA,1961,2300633.5
Moldova,MDA,1962,2283400.2
Moldova,MDA,1963,2269996.5
Moldova,MDA,1964,2264730.8
Moldova,MDA,1965,2239359.8
Moldova,MDA,1966,2236008.8
Moldova,MDA,1967,2231700.5
Moldova,MDA,1968,2234572.8
Moldova,MDA,1969,2230743.2
Moldova,MDA,1970,2228828.2
Moldova,MDA,1971,2226913.5
Moldova,MDA,1972,2224041.2
Moldova,MDA,1973,2229785.8
Moldova,MDA,1974,2224998.8
Moldova,MDA,1975,2225956
Moldova,MDA,1976,2226913.5
Moldova,MDA,1977,2221169.2
Moldova,MDA,1978,2215424.5
Moldova,MDA,1979,2216545
Moldova,MDA,1980,2218297
Moldova,MDA,1981,2218775.5
Moldova,MDA,1982,2220211.8
Moldova,MDA,1983,2218163
Moldova,MDA,1984,2219359.5
Moldova,MDA,1985,2220451
Moldova,MDA,1986,2221762.8
Moldova,MDA,1987,2216765
Moldova,MDA,1988,2201351
Moldova,MDA,1989,2191681
Moldova,MDA,1990,2191681
Moldova,MDA,1991,2202000
Moldova,MDA,1992,2192000
Moldova,MDA,1993,2190000
Moldova,MDA,1994,2186000
Moldova,MDA,1995,2186000
Moldova,MDA,1996,2186000
Moldova,MDA,1997,2184000
Moldova,MDA,1998,2183000
Moldova,MDA,1999,2162000
Moldova,MDA,2000,2154000
Moldova,MDA,2001,2144000
Moldova,MDA,2002,2143000
Moldova,MDA,2003,2138000
Moldova,MDA,2004,2135000
Moldova,MDA,2005,2123000
Moldova,MDA,2006,2125000
Moldova,MDA,2007,2124000
Moldova,MDA,2008,2118000
Moldova,MDA,2009,2112000
Moldova,MDA,2010,2110000
Moldova,MDA,2011,2109000
Moldova,MDA,2012,2111000
Moldova,MDA,2013,1966000
Moldova,MDA,2014,1971000
Moldova,MDA,2015,1973000
Moldova,MDA,2016,1973000
Moldova,MDA,2017,1975000
Moldova,MDA,2018,1919700
Moldova,MDA,2019,1893200
Moldova,MDA,2020,1866700
Moldova,MDA,2021,1840200
Moldova,MDA,2022,1813700
Moldova,MDA,2023,1787200
Mongolia,MNG,-10000,0
Mongolia,MNG,-9000,0
Mongolia,MNG,-8000,0
Mongolia,MNG,-7000,0
Mongolia,MNG,-6000,0
Mongolia,MNG,-5000,0
Mongolia,MNG,-4000,0
Mongolia,MNG,-3000,1366.6519
Mongolia,MNG,-2000,72578.5
Mongolia,MNG,-1000,192781.36
Mongolia,MNG,0,299678.75
Mongolia,MNG,100,307230.56
Mongolia,MNG,200,314974.16
Mongolia,MNG,300,322914.75
Mongolia,MNG,400,331057.8
Mongolia,MNG,500,339409.06
Mongolia,MNG,600,347974.5
Mongolia,MNG,700,356760.53
Mongolia,MNG,800,365773.8
Mongolia,MNG,900,379778.12
Mongolia,MNG,1000,393634.06
Mongolia,MNG,1100,509178.38
Mongolia,MNG,1200,623563.25
Mongolia,MNG,1300,659239.8
Mongolia,MNG,1400,463030.56
Mongolia,MNG,1500,460726.94
Mongolia,MNG,1600,458434.75
Mongolia,MNG,1700,456154
Mongolia,MNG,1710,451371.44
Mongolia,MNG,1720,450627.94
Mongolia,MNG,1730,449885.6
Mongolia,MNG,1740,449144.53
Mongolia,MNG,1750,448404.62
Mongolia,MNG,1760,447666
Mongolia,MNG,1770,446928.56
Mongolia,MNG,1780,446192.34
Mongolia,MNG,1790,445457.3
Mongolia,MNG,1800,444723.53
Mongolia,MNG,1810,443990.97
Mongolia,MNG,1820,443259.56
Mongolia,MNG,1830,445021.44
Mongolia,MNG,1840,450312.6
Mongolia,MNG,1850,455666.7
Mongolia,MNG,1860,461084.44
Mongolia,MNG,1870,466566.6
Mongolia,MNG,1880,476720.5
Mongolia,MNG,1890,521783.66
Mongolia,MNG,1900,571106.5
Mongolia,MNG,1910,625091.6
Mongolia,MNG,1920,599364.06
Mongolia,MNG,1930,573877
Mongolia,MNG,1940,548628.7
Mongolia,MNG,1950,523617.38
Mongolia,MNG,1951,529920.06
Mongolia,MNG,1952,536840.75
Mongolia,MNG,1953,544179.25
Mongolia,MNG,1954,551817.06
Mongolia,MNG,1955,559753.44
Mongolia,MNG,1956,568076.06
Mongolia,MNG,1957,576992.2
Mongolia,MNG,1958,586771.56
Mongolia,MNG,1959,597706.7
Mongolia,MNG,1960,610071.94
Mongolia,MNG,1961,623999.94
Mongolia,MNG,1962,723999.94
Mongolia,MNG,1963,728999.94
Mongolia,MNG,1964,849999.9
Mongolia,MNG,1965,866999.9
Mongolia,MNG,1966,884999.9
Mongolia,MNG,1967,818999.94
Mongolia,MNG,1968,776999.94
Mongolia,MNG,1969,745999.94
Mongolia,MNG,1970,743999.94
Mongolia,MNG,1971,774999.94
Mongolia,MNG,1972,775999.94
Mongolia,MNG,1973,788999.94
Mongolia,MNG,1974,800999.94
Mongolia,MNG,1975,826999.9
Mongolia,MNG,1976,949999.9
Mongolia,MNG,1977,1099999.9
Mongolia,MNG,1978,1153999.9
Mongolia,MNG,1979,1159999.9
Mongolia,MNG,1980,1181999.9
Mongolia,MNG,1981,1211999.9
Mongolia,MNG,1982,1250999.9
Mongolia,MNG,1983,1312999.9
Mongolia,MNG,1984,1334999.9
Mongolia,MNG,1985,1353999.9
Mongolia,MNG,1986,1306999.9
Mongolia,MNG,1987,1334999.9
Mongolia,MNG,1988,1365999.9
Mongolia,MNG,1989,1374999.9
Mongolia,MNG,1990,1370999.9
Mongolia,MNG,1991,1368999.9
Mongolia,MNG,1992,1363001.2
Mongolia,MNG,1993,1353013.6
Mongolia,MNG,1994,1322027.9
Mongolia,MNG,1995,1322016.5
Mongolia,MNG,1996,1322040.9
Mongolia,MNG,1997,1228023.1
Mongolia,MNG,1998,1347034.8
Mongolia,MNG,1999,1191005.6
Mongolia,MNG,2000,1176017.2
Mongolia,MNG,2001,752989.1
Mongolia,MNG,2002,758011.94
Mongolia,MNG,2003,706003
Mongolia,MNG,2004,706001.5
Mongolia,MNG,2005,697005.25
Mongolia,MNG,2006,698002
Mongolia,MNG,2007,705004.8
Mongolia,MNG,2008,836021.75
Mongolia,MNG,2009,624000.94
Mongolia,MNG,2010,617002.44
Mongolia,MNG,2011,617002.94
Mongolia,MNG,2012,651001.9
Mongolia,MNG,2013,571405.9
Mongolia,MNG,2014,572204.7
Mongolia,MNG,2015,572204.7
Mongolia,MNG,2016,547442.9
Mongolia,MNG,2017,520954.7
Mongolia,MNG,2018,519148.5
Mongolia,MNG,2019,572680
Mongolia,MNG,2020,572839.94
Mongolia,MNG,2021,572493.75
Mongolia,MNG,2022,572645
Mongolia,MNG,2023,572796.3
Montserrat,MSR,-10000,0
Montserrat,MSR,-9000,0
Montserrat,MSR,-8000,0
Montserrat,MSR,-7000,0
Montserrat,MSR,-6000,0
Montserrat,MSR,-5000,0
Montserrat,MSR,-4000,0
Montserrat,MSR,-3000,0
Montserrat,MSR,-2000,0
Montserrat,MSR,-1000,0
Montserrat,MSR,0,0
Montserrat,MSR,100,0
Montserrat,MSR,200,0
Montserrat,MSR,300,0
Montserrat,MSR,400,0
Montserrat,MSR,500,0
Montserrat,MSR,600,0
Montserrat,MSR,700,0
Montserrat,MSR,800,0
Montserrat,MSR,900,0
Montserrat,MSR,1000,0
Montserrat,MSR,1100,0
Montserrat,MSR,1200,0
Montserrat,MSR,1300,0
Montserrat,MSR,1400,0
Montserrat,MSR,1500,344.03018
Montserrat,MSR,1600,683.7205
Montserrat,MSR,1700,1358.6495
Montserrat,MSR,1710,1469.0563
Montserrat,MSR,1720,1588.4329
Montserrat,MSR,1730,1717.5079
Montserrat,MSR,1740,1857.069
Montserrat,MSR,1750,2007.9681
Montserrat,MSR,1760,2171.1257
Montserrat,MSR,1770,2347.538
Montserrat,MSR,1780,2538.2808
Montserrat,MSR,1790,2744.5186
Montserrat,MSR,1800,2967.509
Montserrat,MSR,1810,3208.6135
Montserrat,MSR,1820,3313.3591
Montserrat,MSR,1830,3421.5195
Montserrat,MSR,1840,3533.2058
Montserrat,MSR,1850,3648.5332
Montserrat,MSR,1860,3767.6196
Montserrat,MSR,1870,3894.9158
Montserrat,MSR,1880,4026.507
Montserrat,MSR,1890,4162.5386
Montserrat,MSR,1900,4303.1597
Montserrat,MSR,1910,4448.5254
Montserrat,MSR,1920,4454.411
Montserrat,MSR,1930,4460.2983
Montserrat,MSR,1940,4466.1875
Montserrat,MSR,1950,4471.416
Montserrat,MSR,1951,4671.862
Montserrat,MSR,1952,4792.5796
Montserrat,MSR,1953,4837.5547
Montserrat,MSR,1954,4811.1016
Montserrat,MSR,1955,4727.1206
Montserrat,MSR,1956,4595.5425
Montserrat,MSR,1957,4436.5435
Montserrat,MSR,1958,4271.9463
Montserrat,MSR,1959,4117.6187
Montserrat,MSR,1960,4000
Montserrat,MSR,1961,4000
Montserrat,MSR,1962,4000
Montserrat,MSR,1963,4000
Montserrat,MSR,1964,3000
Montserrat,MSR,1965,2000
Montserrat,MSR,1966,2000
Montserrat,MSR,1967,2000
Montserrat,MSR,1968,2000
Montserrat,MSR,1969,2000
Montserrat,MSR,1970,2000
Montserrat,MSR,1971,2000
Montserrat,MSR,1972,2000
Montserrat,MSR,1973,1000
Montserrat,MSR,1974,1000
Montserrat,MSR,1975,1000
Montserrat,MSR,1976,1000
Montserrat,MSR,1977,1000
Montserrat,MSR,1978,1000
Montserrat,MSR,1979,1000
Montserrat,MSR,1980,1000
Montserrat,MSR,1981,1000
Montserrat,MSR,1982,2000
Montserrat,MSR,1983,2000
Montserrat,MSR,1984,2000
Montserrat,MSR,1985,2000
Montserrat,MSR,1986,2000
Montserrat,MSR,1987,2000
Montserrat,MSR,1988,2000
Montserrat,MSR,1989,2000
Montserrat,MSR,1990,2000
Montserrat,MSR,1991,2000
Montserrat,MSR,1992,2000
Montserrat,MSR,1993,2000
Montserrat,MSR,1994,2000
Montserrat,MSR,1995,2000
Montserrat,MSR,1996,2000
Montserrat,MSR,1997,2000
Montserrat,MSR,1998,2000
Montserrat,MSR,1999,2000
Montserrat,MSR,2000,2000
Montserrat,MSR,2001,2000
Montserrat,MSR,2002,2000
Montserrat,MSR,2003,2000
Montserrat,MSR,2004,2000
Montserrat,MSR,2005,2000
Montserrat,MSR,2006,2000
Montserrat,MSR,2007,2000
Montserrat,MSR,2008,2000
Montserrat,MSR,2009,2000
Montserrat,MSR,2010,2000
Montserrat,MSR,2011,2000
Montserrat,MSR,2012,2000
Montserrat,MSR,2013,2000
Montserrat,MSR,2014,2000
Montserrat,MSR,2015,2000
Montserrat,MSR,2016,2000
Montserrat,MSR,2017,2000
Montserrat,MSR,2018,2000
Montserrat,MSR,2019,2000
Montserrat,MSR,2020,2000
Montserrat,MSR,2021,2000
Montserrat,MSR,2022,2000
Montserrat,MSR,2023,2000
Morocco,MAR,-10000,0
Morocco,MAR,-9000,0
Morocco,MAR,-8000,0
Morocco,MAR,-7000,0
Morocco,MAR,-6000,0
Morocco,MAR,-5000,0
Morocco,MAR,-4000,0
Morocco,MAR,-3000,0
Morocco,MAR,-2000,0
Morocco,MAR,-1000,0
Morocco,MAR,0,556022.2
Morocco,MAR,100,594643
Morocco,MAR,200,635944.8
Morocco,MAR,300,680113.7
Morocco,MAR,400,727348.44
Morocco,MAR,500,777861.9
Morocco,MAR,600,831881.44
Morocco,MAR,700,889650.3
Morocco,MAR,800,951428.5
Morocco,MAR,900,1036294.25
Morocco,MAR,1000,1121306.8
Morocco,MAR,1100,1066179
Morocco,MAR,1200,1010951
Morocco,MAR,1300,1129883.8
Morocco,MAR,1400,1012719.6
Morocco,MAR,1500,844668.06
Morocco,MAR,1600,1268102.8
Morocco,MAR,1700,987156.75
Morocco,MAR,1710,1031385.94
Morocco,MAR,1720,1075622.8
Morocco,MAR,1730,1119867.2
Morocco,MAR,1740,1164119.2
Morocco,MAR,1750,1208378.8
Morocco,MAR,1760,1252646.1
Morocco,MAR,1770,1296921
Morocco,MAR,1780,1341203.5
Morocco,MAR,1790,1385493.5
Morocco,MAR,1800,1429791.2
Morocco,MAR,1810,1474096.6
Morocco,MAR,1820,1518409.5
Morocco,MAR,1830,1792083
Morocco,MAR,1840,2065803.9
Morocco,MAR,1850,2339571.8
Morocco,MAR,1860,2613386.8
Morocco,MAR,1870,2887248.8
Morocco,MAR,1880,3161158
Morocco,MAR,1890,3435114
Morocco,MAR,1900,3709117.5
Morocco,MAR,1910,3983167.5
Morocco,MAR,1920,4257265
Morocco,MAR,1930,4531409.5
Morocco,MAR,1940,4805601
Morocco,MAR,1950,5079839.5
Morocco,MAR,1951,5225059.5
Morocco,MAR,1952,5386479
Morocco,MAR,1953,5560801.5
Morocco,MAR,1954,5745230.5
Morocco,MAR,1955,5937482
Morocco,MAR,1956,6135777.5
Morocco,MAR,1957,6338853
Morocco,MAR,1958,6545886.5
Morocco,MAR,1959,6756404
Morocco,MAR,1960,6970000
Morocco,MAR,1961,6970000
Morocco,MAR,1962,6980000
Morocco,MAR,1963,7050000
Morocco,MAR,1964,7110000
Morocco,MAR,1965,7220000
Morocco,MAR,1966,7338000
Morocco,MAR,1967,7338000
Morocco,MAR,1968,7438000
Morocco,MAR,1969,7429000
Morocco,MAR,1970,7505000
Morocco,MAR,1971,8412000
Morocco,MAR,1972,7570000
Morocco,MAR,1973,7625000
Morocco,MAR,1974,7630000
Morocco,MAR,1975,7717000
Morocco,MAR,1976,7750000
Morocco,MAR,1977,7900000
Morocco,MAR,1978,8118000
Morocco,MAR,1979,8004000
Morocco,MAR,1980,8030000
Morocco,MAR,1981,8190000
Morocco,MAR,1982,8277000
Morocco,MAR,1983,8373000
Morocco,MAR,1984,8484000
Morocco,MAR,1985,8498000
Morocco,MAR,1986,8597000
Morocco,MAR,1987,8766000
Morocco,MAR,1988,8844000
Morocco,MAR,1989,9164000
Morocco,MAR,1990,9443000
Morocco,MAR,1991,9455000
Morocco,MAR,1992,9716000
Morocco,MAR,1993,9811000
Morocco,MAR,1994,9964000
Morocco,MAR,1995,9749000
Morocco,MAR,1996,9966000
Morocco,MAR,1997,9895000
Morocco,MAR,1998,9976000
Morocco,MAR,1999,9693000
Morocco,MAR,2000,9652000
Morocco,MAR,2001,9370000
Morocco,MAR,2002,9283000
Morocco,MAR,2003,9875997
Morocco,MAR,2004,9041000
Morocco,MAR,2005,8989000
Morocco,MAR,2006,8946000
Morocco,MAR,2007,8960000
Morocco,MAR,2008,8981000
Morocco,MAR,2009,9002600
Morocco,MAR,2010,8988300
Morocco,MAR,2011,9103800
Morocco,MAR,2012,9403000
Morocco,MAR,2013,9585000
Morocco,MAR,2014,9082500
Morocco,MAR,2015,9047000
Morocco,MAR,2016,9100000
Morocco,MAR,2017,9386000
Morocco,MAR,2018,9125950
Morocco,MAR,2019,9087900
Morocco,MAR,2020,9049850
Morocco,MAR,2021,9011800
Morocco,MAR,2022,8973750
Morocco,MAR,2023,8935700
Mozambique,MOZ,-10000,0
Mozambique,MOZ,-9000,0
Mozambique,MOZ,-8000,0
Mozambique,MOZ,-7000,0
Mozambique,MOZ,-6000,0
Mozambique,MOZ,-5000,0
Mozambique,MOZ,-4000,0
Mozambique,MOZ,-3000,0
Mozambique,MOZ,-2000,0
Mozambique,MOZ,-1000,0
Mozambique,MOZ,0,0
Mozambique,MOZ,100,0
Mozambique,MOZ,200,0
Mozambique,MOZ,300,0
Mozambique,MOZ,400,0
Mozambique,MOZ,500,0
Mozambique,MOZ,600,0
Mozambique,MOZ,700,0
Mozambique,MOZ,800,0
Mozambique,MOZ,900,0
Mozambique,MOZ,1000,116440.86
Mozambique,MOZ,1100,170779.92
Mozambique,MOZ,1200,225119
Mozambique,MOZ,1300,279458.06
Mozambique,MOZ,1400,333797.12
Mozambique,MOZ,1500,388136.2
Mozambique,MOZ,1600,485170.22
Mozambique,MOZ,1700,582204.25
Mozambique,MOZ,1710,601481.7
Mozambique,MOZ,1720,620759.1
Mozambique,MOZ,1730,640036.56
Mozambique,MOZ,1740,659313.94
Mozambique,MOZ,1750,678591.4
Mozambique,MOZ,1760,697868.9
Mozambique,MOZ,1770,717146.3
Mozambique,MOZ,1780,736423.75
Mozambique,MOZ,1790,755701.1
Mozambique,MOZ,1800,774978.56
Mozambique,MOZ,1810,794256
Mozambique,MOZ,1820,813533.44
Mozambique,MOZ,1830,801815.8
Mozambique,MOZ,1840,890906.44
Mozambique,MOZ,1850,989896.1
Mozambique,MOZ,1860,1099884.5
Mozambique,MOZ,1870,1168627.2
Mozambique,MOZ,1880,1241666.5
Mozambique,MOZ,1890,1319270.6
Mozambique,MOZ,1900,1401725.1
Mozambique,MOZ,1910,1489332.9
Mozambique,MOZ,1920,1702019.1
Mozambique,MOZ,1930,1945033.2
Mozambique,MOZ,1940,2493480.2
Mozambique,MOZ,1950,2265520.5
Mozambique,MOZ,1951,2204067.2
Mozambique,MOZ,1952,2240703.5
Mozambique,MOZ,1953,2279680.8
Mozambique,MOZ,1954,2320789.2
Mozambique,MOZ,1955,2363862
Mozambique,MOZ,1956,2408779
Mozambique,MOZ,1957,2455477.2
Mozambique,MOZ,1958,2503932
Mozambique,MOZ,1959,2554150.2
Mozambique,MOZ,1960,2606163.8
Mozambique,MOZ,1961,2660000
Mozambique,MOZ,1962,2660000
Mozambique,MOZ,1963,2670000
Mozambique,MOZ,1964,2678000
Mozambique,MOZ,1965,2688000
Mozambique,MOZ,1966,2694000
Mozambique,MOZ,1967,2720000
Mozambique,MOZ,1968,2819973.2
Mozambique,MOZ,1969,2923947.8
Mozambique,MOZ,1970,3008915.8
Mozambique,MOZ,1971,3008918.2
Mozambique,MOZ,1972,3027925.8
Mozambique,MOZ,1973,3079928
Mozambique,MOZ,1974,3079928.8
Mozambique,MOZ,1975,3099930.8
Mozambique,MOZ,1976,3099932.5
Mozambique,MOZ,1977,3099935
Mozambique,MOZ,1978,3099937
Mozambique,MOZ,1979,3099939.2
Mozambique,MOZ,1980,3099941.2
Mozambique,MOZ,1981,3149943.8
Mozambique,MOZ,1982,3229927.2
Mozambique,MOZ,1983,3229930
Mozambique,MOZ,1984,3329911.8
Mozambique,MOZ,1985,3379879.2
Mozambique,MOZ,1986,3429872
Mozambique,MOZ,1987,3529875
Mozambique,MOZ,1988,3579872
Mozambique,MOZ,1989,3629868
Mozambique,MOZ,1990,3679872.2
Mozambique,MOZ,1991,3729879.8
Mozambique,MOZ,1992,3749881.2
Mozambique,MOZ,1993,3749890.5
Mozambique,MOZ,1994,3799895
Mozambique,MOZ,1995,3879891.5
Mozambique,MOZ,1996,3984967.2
Mozambique,MOZ,1997,4134975.5
Mozambique,MOZ,1998,4234977.5
Mozambique,MOZ,1999,4189979.2
Mozambique,MOZ,2000,4149981.2
Mozambique,MOZ,2001,4249979.5
Mozambique,MOZ,2002,4699951
Mozambique,MOZ,2003,4749975.5
Mozambique,MOZ,2004,4849950
Mozambique,MOZ,2005,5249976.5
Mozambique,MOZ,2006,5149935
Mozambique,MOZ,2007,5449984
Mozambique,MOZ,2008,5649890
Mozambique,MOZ,2009,5769993.5
Mozambique,MOZ,2010,5950000
Mozambique,MOZ,2011,5950000
Mozambique,MOZ,2012,5949819.5
Mozambique,MOZ,2013,5950000
Mozambique,MOZ,2014,5949820.5
Mozambique,MOZ,2015,5949831.5
Mozambique,MOZ,2016,5949891.5
Mozambique,MOZ,2017,5949894.5
Mozambique,MOZ,2018,5949974
Mozambique,MOZ,2019,5949974
Mozambique,MOZ,2020,5949973
Mozambique,MOZ,2021,5949971
Mozambique,MOZ,2022,5949969
Mozambique,MOZ,2023,5949966.5
Myanmar,MMR,-10000,0
Myanmar,MMR,-9000,0
Myanmar,MMR,-8000,0
Myanmar,MMR,-7000,0
Myanmar,MMR,-6000,0
Myanmar,MMR,-5000,0
Myanmar,MMR,-4000,0
Myanmar,MMR,-3000,0
Myanmar,MMR,-2000,0
Myanmar,MMR,-1000,0
Myanmar,MMR,0,0
Myanmar,MMR,100,413128.5
Myanmar,MMR,200,450659.72
Myanmar,MMR,300,488190.47
Myanmar,MMR,400,525721.06
Myanmar,MMR,500,563251.8
Myanmar,MMR,600,600782.8
Myanmar,MMR,700,638314.2
Myanmar,MMR,800,675846.1
Myanmar,MMR,900,713378.6
Myanmar,MMR,1000,750911.75
Myanmar,MMR,1100,938625.5
Myanmar,MMR,1200,1126335.9
Myanmar,MMR,1300,1088779.2
Myanmar,MMR,1400,1295259.2
Myanmar,MMR,1500,1501737.4
Myanmar,MMR,1600,1689442.6
Myanmar,MMR,1700,1877146.9
Myanmar,MMR,1710,1914688.6
Myanmar,MMR,1720,1952230.5
Myanmar,MMR,1730,1989772.2
Myanmar,MMR,1740,2027314
Myanmar,MMR,1750,2064855.9
Myanmar,MMR,1760,2102397.5
Myanmar,MMR,1770,2139939.2
Myanmar,MMR,1780,2177480.8
Myanmar,MMR,1790,2215022.8
Myanmar,MMR,1800,2252564.2
Myanmar,MMR,1810,2402734
Myanmar,MMR,1820,2552903.8
Myanmar,MMR,1830,2703073.2
Myanmar,MMR,1840,2853242.5
Myanmar,MMR,1850,3003412
Myanmar,MMR,1860,3341294.2
Myanmar,MMR,1870,3679176.2
Myanmar,MMR,1880,4016941
Myanmar,MMR,1890,4930961.5
Myanmar,MMR,1900,5934384.5
Myanmar,MMR,1910,7236976.5
Myanmar,MMR,1920,8668705
Myanmar,MMR,1930,8921185
Myanmar,MMR,1940,9095376
Myanmar,MMR,1950,8297065.5
Myanmar,MMR,1951,8448738
Myanmar,MMR,1952,8604088
Myanmar,MMR,1953,8765738
Myanmar,MMR,1954,8935485
Myanmar,MMR,1955,9114301
Myanmar,MMR,1956,9302277
Myanmar,MMR,1957,9498698
Myanmar,MMR,1958,9702152
Myanmar,MMR,1959,9910767
Myanmar,MMR,1960,10120000
Myanmar,MMR,1961,10120000
Myanmar,MMR,1962,10140000
Myanmar,MMR,1963,10170000
Myanmar,MMR,1964,10268000
Myanmar,MMR,1965,10231000
Myanmar,MMR,1966,10386000
Myanmar,MMR,1967,10387000
Myanmar,MMR,1968,10393000
Myanmar,MMR,1969,10403000
Myanmar,MMR,1970,10430000
Myanmar,MMR,1971,10435000
Myanmar,MMR,1972,10440000
Myanmar,MMR,1973,9960000
Myanmar,MMR,1974,9971000
Myanmar,MMR,1975,9985000
Myanmar,MMR,1976,10000000
Myanmar,MMR,1977,9994000
Myanmar,MMR,1978,10006000
Myanmar,MMR,1979,10016000
Myanmar,MMR,1980,10022000
Myanmar,MMR,1981,10058000
Myanmar,MMR,1982,10080000
Myanmar,MMR,1983,10077000
Myanmar,MMR,1984,10061000
Myanmar,MMR,1985,10067000
Myanmar,MMR,1986,10073000
Myanmar,MMR,1987,10060000
Myanmar,MMR,1988,10011000
Myanmar,MMR,1989,10034000
Myanmar,MMR,1990,10069000
Myanmar,MMR,1991,10057000
Myanmar,MMR,1992,10039000
Myanmar,MMR,1993,10087000
Myanmar,MMR,1994,10076000
Myanmar,MMR,1995,10110000
Myanmar,MMR,1996,10138000
Myanmar,MMR,1997,10154000
Myanmar,MMR,1998,10151000
Myanmar,MMR,1999,10285000
Myanmar,MMR,2000,10498000
Myanmar,MMR,2001,10625000
Myanmar,MMR,2002,10611000
Myanmar,MMR,2003,10670000
Myanmar,MMR,2004,10771000
Myanmar,MMR,2005,10955000
Myanmar,MMR,2006,11290000
Myanmar,MMR,2007,11678000
Myanmar,MMR,2008,11972000
Myanmar,MMR,2009,12135000
Myanmar,MMR,2010,12217000
Myanmar,MMR,2011,12250000
Myanmar,MMR,2012,12242000
Myanmar,MMR,2013,12281000
Myanmar,MMR,2014,12326000
Myanmar,MMR,2015,12443000
Myanmar,MMR,2016,12458000
Myanmar,MMR,2017,12571600
Myanmar,MMR,2018,12629880
Myanmar,MMR,2019,12701200
Myanmar,MMR,2020,12772520
Myanmar,MMR,2021,12843840
Myanmar,MMR,2022,12915160
Myanmar,MMR,2023,12986480
Namibia,NAM,-10000,0
Namibia,NAM,-9000,0
Namibia,NAM,-8000,0
Namibia,NAM,-7000,0
Namibia,NAM,-6000,0
Namibia,NAM,-5000,0
Namibia,NAM,-4000,0
Namibia,NAM,-3000,0
Namibia,NAM,-2000,0
Namibia,NAM,-1000,0
Namibia,NAM,0,0
Namibia,NAM,100,0
Namibia,NAM,200,0
Namibia,NAM,300,0
Namibia,NAM,400,0
Namibia,NAM,500,0
Namibia,NAM,600,0
Namibia,NAM,700,0
Namibia,NAM,800,0
Namibia,NAM,900,0
Namibia,NAM,1000,0
Namibia,NAM,1100,0
Namibia,NAM,1200,0
Namibia,NAM,1300,0
Namibia,NAM,1400,0
Namibia,NAM,1500,0
Namibia,NAM,1600,0
Namibia,NAM,1700,8532.933
Namibia,NAM,1710,17941.695
Namibia,NAM,1720,37770.527
Namibia,NAM,1730,79458.32
Namibia,NAM,1740,167191.83
Namibia,NAM,1750,351761.38
Namibia,NAM,1760,370117.6
Namibia,NAM,1770,389496.06
Namibia,NAM,1780,409966.22
Namibia,NAM,1790,431571.6
Namibia,NAM,1800,454387.4
Namibia,NAM,1810,478497.4
Namibia,NAM,1820,503964.4
Namibia,NAM,1830,530860
Namibia,NAM,1840,559277.44
Namibia,NAM,1850,589306.3
Namibia,NAM,1860,621064.7
Namibia,NAM,1870,654632.9
Namibia,NAM,1880,690104.56
Namibia,NAM,1890,727610.3
Namibia,NAM,1900,767264.94
Namibia,NAM,1910,809196.1
Namibia,NAM,1920,853542.2
Namibia,NAM,1930,900446.9
Namibia,NAM,1940,950059.5
Namibia,NAM,1950,1002544.8
Namibia,NAM,1951,1021879.1
Namibia,NAM,1952,1042431.6
Namibia,NAM,1953,1064088
Namibia,NAM,1954,1086796.5
Namibia,NAM,1955,1110522.6
Namibia,NAM,1956,1135270.2
Namibia,NAM,1957,1161023.2
Namibia,NAM,1958,1187851.5
Namibia,NAM,1959,1215815.9
Namibia,NAM,1960,1245011.8
Namibia,NAM,1961,1283789.5
Namibia,NAM,1962,1283766.8
Namibia,NAM,1963,1283783.4
Namibia,NAM,1964,1291782.6
Namibia,NAM,1965,1291779.6
Namibia,NAM,1966,1291776.5
Namibia,NAM,1967,1297750.2
Namibia,NAM,1968,1297769.9
Namibia,NAM,1969,1297767
Namibia,NAM,1970,1301765.2
Namibia,NAM,1971,1305811.9
Namibia,NAM,1972,1305811.6
Namibia,NAM,1973,1305811.4
Namibia,NAM,1974,1305811
Namibia,NAM,1975,1305811
Namibia,NAM,1976,1309813.4
Namibia,NAM,1977,1309805.6
Namibia,NAM,1978,1311779.5
Namibia,NAM,1979,1311716.8
Namibia,NAM,1980,1313701.1
Namibia,NAM,1981,1313726.6
Namibia,NAM,1982,1313706.5
Namibia,NAM,1983,1323677.4
Namibia,NAM,1984,1323616.9
Namibia,NAM,1985,1323647.1
Namibia,NAM,1986,1323697.5
Namibia,NAM,1987,1323700.8
Namibia,NAM,1988,1323677.5
Namibia,NAM,1989,1323431.5
Namibia,NAM,1990,1323992.2
Namibia,NAM,1991,1323992.2
Namibia,NAM,1992,1323992.2
Namibia,NAM,1993,1399990.8
Namibia,NAM,1994,1499991.2
Namibia,NAM,1995,1639691.2
Namibia,NAM,1996,1639691.6
Namibia,NAM,1997,1639673.5
Namibia,NAM,1998,1639677
Namibia,NAM,1999,1639676.1
Namibia,NAM,2000,1639705.5
Namibia,NAM,2001,1639686
Namibia,NAM,2002,1639729.5
Namibia,NAM,2003,1639751.8
Namibia,NAM,2004,1639758.6
Namibia,NAM,2005,1639784.6
Namibia,NAM,2006,1639830.2
Namibia,NAM,2007,1615880.6
Namibia,NAM,2008,1615915.1
Namibia,NAM,2009,1615954.1
Namibia,NAM,2010,1617990.6
Namibia,NAM,2011,1617990.6
Namibia,NAM,2012,1617990.6
Namibia,NAM,2013,1617990.6
Namibia,NAM,2014,1617990.6
Namibia,NAM,2015,1617990.6
Namibia,NAM,2016,1619990.6
Namibia,NAM,2017,1619990.6
Namibia,NAM,2018,1620590.5
Namibia,NAM,2019,1621190.5
Namibia,NAM,2020,1621790.5
Namibia,NAM,2021,1622390.5
Namibia,NAM,2022,1622990.5
Namibia,NAM,2023,1623590.5
Nepal,NPL,-10000,0
Nepal,NPL,-9000,0
Nepal,NPL,-8000,0
Nepal,NPL,-7000,0
Nepal,NPL,-6000,0
Nepal,NPL,-5000,0
Nepal,NPL,-4000,0
Nepal,NPL,-3000,0
Nepal,NPL,-2000,30932.312
Nepal,NPL,-1000,94926.04
Nepal,NPL,0,136923.19
Nepal,NPL,100,141390.17
Nepal,NPL,200,146002.94
Nepal,NPL,300,150766.22
Nepal,NPL,400,155684.95
Nepal,NPL,500,160764.2
Nepal,NPL,600,166009.23
Nepal,NPL,700,171425.44
Nepal,NPL,800,177018.39
Nepal,NPL,900,181531.22
Nepal,NPL,1000,185937.8
Nepal,NPL,1100,196376.55
Nepal,NPL,1200,206591.27
Nepal,NPL,1300,216585.33
Nepal,NPL,1400,226362.16
Nepal,NPL,1500,235925.03
Nepal,NPL,1600,291996.75
Nepal,NPL,1700,346939.22
Nepal,NPL,1710,373874.03
Nepal,NPL,1720,402860.44
Nepal,NPL,1730,434054.4
Nepal,NPL,1740,467623.6
Nepal,NPL,1750,503748.5
Nepal,NPL,1760,542623.1
Nepal,NPL,1770,584456.4
Nepal,NPL,1780,629472.7
Nepal,NPL,1790,677913.75
Nepal,NPL,1800,730039.2
Nepal,NPL,1810,786128.6
Nepal,NPL,1820,862999.3
Nepal,NPL,1830,910155
Nepal,NPL,1840,1038673.56
Nepal,NPL,1850,1063096.6
Nepal,NPL,1860,1066134
Nepal,NPL,1870,1070205.6
Nepal,NPL,1880,1137952.4
Nepal,NPL,1890,1115198
Nepal,NPL,1900,1131533.4
Nepal,NPL,1910,1317908.2
Nepal,NPL,1920,1547113.1
Nepal,NPL,1930,1646511.9
Nepal,NPL,1940,1683594
Nepal,NPL,1950,1716643.8
Nepal,NPL,1951,1744998.9
Nepal,NPL,1952,1754947.9
Nepal,NPL,1953,1791002.8
Nepal,NPL,1954,1800484.1
Nepal,NPL,1955,1814453.1
Nepal,NPL,1956,1826373.2
Nepal,NPL,1957,1841411.1
Nepal,NPL,1958,1844163.6
Nepal,NPL,1959,1855642.4
Nepal,NPL,1960,1831000
Nepal,NPL,1961,1831000
Nepal,NPL,1962,1831000
Nepal,NPL,1963,1841000
Nepal,NPL,1964,1831000
Nepal,NPL,1965,1831000
Nepal,NPL,1966,1831000
Nepal,NPL,1967,1845000
Nepal,NPL,1968,1845000
Nepal,NPL,1969,1845000
Nepal,NPL,1970,1980000
Nepal,NPL,1971,1980000
Nepal,NPL,1972,2082000
Nepal,NPL,1973,2193000
Nepal,NPL,1974,2208000
Nepal,NPL,1975,2223000
Nepal,NPL,1976,2239000
Nepal,NPL,1977,2254000
Nepal,NPL,1978,2269000
Nepal,NPL,1979,2284000
Nepal,NPL,1980,2299000
Nepal,NPL,1981,2317000
Nepal,NPL,1982,2320600
Nepal,NPL,1983,2324200
Nepal,NPL,1984,2327800
Nepal,NPL,1985,2331400
Nepal,NPL,1986,2335000
Nepal,NPL,1987,2338600
Nepal,NPL,1988,2342200
Nepal,NPL,1989,2345800
Nepal,NPL,1990,2349400
Nepal,NPL,1991,2353000
Nepal,NPL,1992,2365200
Nepal,NPL,1993,2377400
Nepal,NPL,1994,2389600
Nepal,NPL,1995,2401800
Nepal,NPL,1996,2414000
Nepal,NPL,1997,2426200
Nepal,NPL,1998,2438400
Nepal,NPL,1999,2450600
Nepal,NPL,2000,2463100
Nepal,NPL,2001,2473000
Nepal,NPL,2002,2455000
Nepal,NPL,2003,2440000
Nepal,NPL,2004,2430000
Nepal,NPL,2005,2413000
Nepal,NPL,2006,2395000
Nepal,NPL,2007,2375000
Nepal,NPL,2008,2360000
Nepal,NPL,2009,2347000
Nepal,NPL,2010,2332000
Nepal,NPL,2011,2331300
Nepal,NPL,2012,2326000
Nepal,NPL,2013,2326000
Nepal,NPL,2014,2325700
Nepal,NPL,2015,2325700
Nepal,NPL,2016,2325700
Nepal,NPL,2017,2325700
Nepal,NPL,2018,2325580
Nepal,NPL,2019,2325520
Nepal,NPL,2020,2325460
Nepal,NPL,2021,2325400
Nepal,NPL,2022,2325340
Nepal,NPL,2023,2325280
Netherlands,NLD,-10000,0
Netherlands,NLD,-9000,0
Netherlands,NLD,-8000,0
Netherlands,NLD,-7000,0
Netherlands,NLD,-6000,0
Netherlands,NLD,-5000,187.27458
Netherlands,NLD,-4000,2949.8225
Netherlands,NLD,-3000,5899.645
Netherlands,NLD,-2000,11799.29
Netherlands,NLD,-1000,23598.58
Netherlands,NLD,0,47197.16
Netherlands,NLD,100,44949.676
Netherlands,NLD,200,42809.215
Netherlands,NLD,300,40770.684
Netherlands,NLD,400,38829.22
Netherlands,NLD,500,36980.21
Netherlands,NLD,600,35219.246
Netherlands,NLD,700,33542.14
Netherlands,NLD,800,56827.168
Netherlands,NLD,900,73875.914
Netherlands,NLD,1000,81263.51
Netherlands,NLD,1100,97516.21
Netherlands,NLD,1200,109705.734
Netherlands,NLD,1300,194094.77
Netherlands,NLD,1400,138639.12
Netherlands,NLD,1500,210741.94
Netherlands,NLD,1600,282844.8
Netherlands,NLD,1700,354947.62
Netherlands,NLD,1710,360745.12
Netherlands,NLD,1720,366542.56
Netherlands,NLD,1730,372340.06
Netherlands,NLD,1740,378137.56
Netherlands,NLD,1750,383935
Netherlands,NLD,1760,389732.5
Netherlands,NLD,1770,395529.97
Netherlands,NLD,1780,401327.44
Netherlands,NLD,1790,407124.94
Netherlands,NLD,1800,412922.4
Netherlands,NLD,1810,418719.88
Netherlands,NLD,1820,424517.38
Netherlands,NLD,1830,467784.72
Netherlands,NLD,1840,513562.56
Netherlands,NLD,1850,553670.06
Netherlands,NLD,1860,596519.5
Netherlands,NLD,1870,642830.5
Netherlands,NLD,1880,708087.9
Netherlands,NLD,1890,777748.1
Netherlands,NLD,1900,866117.9
Netherlands,NLD,1910,881672
Netherlands,NLD,1920,907868.4
Netherlands,NLD,1930,939385.8
Netherlands,NLD,1940,951256.06
Netherlands,NLD,1950,1061772.1
Netherlands,NLD,1951,1058294.9
Netherlands,NLD,1952,1054817.6
Netherlands,NLD,1953,1051340.4
Netherlands,NLD,1954,1047863.25
Netherlands,NLD,1955,1044386.06
Netherlands,NLD,1956,1040908.8
Netherlands,NLD,1957,1037431.6
Netherlands,NLD,1958,1033954.4
Netherlands,NLD,1959,1030477.25
Netherlands,NLD,1960,1027000
Netherlands,NLD,1961,1027000
Netherlands,NLD,1962,1002000
Netherlands,NLD,1963,988000
Netherlands,NLD,1964,977000
Netherlands,NLD,1965,968000
Netherlands,NLD,1966,946000
Netherlands,NLD,1967,922000
Netherlands,NLD,1968,913000
Netherlands,NLD,1969,891000
Netherlands,NLD,1970,867000
Netherlands,NLD,1971,810000
Netherlands,NLD,1972,804000
Netherlands,NLD,1973,799000
Netherlands,NLD,1974,800000
Netherlands,NLD,1975,796000
Netherlands,NLD,1976,805000
Netherlands,NLD,1977,810000
Netherlands,NLD,1978,814000
Netherlands,NLD,1979,819000
Netherlands,NLD,1980,822000
Netherlands,NLD,1981,819000
Netherlands,NLD,1982,820000
Netherlands,NLD,1983,831000
Netherlands,NLD,1984,846000
Netherlands,NLD,1985,855000
Netherlands,NLD,1986,873000
Netherlands,NLD,1987,890000
Netherlands,NLD,1988,898000
Netherlands,NLD,1989,905000
Netherlands,NLD,1990,909000
Netherlands,NLD,1991,911000
Netherlands,NLD,1992,922000
Netherlands,NLD,1993,924000
Netherlands,NLD,1994,920000
Netherlands,NLD,1995,916000
Netherlands,NLD,1996,929000
Netherlands,NLD,1997,935000
Netherlands,NLD,1998,941000
Netherlands,NLD,1999,949000
Netherlands,NLD,2000,944000
Netherlands,NLD,2001,938000
Netherlands,NLD,2002,949000
Netherlands,NLD,2003,938000
Netherlands,NLD,2004,1158600
Netherlands,NLD,2005,1142800
Netherlands,NLD,2006,1102500
Netherlands,NLD,2007,1093700
Netherlands,NLD,2008,1101500
Netherlands,NLD,2009,1090200
Netherlands,NLD,2010,1059000
Netherlands,NLD,2011,1042400
Netherlands,NLD,2012,1046800
Netherlands,NLD,2013,1074500
Netherlands,NLD,2014,1081300
Netherlands,NLD,2015,1071000
Netherlands,NLD,2016,1066000
Netherlands,NLD,2017,1075000
Netherlands,NLD,2018,1069270
Netherlands,NLD,2019,1067840
Netherlands,NLD,2020,1066410
Netherlands,NLD,2021,833047.9
Netherlands,NLD,2022,831929.2
Netherlands,NLD,2023,830810.6
Netherlands Antilles,ANT,-10000,0
Netherlands Antilles,ANT,-9000,0
Netherlands Antilles,ANT,-8000,0
Netherlands Antilles,ANT,-7000,0
Netherlands Antilles,ANT,-6000,0
Netherlands Antilles,ANT,-5000,0
Netherlands Antilles,ANT,-4000,0
Netherlands Antilles,ANT,-3000,0
Netherlands Antilles,ANT,-2000,0
Netherlands Antilles,ANT,-1000,0
Netherlands Antilles,ANT,0,0
Netherlands Antilles,ANT,100,0
Netherlands Antilles,ANT,200,0
Netherlands Antilles,ANT,300,0
Netherlands Antilles,ANT,400,0
Netherlands Antilles,ANT,500,0
Netherlands Antilles,ANT,600,0
Netherlands Antilles,ANT,700,0
Netherlands Antilles,ANT,800,0
Netherlands Antilles,ANT,900,0
Netherlands Antilles,ANT,1000,0
Netherlands Antilles,ANT,1100,0
Netherlands Antilles,ANT,1200,0
Netherlands Antilles,ANT,1300,0
Netherlands Antilles,ANT,1400,0
Netherlands Antilles,ANT,1500,375.10477
Netherlands Antilles,ANT,1600,692.4277
Netherlands Antilles,ANT,1700,1245.9043
Netherlands Antilles,ANT,1710,1331.0414
Netherlands Antilles,ANT,1720,1421.2832
Netherlands Antilles,ANT,1730,1516.8195
Netherlands Antilles,ANT,1740,1617.8236
Netherlands Antilles,ANT,1750,1724.4453
Netherlands Antilles,ANT,1760,1836.8025
Netherlands Antilles,ANT,1770,1954.9702
Netherlands Antilles,ANT,1780,2078.9678
Netherlands Antilles,ANT,1790,2208.7405
Netherlands Antilles,ANT,1800,2344.1394
Netherlands Antilles,ANT,1810,2484.8933
Netherlands Antilles,ANT,1820,2512.3296
Netherlands Antilles,ANT,1830,2536.1917
Netherlands Antilles,ANT,1840,2555.7842
Netherlands Antilles,ANT,1850,2570.269
Netherlands Antilles,ANT,1860,3014.37
Netherlands Antilles,ANT,1870,3143.203
Netherlands Antilles,ANT,1880,3518.2576
Netherlands Antilles,ANT,1890,3690.1611
Netherlands Antilles,ANT,1900,3754.272
Netherlands Antilles,ANT,1910,3795.168
Netherlands Antilles,ANT,1920,3653.606
Netherlands Antilles,ANT,1930,3994.8613
Netherlands Antilles,ANT,1940,5060.5674
Netherlands Antilles,ANT,1950,6220.6826
Netherlands Antilles,ANT,1951,6367.607
Netherlands Antilles,ANT,1952,6458.3213
Netherlands Antilles,ANT,1953,6504.6333
Netherlands Antilles,ANT,1954,6514.442
Netherlands Antilles,ANT,1955,6494.248
Netherlands Antilles,ANT,1956,6447.682
Netherlands Antilles,ANT,1957,6375.76
Netherlands Antilles,ANT,1958,6279.101
Netherlands Antilles,ANT,1959,6154.639
Netherlands Antilles,ANT,1960,6000
Netherlands Antilles,ANT,1961,6000
Netherlands Antilles,ANT,1962,6000
Netherlands Antilles,ANT,1963,6000
Netherlands Antilles,ANT,1964,6000
Netherlands Antilles,ANT,1965,7000
Netherlands Antilles,ANT,1966,7000
Netherlands Antilles,ANT,1967,7000
Netherlands Antilles,ANT,1968,7000
Netherlands Antilles,ANT,1969,7000
Netherlands Antilles,ANT,1970,8000
Netherlands Antilles,ANT,1971,8000
Netherlands Antilles,ANT,1972,8000
Netherlands Antilles,ANT,1973,8000
Netherlands Antilles,ANT,1974,8000
Netherlands Antilles,ANT,1975,8000
Netherlands Antilles,ANT,1976,8000
Netherlands Antilles,ANT,1977,8000
Netherlands Antilles,ANT,1978,8000
Netherlands Antilles,ANT,1979,8000
Netherlands Antilles,ANT,1980,8000
Netherlands Antilles,ANT,1981,8000
Netherlands Antilles,ANT,1982,8000
Netherlands Antilles,ANT,1983,8000
Netherlands Antilles,ANT,1984,8000
Netherlands Antilles,ANT,1985,8000
Netherlands Antilles,ANT,1986,8000
Netherlands Antilles,ANT,1987,8000
Netherlands Antilles,ANT,1988,8000
Netherlands Antilles,ANT,1989,8000
Netherlands Antilles,ANT,1990,8000
Netherlands Antilles,ANT,1991,8000
Netherlands Antilles,ANT,1992,8000
Netherlands Antilles,ANT,1993,8000
Netherlands Antilles,ANT,1994,8000
Netherlands Antilles,ANT,1995,8000
Netherlands Antilles,ANT,1996,8000
Netherlands Antilles,ANT,1997,8000
Netherlands Antilles,ANT,1998,8000
Netherlands Antilles,ANT,1999,8000
Netherlands Antilles,ANT,2000,8000
Netherlands Antilles,ANT,2001,8000
Netherlands Antilles,ANT,2002,8000
Netherlands Antilles,ANT,2003,8000
Netherlands Antilles,ANT,2004,8000
Netherlands Antilles,ANT,2005,8000
Netherlands Antilles,ANT,2006,8000
Netherlands Antilles,ANT,2007,8000
Netherlands Antilles,ANT,2008,8000
Netherlands Antilles,ANT,2009,8000
Netherlands Antilles,ANT,2010,8000
Netherlands Antilles,ANT,2011,8000
Netherlands Antilles,ANT,2012,8000
Netherlands Antilles,ANT,2013,8000
Netherlands Antilles,ANT,2014,8000
Netherlands Antilles,ANT,2015,8000
Netherlands Antilles,ANT,2016,8000
Netherlands Antilles,ANT,2017,8000
Netherlands Antilles,ANT,2018,8000
Netherlands Antilles,ANT,2019,8000
Netherlands Antilles,ANT,2020,8000
Netherlands Antilles,ANT,2021,8000
Netherlands Antilles,ANT,2022,8000
Netherlands Antilles,ANT,2023,8000
New Caledonia,NCL,-10000,0
New Caledonia,NCL,-9000,0
New Caledonia,NCL,-8000,0
New Caledonia,NCL,-7000,0
New Caledonia,NCL,-6000,0
New Caledonia,NCL,-5000,0
New Caledonia,NCL,-4000,0
New Caledonia,NCL,-3000,0
New Caledonia,NCL,-2000,0
New Caledonia,NCL,-1000,2248.169
New Caledonia,NCL,0,3919.9875
New Caledonia,NCL,100,4280.3345
New Caledonia,NCL,200,4669.3193
New Caledonia,NCL,300,5088.193
New Caledonia,NCL,400,5537.961
New Caledonia,NCL,500,6019.263
New Caledonia,NCL,600,6532.2065
New Caledonia,NCL,700,7076.142
New Caledonia,NCL,800,7649.349
New Caledonia,NCL,900,8248.603
New Caledonia,NCL,1000,8868.543
New Caledonia,NCL,1100,9500.765
New Caledonia,NCL,1200,10132.424
New Caledonia,NCL,1300,10744.041
New Caledonia,NCL,1400,11305.836
New Caledonia,NCL,1500,11771.092
New Caledonia,NCL,1600,12062.887
New Caledonia,NCL,1700,12043.078
New Caledonia,NCL,1710,12514.913
New Caledonia,NCL,1720,12998.521
New Caledonia,NCL,1730,13493.265
New Caledonia,NCL,1740,13998.321
New Caledonia,NCL,1750,14512.644
New Caledonia,NCL,1760,15034.923
New Caledonia,NCL,1770,15563.534
New Caledonia,NCL,1780,16096.477
New Caledonia,NCL,1790,16631.295
New Caledonia,NCL,1800,17164.984
New Caledonia,NCL,1810,17693.865
New Caledonia,NCL,1820,18264.025
New Caledonia,NCL,1830,18822.283
New Caledonia,NCL,1840,19361.625
New Caledonia,NCL,1850,19873.281
New Caledonia,NCL,1860,20346.176
New Caledonia,NCL,1870,20351.59
New Caledonia,NCL,1880,20280.22
New Caledonia,NCL,1890,20113.602
New Caledonia,NCL,1900,19826.791
New Caledonia,NCL,1910,19384.64
New Caledonia,NCL,1920,18574.568
New Caledonia,NCL,1930,17489.13
New Caledonia,NCL,1940,15983.358
New Caledonia,NCL,1950,13722.298
New Caledonia,NCL,1951,13274.414
New Caledonia,NCL,1952,12960.561
New Caledonia,NCL,1953,12736.275
New Caledonia,NCL,1954,12563.187
New Caledonia,NCL,1955,12407.01
New Caledonia,NCL,1956,12242.487
New Caledonia,NCL,1957,12044.103
New Caledonia,NCL,1958,11790.012
New Caledonia,NCL,1959,11454.342
New Caledonia,NCL,1960,11000
New Caledonia,NCL,1961,11000
New Caledonia,NCL,1962,11000
New Caledonia,NCL,1963,11000
New Caledonia,NCL,1964,12000
New Caledonia,NCL,1965,12000
New Caledonia,NCL,1966,12000
New Caledonia,NCL,1967,12000
New Caledonia,NCL,1968,13000
New Caledonia,NCL,1969,13000
New Caledonia,NCL,1970,13000
New Caledonia,NCL,1971,13000
New Caledonia,NCL,1972,14000
New Caledonia,NCL,1973,14000
New Caledonia,NCL,1974,14000
New Caledonia,NCL,1975,14000
New Caledonia,NCL,1976,15000
New Caledonia,NCL,1977,15000
New Caledonia,NCL,1978,15000
New Caledonia,NCL,1979,15000
New Caledonia,NCL,1980,15000
New Caledonia,NCL,1981,15000
New Caledonia,NCL,1982,15000
New Caledonia,NCL,1983,15000
New Caledonia,NCL,1984,18000
New Caledonia,NCL,1985,18000
New Caledonia,NCL,1986,17000
New Caledonia,NCL,1987,16000
New Caledonia,NCL,1988,16000
New Caledonia,NCL,1989,16000
New Caledonia,NCL,1990,15000
New Caledonia,NCL,1991,15000
New Caledonia,NCL,1992,15000
New Caledonia,NCL,1993,14000
New Caledonia,NCL,1994,13000
New Caledonia,NCL,1995,13000
New Caledonia,NCL,1996,13000
New Caledonia,NCL,1997,12000
New Caledonia,NCL,1998,12000
New Caledonia,NCL,1999,12000
New Caledonia,NCL,2000,11000
New Caledonia,NCL,2001,11000
New Caledonia,NCL,2002,10600
New Caledonia,NCL,2003,10600
New Caledonia,NCL,2004,10600
New Caledonia,NCL,2005,10600
New Caledonia,NCL,2006,10600
New Caledonia,NCL,2007,10600
New Caledonia,NCL,2008,10600
New Caledonia,NCL,2009,10600
New Caledonia,NCL,2010,10600
New Caledonia,NCL,2011,10300
New Caledonia,NCL,2012,10000
New Caledonia,NCL,2013,10200
New Caledonia,NCL,2014,10240
New Caledonia,NCL,2015,10240
New Caledonia,NCL,2016,10240
New Caledonia,NCL,2017,10240
New Caledonia,NCL,2018,10256
New Caledonia,NCL,2019,10264
New Caledonia,NCL,2020,10272
New Caledonia,NCL,2021,10280
New Caledonia,NCL,2022,10288
New Caledonia,NCL,2023,10296
New Zealand,NZL,-10000,0
New Zealand,NZL,-9000,0
New Zealand,NZL,-8000,0
New Zealand,NZL,-7000,0
New Zealand,NZL,-6000,0
New Zealand,NZL,-5000,0
New Zealand,NZL,-4000,0
New Zealand,NZL,-3000,0
New Zealand,NZL,-2000,0
New Zealand,NZL,-1000,0
New Zealand,NZL,0,0
New Zealand,NZL,100,0
New Zealand,NZL,200,0
New Zealand,NZL,300,0
New Zealand,NZL,400,0
New Zealand,NZL,500,0
New Zealand,NZL,600,0
New Zealand,NZL,700,0
New Zealand,NZL,800,0
New Zealand,NZL,900,0
New Zealand,NZL,1000,0
New Zealand,NZL,1100,0
New Zealand,NZL,1200,0
New Zealand,NZL,1300,0
New Zealand,NZL,1400,0
New Zealand,NZL,1500,178.9458
New Zealand,NZL,1600,391.44394
New Zealand,NZL,1700,699.007
New Zealand,NZL,1710,820.1962
New Zealand,NZL,1720,1015.09436
New Zealand,NZL,1730,1256.3049
New Zealand,NZL,1740,1554.8329
New Zealand,NZL,1750,1924.2981
New Zealand,NZL,1760,2381.557
New Zealand,NZL,1770,2947.4714
New Zealand,NZL,1780,3647.8608
New Zealand,NZL,1790,4514.679
New Zealand,NZL,1800,5587.474
New Zealand,NZL,1810,6915.191
New Zealand,NZL,1820,10084.653
New Zealand,NZL,1830,14706.785
New Zealand,NZL,1840,21447.396
New Zealand,NZL,1850,31277.453
New Zealand,NZL,1860,45612.953
New Zealand,NZL,1870,117974.34
New Zealand,NZL,1880,213189.16
New Zealand,NZL,1890,384988.78
New Zealand,NZL,1900,667548.2
New Zealand,NZL,1910,879692.9
New Zealand,NZL,1920,1175868.5
New Zealand,NZL,1930,1507744.4
New Zealand,NZL,1940,1875320.8
New Zealand,NZL,1950,2278597.2
New Zealand,NZL,1951,2341601.8
New Zealand,NZL,1952,2411206.8
New Zealand,NZL,1953,2484643.2
New Zealand,NZL,1954,2559827.2
New Zealand,NZL,1955,2635340.5
New Zealand,NZL,1956,2710574.8
New Zealand,NZL,1957,2785654
New Zealand,NZL,1958,2861402.8
New Zealand,NZL,1959,2939110.8
New Zealand,NZL,1960,3019982
New Zealand,NZL,1961,3019982.5
New Zealand,NZL,1962,3014982.8
New Zealand,NZL,1963,3010983.5
New Zealand,NZL,1964,3005983.8
New Zealand,NZL,1965,3005984.2
New Zealand,NZL,1966,3000984.5
New Zealand,NZL,1967,3002985
New Zealand,NZL,1968,2997985.2
New Zealand,NZL,1969,2997985.8
New Zealand,NZL,1970,2994986.2
New Zealand,NZL,1971,2989986.5
New Zealand,NZL,1972,2980985.2
New Zealand,NZL,1973,2941985.8
New Zealand,NZL,1974,2918986.2
New Zealand,NZL,1975,2848987
New Zealand,NZL,1976,2790987.5
New Zealand,NZL,1977,2765988
New Zealand,NZL,1978,2731988.8
New Zealand,NZL,1979,2693992.5
New Zealand,NZL,1980,2650993
New Zealand,NZL,1981,2596993.2
New Zealand,NZL,1982,2578996.8
New Zealand,NZL,1983,2620993.5
New Zealand,NZL,1984,2600994
New Zealand,NZL,1985,2564997
New Zealand,NZL,1986,2627994.2
New Zealand,NZL,1987,2659994.5
New Zealand,NZL,1988,2564997.2
New Zealand,NZL,1989,2578998.2
New Zealand,NZL,1990,2691995
New Zealand,NZL,1991,2403999.8
New Zealand,NZL,1992,2120000
New Zealand,NZL,1993,1974000
New Zealand,NZL,1994,1753000
New Zealand,NZL,1995,1625000
New Zealand,NZL,1996,1604000
New Zealand,NZL,1997,1603000
New Zealand,NZL,1998,1603000
New Zealand,NZL,1999,1603000
New Zealand,NZL,2000,1550000
New Zealand,NZL,2001,1555000
New Zealand,NZL,2002,534000
New Zealand,NZL,2003,470000
New Zealand,NZL,2004,483000
New Zealand,NZL,2005,488000
New Zealand,NZL,2006,462000
New Zealand,NZL,2007,500000
New Zealand,NZL,2008,522000
New Zealand,NZL,2009,542000
New Zealand,NZL,2010,570000
New Zealand,NZL,2011,542000
New Zealand,NZL,2012,580400
New Zealand,NZL,2013,618000
New Zealand,NZL,2014,657000
New Zealand,NZL,2015,673000
New Zealand,NZL,2016,645000
New Zealand,NZL,2017,645000
New Zealand,NZL,2018,660200
New Zealand,NZL,2019,664400
New Zealand,NZL,2020,668600
New Zealand,NZL,2021,672800
New Zealand,NZL,2022,677000
New Zealand,NZL,2023,681200
Nicaragua,NIC,-10000,0
Nicaragua,NIC,-9000,0
Nicaragua,NIC,-8000,0
Nicaragua,NIC,-7000,0
Nicaragua,NIC,-6000,0
Nicaragua,NIC,-5000,0
Nicaragua,NIC,-4000,0
Nicaragua,NIC,-3000,0
Nicaragua,NIC,-2000,0
Nicaragua,NIC,-1000,0
Nicaragua,NIC,0,102156.195
Nicaragua,NIC,100,109883.97
Nicaragua,NIC,200,118122.85
Nicaragua,NIC,300,126893.234
Nicaragua,NIC,400,136213.25
Nicaragua,NIC,500,146097.83
Nicaragua,NIC,600,156557.3
Nicaragua,NIC,700,167595.9
Nicaragua,NIC,800,179209.53
Nicaragua,NIC,900,191376.78
Nicaragua,NIC,1000,204080.95
Nicaragua,NIC,1100,217265.97
Nicaragua,NIC,1200,230856.81
Nicaragua,NIC,1300,244743.7
Nicaragua,NIC,1400,258769.8
Nicaragua,NIC,1500,272713.66
Nicaragua,NIC,1600,131205.78
Nicaragua,NIC,1700,62806.22
Nicaragua,NIC,1710,66977.72
Nicaragua,NIC,1720,71421.52
Nicaragua,NIC,1730,76154.914
Nicaragua,NIC,1740,81196.26
Nicaragua,NIC,1750,86565.02
Nicaragua,NIC,1760,92281.85
Nicaragua,NIC,1770,98368.59
Nicaragua,NIC,1780,104848.44
Nicaragua,NIC,1790,111745.94
Nicaragua,NIC,1800,119087.06
Nicaragua,NIC,1810,126899.305
Nicaragua,NIC,1820,135211.8
Nicaragua,NIC,1830,159323.8
Nicaragua,NIC,1840,184814.77
Nicaragua,NIC,1850,214362.62
Nicaragua,NIC,1860,226233.9
Nicaragua,NIC,1870,237931.42
Nicaragua,NIC,1880,269542.56
Nicaragua,NIC,1890,306121.66
Nicaragua,NIC,1900,347622.97
Nicaragua,NIC,1910,394701.28
Nicaragua,NIC,1920,448097.12
Nicaragua,NIC,1930,559990.06
Nicaragua,NIC,1940,664706.1
Nicaragua,NIC,1950,867287.9
Nicaragua,NIC,1951,891264.06
Nicaragua,NIC,1952,917223.8
Nicaragua,NIC,1953,945139.25
Nicaragua,NIC,1954,974895.8
Nicaragua,NIC,1955,1006337.8
Nicaragua,NIC,1956,1039251.4
Nicaragua,NIC,1957,1073377.9
Nicaragua,NIC,1958,1108413.4
Nicaragua,NIC,1959,1144043
Nicaragua,NIC,1960,1180000
Nicaragua,NIC,1961,1180000
Nicaragua,NIC,1962,1180000
Nicaragua,NIC,1963,1188000
Nicaragua,NIC,1964,1188000
Nicaragua,NIC,1965,1188000
Nicaragua,NIC,1966,1200000
Nicaragua,NIC,1967,1200000
Nicaragua,NIC,1968,1200000
Nicaragua,NIC,1969,1205000
Nicaragua,NIC,1970,1205000
Nicaragua,NIC,1971,1205000
Nicaragua,NIC,1972,1210000
Nicaragua,NIC,1973,1220000
Nicaragua,NIC,1974,1230000
Nicaragua,NIC,1975,1230000
Nicaragua,NIC,1976,1230000
Nicaragua,NIC,1977,1230000
Nicaragua,NIC,1978,1235000
Nicaragua,NIC,1979,1240000
Nicaragua,NIC,1980,1245000
Nicaragua,NIC,1981,1327000
Nicaragua,NIC,1982,1329000
Nicaragua,NIC,1983,1330000
Nicaragua,NIC,1984,1383000
Nicaragua,NIC,1985,1405000
Nicaragua,NIC,1986,1407000
Nicaragua,NIC,1987,1439000
Nicaragua,NIC,1988,1470000
Nicaragua,NIC,1989,1493000
Nicaragua,NIC,1990,1495000
Nicaragua,NIC,1991,1500000
Nicaragua,NIC,1992,1525000
Nicaragua,NIC,1993,1560000
Nicaragua,NIC,1994,1565000
Nicaragua,NIC,1995,1870000
Nicaragua,NIC,1996,1879000
Nicaragua,NIC,1997,1980000
Nicaragua,NIC,1998,2031000
Nicaragua,NIC,1999,2082000
Nicaragua,NIC,2000,2151000
Nicaragua,NIC,2001,2169000
Nicaragua,NIC,2002,2268000
Nicaragua,NIC,2003,2320000
Nicaragua,NIC,2004,2221000
Nicaragua,NIC,2005,2290000
Nicaragua,NIC,2006,2150000
Nicaragua,NIC,2007,2095000
Nicaragua,NIC,2008,1995000
Nicaragua,NIC,2009,1945000
Nicaragua,NIC,2010,1826000
Nicaragua,NIC,2011,1799000
Nicaragua,NIC,2012,1828000
Nicaragua,NIC,2013,1790000
Nicaragua,NIC,2014,1790000
Nicaragua,NIC,2015,1790000
Nicaragua,NIC,2016,1790000
Nicaragua,NIC,2017,1790000
Nicaragua,NIC,2018,1790000
Nicaragua,NIC,2019,1790000
Nicaragua,NIC,2020,1790000
Nicaragua,NIC,2021,1790000
Nicaragua,NIC,2022,1790000
Nicaragua,NIC,2023,1790000
Niger,NER,-10000,0
Niger,NER,-9000,0
Niger,NER,-8000,0
Niger,NER,-7000,0
Niger,NER,-6000,0
Niger,NER,-5000,0
Niger,NER,-4000,0
Niger,NER,-3000,0
Niger,NER,-2000,0
Niger,NER,-1000,0
Niger,NER,0,560767.2
Niger,NER,100,640876.75
Niger,NER,200,732430.6
Niger,NER,300,837063.56
Niger,NER,400,956644.06
Niger,NER,500,1093307.5
Niger,NER,600,1249494.2
Niger,NER,700,1427993.5
Niger,NER,800,1631992.5
Niger,NER,900,1722658.8
Niger,NER,1000,1813325
Niger,NER,1100,1949319.8
Niger,NER,1200,2085323.9
Niger,NER,1300,2316229
Niger,NER,1400,2481596.5
Niger,NER,1500,2719874.8
Niger,NER,1600,3173318.8
Niger,NER,1700,3626650
Niger,NER,1710,3840273.8
Niger,NER,1720,3872545
Niger,NER,1730,3906514.8
Niger,NER,1740,3942354.2
Niger,NER,1750,3980261.8
Niger,NER,1760,4020466.5
Niger,NER,1770,4063237
Niger,NER,1780,4108891.5
Niger,NER,1790,4157807
Niger,NER,1800,4210437.5
Niger,NER,1810,4267335
Niger,NER,1820,4329180.5
Niger,NER,1830,4396824
Niger,NER,1840,4471346.5
Niger,NER,1850,4554149
Niger,NER,1860,4647091
Niger,NER,1870,4752706.5
Niger,NER,1880,4874571
Niger,NER,1890,5017940.5
Niger,NER,1900,5190973
Niger,NER,1910,5407263.5
Niger,NER,1920,5691856.5
Niger,NER,1930,6098417.5
Niger,NER,1940,6776019.5
Niger,NER,1950,8470025
Niger,NER,1951,8702240
Niger,NER,1952,8961780
Niger,NER,1953,9222332
Niger,NER,1954,9484467
Niger,NER,1955,9749238
Niger,NER,1956,10018136
Niger,NER,1957,10293170
Niger,NER,1958,10576598
Niger,NER,1959,10870912
Niger,NER,1960,11178281
Niger,NER,1961,11500000
Niger,NER,1962,11500000
Niger,NER,1963,11500000
Niger,NER,1964,11500000
Niger,NER,1965,11500000
Niger,NER,1966,11500000
Niger,NER,1967,11500000
Niger,NER,1968,12177000
Niger,NER,1969,12176000
Niger,NER,1970,11200000
Niger,NER,1971,11230000
Niger,NER,1972,11177000
Niger,NER,1973,10814000
Niger,NER,1974,9780000
Niger,NER,1975,9780000
Niger,NER,1976,9780000
Niger,NER,1977,9780000
Niger,NER,1978,9780000
Niger,NER,1979,9958000
Niger,NER,1980,10220000
Niger,NER,1981,9780000
Niger,NER,1982,9860000
Niger,NER,1983,10010000
Niger,NER,1984,9780000
Niger,NER,1985,9780000
Niger,NER,1986,9780000
Niger,NER,1987,9512000
Niger,NER,1988,9500000
Niger,NER,1989,9605000
Niger,NER,1990,11047000
Niger,NER,1991,12105000
Niger,NER,1992,13000000
Niger,NER,1993,13000000
Niger,NER,1994,13000000
Niger,NER,1995,14000000
Niger,NER,1996,14000000
Niger,NER,1997,14000000
Niger,NER,1998,14000000
Niger,NER,1999,14000000
Niger,NER,2000,14000000
Niger,NER,2001,14000000
Niger,NER,2002,14000000
Niger,NER,2003,14100000
Niger,NER,2004,14160000
Niger,NER,2005,14183000
Niger,NER,2006,14207000
Niger,NER,2007,15000000
Niger,NER,2008,15000000
Niger,NER,2009,15000000
Niger,NER,2010,15200000
Niger,NER,2011,15700000
Niger,NER,2012,16000000
Niger,NER,2013,16900000
Niger,NER,2014,16900000
Niger,NER,2015,16915000
Niger,NER,2016,17615000
Niger,NER,2017,17818000
Niger,NER,2018,17994900
Niger,NER,2019,18249998
Niger,NER,2020,18505098
Niger,NER,2021,18760188
Niger,NER,2022,19015232
Niger,NER,2023,19270260
Nigeria,NGA,-10000,0
Nigeria,NGA,-9000,0
Nigeria,NGA,-8000,0
Nigeria,NGA,-7000,0
Nigeria,NGA,-6000,0
Nigeria,NGA,-5000,0
Nigeria,NGA,-4000,0
Nigeria,NGA,-3000,0
Nigeria,NGA,-2000,0
Nigeria,NGA,-1000,0
Nigeria,NGA,0,305127.7
Nigeria,NGA,100,406836.94
Nigeria,NGA,200,542449.25
Nigeria,NGA,300,723265.6
Nigeria,NGA,400,964354.2
Nigeria,NGA,500,1285805.6
Nigeria,NGA,600,1714407.4
Nigeria,NGA,700,2285876.5
Nigeria,NGA,800,3047835.5
Nigeria,NGA,900,3657402.8
Nigeria,NGA,1000,4266969.5
Nigeria,NGA,1100,4571753
Nigeria,NGA,1200,4876536.5
Nigeria,NGA,1300,5486104
Nigeria,NGA,1400,6095671
Nigeria,NGA,1500,6705238.5
Nigeria,NGA,1600,8533939
Nigeria,NGA,1700,10972208
Nigeria,NGA,1710,11459004
Nigeria,NGA,1720,11544627
Nigeria,NGA,1730,11634669
Nigeria,NGA,1740,11729572
Nigeria,NGA,1750,11829844
Nigeria,NGA,1760,11936075
Nigeria,NGA,1770,12048955
Nigeria,NGA,1780,12169295
Nigeria,NGA,1790,12298063
Nigeria,NGA,1800,12436419
Nigeria,NGA,1810,12585770
Nigeria,NGA,1820,12747849
Nigeria,NGA,1830,12924820
Nigeria,NGA,1840,13119425
Nigeria,NGA,1850,13335212
Nigeria,NGA,1860,13576881
Nigeria,NGA,1870,13850820
Nigeria,NGA,1880,14166014
Nigeria,NGA,1890,14535634
Nigeria,NGA,1900,14980042
Nigeria,NGA,1910,15533017
Nigeria,NGA,1920,16256428
Nigeria,NGA,1930,17281816
Nigeria,NGA,1940,18970160
Nigeria,NGA,1950,23078054
Nigeria,NGA,1951,23273152
Nigeria,NGA,1952,23643332
Nigeria,NGA,1953,24037404
Nigeria,NGA,1954,24452070
Nigeria,NGA,1955,24885256
Nigeria,NGA,1956,25336176
Nigeria,NGA,1957,25805272
Nigeria,NGA,1958,26294046
Nigeria,NGA,1959,26804776
Nigeria,NGA,1960,27339678
Nigeria,NGA,1961,27900000
Nigeria,NGA,1962,27900000
Nigeria,NGA,1963,30016910
Nigeria,NGA,1964,30971068
Nigeria,NGA,1965,33070132
Nigeria,NGA,1966,30505990
Nigeria,NGA,1967,32212868
Nigeria,NGA,1968,32171950
Nigeria,NGA,1969,37814030
Nigeria,NGA,1970,35030468
Nigeria,NGA,1971,33477560
Nigeria,NGA,1972,29150000
Nigeria,NGA,1973,34300000
Nigeria,NGA,1974,30150000
Nigeria,NGA,1975,29150000
Nigeria,NGA,1976,29150000
Nigeria,NGA,1977,23811000
Nigeria,NGA,1978,22055000
Nigeria,NGA,1979,21116000
Nigeria,NGA,1980,23103000
Nigeria,NGA,1981,19666000
Nigeria,NGA,1982,20632000
Nigeria,NGA,1983,20705000
Nigeria,NGA,1984,24400000
Nigeria,NGA,1985,26500000
Nigeria,NGA,1986,31360000
Nigeria,NGA,1987,31482000
Nigeria,NGA,1988,31712000
Nigeria,NGA,1989,31888000
Nigeria,NGA,1990,32074000
Nigeria,NGA,1991,34200000
Nigeria,NGA,1992,34500000
Nigeria,NGA,1993,34900000
Nigeria,NGA,1994,35900000
Nigeria,NGA,1995,38100000
Nigeria,NGA,1996,38300000
Nigeria,NGA,1997,38500000
Nigeria,NGA,1998,39350000
Nigeria,NGA,1999,40600000
Nigeria,NGA,2000,41000000
Nigeria,NGA,2001,39200000
Nigeria,NGA,2002,40300000
Nigeria,NGA,2003,41450000
Nigeria,NGA,2004,41500000
Nigeria,NGA,2005,42400000
Nigeria,NGA,2006,43000000
Nigeria,NGA,2007,43400000
Nigeria,NGA,2008,42400000
Nigeria,NGA,2009,38700000
Nigeria,NGA,2010,39700000
Nigeria,NGA,2011,40700000
Nigeria,NGA,2012,41700000
Nigeria,NGA,2013,40500000
Nigeria,NGA,2014,40500000
Nigeria,NGA,2015,40500000
Nigeria,NGA,2016,40500000
Nigeria,NGA,2017,40500000
Nigeria,NGA,2018,40500000
Nigeria,NGA,2019,40500000
Nigeria,NGA,2020,40500000
Nigeria,NGA,2021,40500000
Nigeria,NGA,2022,40500000
Nigeria,NGA,2023,40500000
North America,,-10000,0
North America,,-9000,0
North America,,-8000,0
North America,,-7000,0
North America,,-6000,0
North America,,-5000,0
North America,,-4000,0
North America,,-3000,0
North America,,-2000,1149878.8
North America,,-1000,1409384.4
North America,,0,2934829
North America,,100,3165004.2
North America,,200,3413886.2
North America,,300,3683141.2
North America,,400,3974624.8
North America,,500,4290373.5
North America,,600,4632674
North America,,700,5004025.5
North America,,800,5765536
North America,,900,7103735.5
North America,,1000,8833454
North America,,1100,9996978
North America,,1200,11265880
North America,,1300,12557752
North America,,1400,13963602
North America,,1500,15722925
North America,,1600,2627396.8
North America,,1700,4119588.2
North America,,1710,4943977.5
North America,,1720,5809188
North America,,1730,6729077.5
North America,,1740,7727547.5
North America,,1750,8834534
North America,,1760,9967502
North America,,1770,11219980
North America,,1780,12634736
North America,,1790,14246846
North America,,1800,17604988
North America,,1810,21860514
North America,,1820,27189962
North America,,1830,34325284
North America,,1840,43003388
North America,,1850,52043492
North America,,1860,71403150
North America,,1870,81813370
North America,,1880,117205944
North America,,1890,145593600
North America,,1900,166902740
North America,,1910,197813090
North America,,1920,215339000
North America,,1930,226827870
North America,,1940,227717890
North America,,1950,247942700
North America,,1951,248285700
North America,,1952,248636750
North America,,1953,248994990
North America,,1954,249359220
North America,,1955,249728290
North America,,1956,250101900
North America,,1957,250479330
North America,,1958,250860600
North America,,1959,251244430
North America,,1960,249897000
North America,,1961,250615680
North America,,1962,247366720
North America,,1963,250217660
North America,,1964,249047680
North America,,1965,248212770
North America,,1966,247081340
North America,,1967,246018400
North America,,1968,252766290
North America,,1969,261180240
North America,,1970,259947040
North America,,1971,259564910
North America,,1972,259395940
North America,,1973,259338020
North America,,1974,258775840
North America,,1975,259146910
North America,,1976,259575000
North America,,1977,260186910
North America,,1978,262931700
North America,,1979,263111820
North America,,1980,263648160
North America,,1981,264213470
North America,,1982,263770770
North America,,1983,264551970
North America,,1984,264797180
North America,,1985,265413440
North America,,1986,265658690
North America,,1987,264718600
North America,,1988,265183460
North America,,1989,266109660
North America,,1990,267050340
North America,,1991,268006980
North America,,1992,266674240
North America,,1993,265827260
North America,,1994,265149470
North America,,1995,265439000
North America,,1996,262531630
North America,,1997,261567330
North America,,1998,260858560
North America,,1999,259748830
North America,,2000,259442750
North America,,2001,260000600
North America,,2002,257438690
North America,,2003,255389700
North America,,2004,252484320
North America,,2005,249879460
North America,,2006,247233920
North America,,2007,244978320
North America,,2008,242209060
North America,,2009,239592770
North America,,2010,237133780
North America,,2011,234967150
North America,,2012,232486940
North America,,2013,232762290
North America,,2014,233021800
North America,,2015,235427900
North America,,2016,237750860
North America,,2017,239845140
North America,,2018,241443920
North America,,2019,243333490
North America,,2020,245222700
North America,,2021,247098580
North America,,2022,248988100
North America,,2023,250877620
North Korea,PRK,-10000,0
North Korea,PRK,-9000,0
North Korea,PRK,-8000,0
North Korea,PRK,-7000,0
North Korea,PRK,-6000,0
North Korea,PRK,-5000,0
North Korea,PRK,-4000,0
North Korea,PRK,-3000,0
North Korea,PRK,-2000,0
North Korea,PRK,-1000,65773.28
North Korea,PRK,0,71848.15
North Korea,PRK,100,90364.27
North Korea,PRK,200,113547.875
North Korea,PRK,300,142533.5
North Korea,PRK,400,178713.27
North Korea,PRK,500,223786.81
North Korea,PRK,600,279816.25
North Korea,PRK,700,349283.1
North Korea,PRK,800,435142.38
North Korea,PRK,900,475616.7
North Korea,PRK,1000,512035.56
North Korea,PRK,1100,593372.4
North Korea,PRK,1200,760909.25
North Korea,PRK,1300,546057
North Korea,PRK,1400,605458.9
North Korea,PRK,1500,651608.56
North Korea,PRK,1600,756920.4
North Korea,PRK,1700,861127.8
North Korea,PRK,1710,935471.3
North Korea,PRK,1720,973504.2
North Korea,PRK,1730,1012671.4
North Korea,PRK,1740,1052954.5
North Korea,PRK,1750,1094325.5
North Korea,PRK,1760,1136744.8
North Korea,PRK,1770,1180159.5
North Korea,PRK,1780,1224500.8
North Korea,PRK,1790,1269681.1
North Korea,PRK,1800,1315590.4
North Korea,PRK,1810,1362091.8
North Korea,PRK,1820,1409016.6
North Korea,PRK,1830,1407691.2
North Korea,PRK,1840,1387503.6
North Korea,PRK,1850,1365956.4
North Korea,PRK,1860,1342907.8
North Korea,PRK,1870,1318190.6
North Korea,PRK,1880,1290928.9
North Korea,PRK,1890,1268621.8
North Korea,PRK,1900,1243623.5
North Korea,PRK,1910,1215515
North Korea,PRK,1920,1532038.2
North Korea,PRK,1930,1764558.4
North Korea,PRK,1940,2020683.8
North Korea,PRK,1950,2296337.8
North Korea,PRK,1951,2217551.2
North Korea,PRK,1952,2161220
North Korea,PRK,1953,2128267.5
North Korea,PRK,1954,2118116.5
North Korea,PRK,1955,2128721.5
North Korea,PRK,1956,2156527.2
North Korea,PRK,1957,2196608.2
North Korea,PRK,1958,2243022
North Korea,PRK,1959,2289318.5
North Korea,PRK,1960,2330000
North Korea,PRK,1961,2330000
North Korea,PRK,1962,2330000
North Korea,PRK,1963,2330000
North Korea,PRK,1964,2330000
North Korea,PRK,1965,2330000
North Korea,PRK,1966,2330000
North Korea,PRK,1967,2330000
North Korea,PRK,1968,2330000
North Korea,PRK,1969,2330000
North Korea,PRK,1970,2330000
North Korea,PRK,1971,2330000
North Korea,PRK,1972,2330000
North Korea,PRK,1973,2380000
North Korea,PRK,1974,2380000
North Korea,PRK,1975,2380000
North Korea,PRK,1976,2380000
North Korea,PRK,1977,2380000
North Korea,PRK,1978,2380000
North Korea,PRK,1979,2380000
North Korea,PRK,1980,2465000
North Korea,PRK,1981,2465000
North Korea,PRK,1982,2465000
North Korea,PRK,1983,2465000
North Korea,PRK,1984,2465000
North Korea,PRK,1985,2465000
North Korea,PRK,1986,2465000
North Korea,PRK,1987,2465000
North Korea,PRK,1988,2465000
North Korea,PRK,1989,2465000
North Korea,PRK,1990,2468000
North Korea,PRK,1991,2480000
North Korea,PRK,1992,2480000
North Korea,PRK,1993,2500000
North Korea,PRK,1994,2600000
North Korea,PRK,1995,2600000
North Korea,PRK,1996,2500000
North Korea,PRK,1997,2500000
North Korea,PRK,1998,2500000
North Korea,PRK,1999,2500000
North Korea,PRK,2000,2500000
North Korea,PRK,2001,2500000
North Korea,PRK,2002,2500000
North Korea,PRK,2003,2500000
North Korea,PRK,2004,2500000
North Korea,PRK,2005,2550000
North Korea,PRK,2006,2550000
North Korea,PRK,2007,2550000
North Korea,PRK,2008,2600000
North Korea,PRK,2009,2620000
North Korea,PRK,2010,2630000
North Korea,PRK,2011,2580000
North Korea,PRK,2012,2580000
North Korea,PRK,2013,2580000
North Korea,PRK,2014,2580000
North Korea,PRK,2015,2580000
North Korea,PRK,2016,2580000
North Korea,PRK,2017,2580000
North Korea,PRK,2018,2580000
North Korea,PRK,2019,2580000
North Korea,PRK,2020,2580000
North Korea,PRK,2021,2580000
North Korea,PRK,2022,2580000
North Korea,PRK,2023,2580000
North Macedonia,MKD,-10000,0
North Macedonia,MKD,-9000,0
North Macedonia,MKD,-8000,0
North Macedonia,MKD,-7000,0
North Macedonia,MKD,-6000,0
North Macedonia,MKD,-5000,0
North Macedonia,MKD,-4000,7793.342
North Macedonia,MKD,-3000,38966.707
North Macedonia,MKD,-2000,60451.695
North Macedonia,MKD,-1000,91947.34
North Macedonia,MKD,0,135042.92
North Macedonia,MKD,100,134890.31
North Macedonia,MKD,200,134752.8
North Macedonia,MKD,300,134499.4
North Macedonia,MKD,400,134118.08
North Macedonia,MKD,500,133595
North Macedonia,MKD,600,132914.28
North Macedonia,MKD,700,132057.4
North Macedonia,MKD,800,131002.72
North Macedonia,MKD,900,129724.44
North Macedonia,MKD,1000,128191.6
North Macedonia,MKD,1100,131532.16
North Macedonia,MKD,1200,134170.77
North Macedonia,MKD,1300,136014.7
North Macedonia,MKD,1400,136944.06
North Macedonia,MKD,1500,136798.83
North Macedonia,MKD,1600,158395.56
North Macedonia,MKD,1700,148487.38
North Macedonia,MKD,1710,151878.77
North Macedonia,MKD,1720,155963.16
North Macedonia,MKD,1730,160130.72
North Macedonia,MKD,1740,164381.06
North Macedonia,MKD,1750,168713.42
North Macedonia,MKD,1760,173126.89
North Macedonia,MKD,1770,177620.17
North Macedonia,MKD,1780,182191.62
North Macedonia,MKD,1790,186839.28
North Macedonia,MKD,1800,191560.7
North Macedonia,MKD,1810,196353
North Macedonia,MKD,1820,212187.94
North Macedonia,MKD,1830,229236.67
North Macedonia,MKD,1840,247582.73
North Macedonia,MKD,1850,267314.03
North Macedonia,MKD,1860,288522.47
North Macedonia,MKD,1870,321032.1
North Macedonia,MKD,1880,357070.28
North Macedonia,MKD,1890,396993.97
North Macedonia,MKD,1900,441190.56
North Macedonia,MKD,1910,490079.2
North Macedonia,MKD,1920,527623.56
North Macedonia,MKD,1930,567735.1
North Macedonia,MKD,1940,610535.4
North Macedonia,MKD,1950,656139.6
North Macedonia,MKD,1951,673914.9
North Macedonia,MKD,1952,688818.5
North Macedonia,MKD,1953,701539.6
North Macedonia,MKD,1954,712672.2
North Macedonia,MKD,1955,722702.4
North Macedonia,MKD,1956,732016.7
North Macedonia,MKD,1957,740902.3
North Macedonia,MKD,1958,749540.6
North Macedonia,MKD,1959,758057.4
North Macedonia,MKD,1960,766537.1
North Macedonia,MKD,1961,766537.1
North Macedonia,MKD,1962,764799.56
North Macedonia,MKD,1963,763885.06
North Macedonia,MKD,1964,762970.56
North Macedonia,MKD,1965,759586.9
North Macedonia,MKD,1966,755928.9
North Macedonia,MKD,1967,756020.3
North Macedonia,MKD,1968,754099.9
North Macedonia,MKD,1969,753276.8
North Macedonia,MKD,1970,750350.4
North Macedonia,MKD,1971,747424
North Macedonia,MKD,1972,743491.6
North Macedonia,MKD,1973,739925.06
North Macedonia,MKD,1974,737638.75
North Macedonia,MKD,1975,734712.4
North Macedonia,MKD,1976,732060.3
North Macedonia,MKD,1977,726847.6
North Macedonia,MKD,1978,724927.2
North Macedonia,MKD,1979,722092.25
North Macedonia,MKD,1980,720994.8
North Macedonia,MKD,1981,719165.8
North Macedonia,MKD,1982,716879.56
North Macedonia,MKD,1983,714501.9
North Macedonia,MKD,1984,712215.56
North Macedonia,MKD,1985,711484
North Macedonia,MKD,1986,711209.6
North Macedonia,MKD,1987,710203.7
North Macedonia,MKD,1988,709655
North Macedonia,MKD,1989,709106.25
North Macedonia,MKD,1990,707643.06
North Macedonia,MKD,1991,697309.2
North Macedonia,MKD,1992,662000
North Macedonia,MKD,1993,663000
North Macedonia,MKD,1994,661000
North Macedonia,MKD,1995,656000
North Macedonia,MKD,1996,658000
North Macedonia,MKD,1997,647000
North Macedonia,MKD,1998,635000
North Macedonia,MKD,1999,633000
North Macedonia,MKD,2000,599000
North Macedonia,MKD,2001,612000
North Macedonia,MKD,2002,543000
North Macedonia,MKD,2003,515000
North Macedonia,MKD,2004,509000
North Macedonia,MKD,2005,487000
North Macedonia,MKD,2006,477000
North Macedonia,MKD,2007,467000
North Macedonia,MKD,2008,460000
North Macedonia,MKD,2009,455000
North Macedonia,MKD,2010,449000
North Macedonia,MKD,2011,449000
North Macedonia,MKD,2012,450000
North Macedonia,MKD,2013,450000
North Macedonia,MKD,2014,450000
North Macedonia,MKD,2015,453000
North Macedonia,MKD,2016,456000
North Macedonia,MKD,2017,457000
North Macedonia,MKD,2018,459200
North Macedonia,MKD,2019,461200
North Macedonia,MKD,2020,463200
North Macedonia,MKD,2021,465200
North Macedonia,MKD,2022,467200
North Macedonia,MKD,2023,469200
Norway,NOR,-10000,0
Norway,NOR,-9000,0
Norway,NOR,-8000,0
Norway,NOR,-7000,0
Norway,NOR,-6000,0
Norway,NOR,-5000,0
Norway,NOR,-4000,0
Norway,NOR,-3000,0
Norway,NOR,-2000,637.9577
Norway,NOR,-1000,4828.4165
Norway,NOR,0,57299.78
Norway,NOR,100,62389.934
Norway,NOR,200,67333.85
Norway,NOR,300,72120.78
Norway,NOR,400,76738.37
Norway,NOR,500,81172
Norway,NOR,600,85405.66
Norway,NOR,700,89418.65
Norway,NOR,800,93187.336
Norway,NOR,900,96682.6
Norway,NOR,1000,99868.16
Norway,NOR,1100,132052.62
Norway,NOR,1200,162463.66
Norway,NOR,1300,186164.17
Norway,NOR,1400,90292.83
Norway,NOR,1500,174253.39
Norway,NOR,1600,208522.14
Norway,NOR,1700,236652.38
Norway,NOR,1710,243564.75
Norway,NOR,1720,250623.47
Norway,NOR,1730,257825.53
Norway,NOR,1740,265167.12
Norway,NOR,1750,272643.12
Norway,NOR,1760,280247.16
Norway,NOR,1770,287971.38
Norway,NOR,1780,295806.03
Norway,NOR,1790,303739.28
Norway,NOR,1800,311756.84
Norway,NOR,1810,319841.34
Norway,NOR,1820,346114
Norway,NOR,1830,388405.72
Norway,NOR,1840,431333.44
Norway,NOR,1850,482503.28
Norway,NOR,1860,535683.4
Norway,NOR,1870,570903.44
Norway,NOR,1880,582038.8
Norway,NOR,1890,591515.8
Norway,NOR,1900,620164.1
Norway,NOR,1910,643687.8
Norway,NOR,1920,687977.56
Norway,NOR,1930,706707.94
Norway,NOR,1940,727137.2
Norway,NOR,1950,755826.44
Norway,NOR,1951,759564.6
Norway,NOR,1952,762844.44
Norway,NOR,1953,765795
Norway,NOR,1954,768510.75
Norway,NOR,1955,771059.6
Norway,NOR,1956,773473.75
Norway,NOR,1957,775758.6
Norway,NOR,1958,777891.5
Norway,NOR,1959,779832.4
Norway,NOR,1960,781542.56
Norway,NOR,1961,857000
Norway,NOR,1962,855000
Norway,NOR,1963,853000
Norway,NOR,1964,851000
Norway,NOR,1965,849000
Norway,NOR,1966,847000
Norway,NOR,1967,845000
Norway,NOR,1968,843000
Norway,NOR,1969,827000
Norway,NOR,1970,814000
Norway,NOR,1971,806000
Norway,NOR,1972,795000
Norway,NOR,1973,790000
Norway,NOR,1974,793000
Norway,NOR,1975,792000
Norway,NOR,1976,795000
Norway,NOR,1977,800000
Norway,NOR,1978,806000
Norway,NOR,1979,830000
Norway,NOR,1980,817000
Norway,NOR,1981,828000
Norway,NOR,1982,841000
Norway,NOR,1983,849000
Norway,NOR,1984,855000
Norway,NOR,1985,858000
Norway,NOR,1986,869000
Norway,NOR,1987,869000
Norway,NOR,1988,874000
Norway,NOR,1989,882000
Norway,NOR,1990,864000
Norway,NOR,1991,892000
Norway,NOR,1992,883000
Norway,NOR,1993,890000
Norway,NOR,1994,901000
Norway,NOR,1995,992000
Norway,NOR,1996,1000000
Norway,NOR,1997,902000
Norway,NOR,1998,903000
Norway,NOR,1999,887000
Norway,NOR,2000,884000
Norway,NOR,2001,886000
Norway,NOR,2002,883000
Norway,NOR,2003,876000
Norway,NOR,2004,874000
Norway,NOR,2005,867000
Norway,NOR,2006,863000
Norway,NOR,2007,857400
Norway,NOR,2008,849700
Norway,NOR,2009,839459.94
Norway,NOR,2010,830100
Norway,NOR,2011,822400
Norway,NOR,2012,816300
Norway,NOR,2013,810753.9
Norway,NOR,2014,811134.5
Norway,NOR,2015,810162.7
Norway,NOR,2016,808171
Norway,NOR,2017,804500
Norway,NOR,2018,804303
Norway,NOR,2019,802755.94
Norway,NOR,2020,801208.8
Norway,NOR,2021,799661.6
Norway,NOR,2022,798114.5
Norway,NOR,2023,796567.4
Oceania,,-10000,0
Oceania,,-9000,0
Oceania,,-8000,0
Oceania,,-7000,0
Oceania,,-6000,0
Oceania,,-5000,0
Oceania,,-4000,54929.96
Oceania,,-3000,247169.97
Oceania,,-2000,344036.16
Oceania,,-1000,474933.88
Oceania,,0,621313
Oceania,,100,640173.1
Oceania,,200,659000.75
Oceania,,300,677709.6
Oceania,,400,696153.56
Oceania,,500,714179.44
Oceania,,600,731591.6
Oceania,,700,748152.5
Oceania,,800,763580.06
Oceania,,900,777513.44
Oceania,,1000,789503.2
Oceania,,1100,798958.94
Oceania,,1200,805205.3
Oceania,,1300,808669.3
Oceania,,1400,806310.4
Oceania,,1500,796967.6
Oceania,,1600,777535.5
Oceania,,1700,742450.75
Oceania,,1710,738498.25
Oceania,,1720,734529.8
Oceania,,1730,730529.44
Oceania,,1740,726523.6
Oceania,,1750,722546.9
Oceania,,1760,718644.06
Oceania,,1770,714872
Oceania,,1780,711303.3
Oceania,,1790,716961.9
Oceania,,1800,722304.06
Oceania,,1810,727667.56
Oceania,,1820,732487.3
Oceania,,1830,743746.44
Oceania,,1840,774185.1
Oceania,,1850,895974.3
Oceania,,1860,1174929
Oceania,,1870,1633547.5
Oceania,,1880,2671889.2
Oceania,,1890,3170015.8
Oceania,,1900,4729802
Oceania,,1910,5415650
Oceania,,1920,5019661.5
Oceania,,1930,7352718.5
Oceania,,1940,5824073.5
Oceania,,1950,4623830
Oceania,,1951,5869176.5
Oceania,,1952,7121733.5
Oceania,,1953,8378534.5
Oceania,,1954,9637353
Oceania,,1955,10896615
Oceania,,1956,12155701
Oceania,,1957,13414700
Oceania,,1958,14674497
Oceania,,1959,15936431
Oceania,,1960,17201756
Oceania,,1961,18375376
Oceania,,1962,19515248
Oceania,,1963,19381936
Oceania,,1964,20302154
Oceania,,1965,21343942
Oceania,,1966,22802274
Oceania,,1967,23335344
Oceania,,1968,25489182
Oceania,,1969,23744166
Oceania,,1970,22626628
Oceania,,1971,21004986
Oceania,,1972,21195986
Oceania,,1973,19038986
Oceania,,1974,18876986
Oceania,,1975,17619988
Oceania,,1976,18476988
Oceania,,1977,18839988
Oceania,,1978,20622988
Oceania,,1979,21238492
Oceania,,1980,21714992
Oceania,,1981,22116994
Oceania,,1982,23326996
Oceania,,1983,23186594
Oceania,,1984,25672994
Oceania,,1985,24896996
Oceania,,1986,24692394
Oceania,,1987,23655694
Oceania,,1988,22180998
Oceania,,1989,21530188
Oceania,,1990,21088986
Oceania,,1991,21059990
Oceania,,1992,19808190
Oceania,,1993,20557190
Oceania,,1994,21081184
Oceania,,1995,19990480
Oceania,,1996,22351996
Oceania,,1997,24074984
Oceania,,1998,24542684
Oceania,,1999,26225078
Oceania,,2000,26685796
Oceania,,2001,27449496
Oceania,,2002,25960096
Oceania,,2003,25419636
Oceania,,2004,27941580
Oceania,,2005,28624584
Oceania,,2006,26437784
Oceania,,2007,25439888
Oceania,,2008,26457394
Oceania,,2009,29616996
Oceania,,2010,28105500
Oceania,,2011,34187200
Oceania,,2012,34142300
Oceania,,2013,33798100
Oceania,,2014,34533140
Oceania,,2015,33639140
Oceania,,2016,32592140
Oceania,,2017,33288140
Oceania,,2018,32681856
Oceania,,2019,32385764
Oceania,,2020,32089672
Oceania,,2021,31793580
Oceania,,2022,31497434
Oceania,,2023,31201112
Oman,OMN,-10000,0
Oman,OMN,-9000,0
Oman,OMN,-8000,0
Oman,OMN,-7000,0
Oman,OMN,-6000,0
Oman,OMN,-5000,0
Oman,OMN,-4000,0
Oman,OMN,-3000,0
Oman,OMN,-2000,93775.36
Oman,OMN,-1000,127658.64
Oman,OMN,0,166906.2
Oman,OMN,100,169674.36
Oman,OMN,200,172322.12
Oman,OMN,300,174822.77
Oman,OMN,400,177145
Oman,OMN,500,179251.98
Oman,OMN,600,181100.05
Oman,OMN,700,182636.98
Oman,OMN,800,183799.69
Oman,OMN,900,178360.64
Oman,OMN,1000,172567.73
Oman,OMN,1100,166357.36
Oman,OMN,1200,159644.67
Oman,OMN,1300,152315.22
Oman,OMN,1400,144202.55
Oman,OMN,1500,135057.17
Oman,OMN,1600,146252.66
Oman,OMN,1700,150781.78
Oman,OMN,1710,151031.1
Oman,OMN,1720,151168.11
Oman,OMN,1730,151186.64
Oman,OMN,1740,151079.72
Oman,OMN,1750,150839.67
Oman,OMN,1760,150457.89
Oman,OMN,1770,149924.61
Oman,OMN,1780,149228.83
Oman,OMN,1790,148357.89
Oman,OMN,1800,147297.34
Oman,OMN,1810,146030.28
Oman,OMN,1820,144536.95
Oman,OMN,1830,144931.69
Oman,OMN,1840,145278.19
Oman,OMN,1850,145289.78
Oman,OMN,1860,144902.77
Oman,OMN,1870,144037.14
Oman,OMN,1880,142382.77
Oman,OMN,1890,143384.22
Oman,OMN,1900,143414.45
Oman,OMN,1910,142121.06
Oman,OMN,1920,132875.7
Oman,OMN,1930,122072.96
Oman,OMN,1940,107942.79
Oman,OMN,1950,87076.445
Oman,OMN,1951,85261.4
Oman,OMN,1952,83378.64
Oman,OMN,1953,81298.92
Oman,OMN,1954,78887.37
Oman,OMN,1955,75987.2
Oman,OMN,1956,72396.64
Oman,OMN,1957,67795.91
Oman,OMN,1958,61618.38
Oman,OMN,1959,52533.105
Oman,OMN,1960,35000
Oman,OMN,1961,35000
Oman,OMN,1962,35000
Oman,OMN,1963,35000
Oman,OMN,1964,36000
Oman,OMN,1965,36000
Oman,OMN,1966,36000
Oman,OMN,1967,38000
Oman,OMN,1968,40000
Oman,OMN,1969,40000
Oman,OMN,1970,42000
Oman,OMN,1971,42000
Oman,OMN,1972,44000
Oman,OMN,1973,45000
Oman,OMN,1974,46000
Oman,OMN,1975,47000
Oman,OMN,1976,48000
Oman,OMN,1977,49000
Oman,OMN,1978,51000
Oman,OMN,1979,51000
Oman,OMN,1980,51000
Oman,OMN,1981,51000
Oman,OMN,1982,51000
Oman,OMN,1983,55000
Oman,OMN,1984,59000
Oman,OMN,1985,61000
Oman,OMN,1986,67000
Oman,OMN,1987,70000
Oman,OMN,1988,73000
Oman,OMN,1989,77000
Oman,OMN,1990,80000
Oman,OMN,1991,80000
Oman,OMN,1992,83000
Oman,OMN,1993,72000
Oman,OMN,1994,72000
Oman,OMN,1995,71000
Oman,OMN,1996,71000
Oman,OMN,1997,70000
Oman,OMN,1998,71000
Oman,OMN,1999,71000
Oman,OMN,2000,73000
Oman,OMN,2001,73600
Oman,OMN,2002,73400
Oman,OMN,2003,73000
Oman,OMN,2004,72000
Oman,OMN,2005,65000
Oman,OMN,2006,63000
Oman,OMN,2007,65000
Oman,OMN,2008,67000
Oman,OMN,2009,74000
Oman,OMN,2010,72600
Oman,OMN,2011,76000
Oman,OMN,2012,72800
Oman,OMN,2013,68500
Oman,OMN,2014,68800
Oman,OMN,2015,83000
Oman,OMN,2016,85000
Oman,OMN,2017,100920
Oman,OMN,2018,105556.01
Oman,OMN,2019,113660
Oman,OMN,2020,121764
Oman,OMN,2021,129868.01
Oman,OMN,2022,137972
Oman,OMN,2023,146076
Pakistan,PAK,-10000,0
Pakistan,PAK,-9000,0
Pakistan,PAK,-8000,0
Pakistan,PAK,-7000,0
Pakistan,PAK,-6000,0
Pakistan,PAK,-5000,0
Pakistan,PAK,-4000,0
Pakistan,PAK,-3000,0
Pakistan,PAK,-2000,1310113.1
Pakistan,PAK,-1000,2693457.2
Pakistan,PAK,0,4140872.8
Pakistan,PAK,100,4400218.5
Pakistan,PAK,200,4651318.5
Pakistan,PAK,300,4952510.5
Pakistan,PAK,400,5242711.5
Pakistan,PAK,500,5520983
Pakistan,PAK,600,5786227
Pakistan,PAK,700,6316629
Pakistan,PAK,800,6822349
Pakistan,PAK,900,7516876.5
Pakistan,PAK,1000,8172343
Pakistan,PAK,1100,8315604.5
Pakistan,PAK,1200,8428994
Pakistan,PAK,1300,8209879.5
Pakistan,PAK,1400,9020052
Pakistan,PAK,1500,9258507
Pakistan,PAK,1600,11522470
Pakistan,PAK,1700,13411175
Pakistan,PAK,1710,13460186
Pakistan,PAK,1720,13642206
Pakistan,PAK,1730,13823406
Pakistan,PAK,1740,14003448
Pakistan,PAK,1750,14181955
Pakistan,PAK,1760,14358500
Pakistan,PAK,1770,14532602
Pakistan,PAK,1780,14703722
Pakistan,PAK,1790,14871250
Pakistan,PAK,1800,15034491
Pakistan,PAK,1810,15192652
Pakistan,PAK,1820,15344825
Pakistan,PAK,1830,15489964
Pakistan,PAK,1840,15626856
Pakistan,PAK,1850,15754088
Pakistan,PAK,1860,15869991
Pakistan,PAK,1870,15972594
Pakistan,PAK,1880,16059522
Pakistan,PAK,1890,16127895
Pakistan,PAK,1900,16174162
Pakistan,PAK,1910,16193870
Pakistan,PAK,1920,16843982
Pakistan,PAK,1930,18218684
Pakistan,PAK,1940,20107346
Pakistan,PAK,1950,25719340
Pakistan,PAK,1951,25967904
Pakistan,PAK,1952,26263862
Pakistan,PAK,1953,26603910
Pakistan,PAK,1954,26985266
Pakistan,PAK,1955,27405562
Pakistan,PAK,1956,27862928
Pakistan,PAK,1957,28355954
Pakistan,PAK,1958,28883632
Pakistan,PAK,1959,29445246
Pakistan,PAK,1960,30040106
Pakistan,PAK,1961,30729968
Pakistan,PAK,1962,30839968
Pakistan,PAK,1963,30879966
Pakistan,PAK,1964,31354954
Pakistan,PAK,1965,32234118
Pakistan,PAK,1966,32413024
Pakistan,PAK,1967,32467510
Pakistan,PAK,1968,32169396
Pakistan,PAK,1969,30699972
Pakistan,PAK,1970,30864968
Pakistan,PAK,1971,30484966
Pakistan,PAK,1972,30504962
Pakistan,PAK,1973,31399938
Pakistan,PAK,1974,30739972
Pakistan,PAK,1975,31034950
Pakistan,PAK,1976,30711972
Pakistan,PAK,1977,30912950
Pakistan,PAK,1978,31416944
Pakistan,PAK,1979,31336946
Pakistan,PAK,1980,32413012
Pakistan,PAK,1981,31503922
Pakistan,PAK,1982,33497518
Pakistan,PAK,1983,31408934
Pakistan,PAK,1984,32494446
Pakistan,PAK,1985,32117484
Pakistan,PAK,1986,30570978
Pakistan,PAK,1987,31670912
Pakistan,PAK,1988,30346968
Pakistan,PAK,1989,30859960
Pakistan,PAK,1990,30205968
Pakistan,PAK,1991,30269972
Pakistan,PAK,1992,30379968
Pakistan,PAK,1993,30749960
Pakistan,PAK,1994,30789966
Pakistan,PAK,1995,31025954
Pakistan,PAK,1996,31171968
Pakistan,PAK,1997,31668950
Pakistan,PAK,1998,31759934
Pakistan,PAK,1999,31755910
Pakistan,PAK,2000,31697938
Pakistan,PAK,2001,31971876
Pakistan,PAK,2002,31883896
Pakistan,PAK,2003,31841832
Pakistan,PAK,2004,31044954
Pakistan,PAK,2005,30964960
Pakistan,PAK,2006,31134946
Pakistan,PAK,2007,31012946
Pakistan,PAK,2008,30312978
Pakistan,PAK,2009,30276982
Pakistan,PAK,2010,30241962
Pakistan,PAK,2011,30935918
Pakistan,PAK,2012,31062916
Pakistan,PAK,2013,31279918
Pakistan,PAK,2014,31251896
Pakistan,PAK,2015,31201900
Pakistan,PAK,2016,31793938
Pakistan,PAK,2017,32002932
Pakistan,PAK,2018,32102518
Pakistan,PAK,2019,32301116
Pakistan,PAK,2020,32497266
Pakistan,PAK,2021,32694796
Pakistan,PAK,2022,32889706
Pakistan,PAK,2023,33096382
Panama,PAN,-10000,0
Panama,PAN,-9000,0
Panama,PAN,-8000,0
Panama,PAN,-7000,0
Panama,PAN,-6000,0
Panama,PAN,-5000,0
Panama,PAN,-4000,0
Panama,PAN,-3000,0
Panama,PAN,-2000,0
Panama,PAN,-1000,0
Panama,PAN,0,45492.75
Panama,PAN,100,49750.344
Panama,PAN,200,54363.094
Panama,PAN,300,59351.27
Panama,PAN,400,64733.79
Panama,PAN,500,70527.27
Panama,PAN,600,76744.766
Panama,PAN,700,83393.93
Panama,PAN,800,90474.77
Panama,PAN,900,97976.266
Panama,PAN,1000,105871.92
Panama,PAN,1100,114113.44
Panama,PAN,1200,122621.62
Panama,PAN,1300,131272.9
Panama,PAN,1400,139879.1
Panama,PAN,1500,148154.55
Panama,PAN,1600,70047.6
Panama,PAN,1700,32745.887
Panama,PAN,1710,34210.57
Panama,PAN,1720,35734.535
Panama,PAN,1730,37319.58
Panama,PAN,1740,38967.46
Panama,PAN,1750,40679.934
Panama,PAN,1760,42458.7
Panama,PAN,1770,44305.387
Panama,PAN,1780,46221.574
Panama,PAN,1790,48208.72
Panama,PAN,1800,50268.164
Panama,PAN,1810,52401.105
Panama,PAN,1820,57981.42
Panama,PAN,1830,64136.035
Panama,PAN,1840,70920.46
Panama,PAN,1850,78394.87
Panama,PAN,1860,89275.41
Panama,PAN,1870,99858.77
Panama,PAN,1880,108297.78
Panama,PAN,1890,124751.98
Panama,PAN,1900,143633.78
Panama,PAN,1910,181709
Panama,PAN,1920,219128.39
Panama,PAN,1930,249955.34
Panama,PAN,1940,332698.22
Panama,PAN,1950,435445.6
Panama,PAN,1951,445674.4
Panama,PAN,1952,456548.44
Panama,PAN,1953,468027.2
Panama,PAN,1954,480079.97
Panama,PAN,1955,492692.2
Panama,PAN,1956,505848.5
Panama,PAN,1957,519552.94
Panama,PAN,1958,533801.2
Panama,PAN,1959,548617.06
Panama,PAN,1960,564000
Panama,PAN,1961,564000
Panama,PAN,1962,564000
Panama,PAN,1963,564000
Panama,PAN,1964,558000
Panama,PAN,1965,558000
Panama,PAN,1966,558000
Panama,PAN,1967,549000
Panama,PAN,1968,549000
Panama,PAN,1969,547000
Panama,PAN,1970,543000
Panama,PAN,1971,543000
Panama,PAN,1972,543000
Panama,PAN,1973,543000
Panama,PAN,1974,545000
Panama,PAN,1975,546000
Panama,PAN,1976,547000
Panama,PAN,1977,549000
Panama,PAN,1978,550000
Panama,PAN,1979,552000
Panama,PAN,1980,555000
Panama,PAN,1981,562000
Panama,PAN,1982,574000
Panama,PAN,1983,581000
Panama,PAN,1984,586000
Panama,PAN,1985,595000
Panama,PAN,1986,605000
Panama,PAN,1987,615000
Panama,PAN,1988,625000
Panama,PAN,1989,640000
Panama,PAN,1990,654000
Panama,PAN,1991,654000
Panama,PAN,1992,660000
Panama,PAN,1993,660000
Panama,PAN,1994,665000
Panama,PAN,1995,655000
Panama,PAN,1996,655000
Panama,PAN,1997,663000
Panama,PAN,1998,672000
Panama,PAN,1999,680000
Panama,PAN,2000,695000
Panama,PAN,2001,708000
Panama,PAN,2002,708000
Panama,PAN,2003,708000
Panama,PAN,2004,708000
Panama,PAN,2005,708000
Panama,PAN,2006,705000
Panama,PAN,2007,715000
Panama,PAN,2008,715000
Panama,PAN,2009,720000
Panama,PAN,2010,757390
Panama,PAN,2011,754000
Panama,PAN,2012,750000
Panama,PAN,2013,750000
Panama,PAN,2014,750000
Panama,PAN,2015,750000
Panama,PAN,2016,750000
Panama,PAN,2017,750000
Panama,PAN,2018,750000
Panama,PAN,2019,750000
Panama,PAN,2020,750000
Panama,PAN,2021,750000
Panama,PAN,2022,750000
Panama,PAN,2023,750000
Papua New Guinea,PNG,-10000,0
Papua New Guinea,PNG,-9000,0
Papua New Guinea,PNG,-8000,0
Papua New Guinea,PNG,-7000,0
Papua New Guinea,PNG,-6000,0
Papua New Guinea,PNG,-5000,0
Papua New Guinea,PNG,-4000,54929.96
Papua New Guinea,PNG,-3000,247169.97
Papua New Guinea,PNG,-2000,344036.16
Papua New Guinea,PNG,-1000,468534.88
Papua New Guinea,PNG,0,613043.7
Papua New Guinea,PNG,100,631205.2
Papua New Guinea,PNG,200,649279.94
Papua New Guinea,PNG,300,667167.1
Papua New Guinea,PNG,400,684736.25
Papua New Guinea,PNG,500,701809.94
Papua New Guinea,PNG,600,718211.1
Papua New Guinea,PNG,700,733690.44
Papua New Guinea,PNG,800,747963.8
Papua New Guinea,PNG,900,760667.94
Papua New Guinea,PNG,1000,771352.9
Papua New Guinea,PNG,1100,779428.7
Papua New Guinea,PNG,1200,784138.4
Papua New Guinea,PNG,1300,784463.7
Papua New Guinea,PNG,1400,778989.6
Papua New Guinea,PNG,1500,765650.1
Papua New Guinea,PNG,1600,741290.94
Papua New Guinea,PNG,1700,700117.25
Papua New Guinea,PNG,1710,693811.25
Papua New Guinea,PNG,1720,687233.4
Papua New Guinea,PNG,1730,680366.3
Papua New Guinea,PNG,1740,673191
Papua New Guinea,PNG,1750,665686.06
Papua New Guinea,PNG,1760,657827.8
Papua New Guinea,PNG,1770,649589.3
Papua New Guinea,PNG,1780,640940.5
Papua New Guinea,PNG,1790,631847.06
Papua New Guinea,PNG,1800,622269.6
Papua New Guinea,PNG,1810,612162.94
Papua New Guinea,PNG,1820,601474.4
Papua New Guinea,PNG,1830,590142.06
Papua New Guinea,PNG,1840,578092.75
Papua New Guinea,PNG,1850,565238.4
Papua New Guinea,PNG,1860,551471.7
Papua New Guinea,PNG,1870,535943.06
Papua New Guinea,PNG,1880,519245.7
Papua New Guinea,PNG,1890,501169
Papua New Guinea,PNG,1900,481433
Papua New Guinea,PNG,1910,459652.06
Papua New Guinea,PNG,1920,461550.44
Papua New Guinea,PNG,1930,458124.03
Papua New Guinea,PNG,1940,446804.5
Papua New Guinea,PNG,1950,422923.8
Papua New Guinea,PNG,1951,424058.1
Papua New Guinea,PNG,1952,424941.84
Papua New Guinea,PNG,1953,425651.3
Papua New Guinea,PNG,1954,426223.44
Papua New Guinea,PNG,1955,426663.34
Papua New Guinea,PNG,1956,426946.25
Papua New Guinea,PNG,1957,427016.75
Papua New Guinea,PNG,1958,426784.28
Papua New Guinea,PNG,1959,426148.94
Papua New Guinea,PNG,1960,425000
Papua New Guinea,PNG,1961,425000
Papua New Guinea,PNG,1962,425000
Papua New Guinea,PNG,1963,425000
Papua New Guinea,PNG,1964,435000
Papua New Guinea,PNG,1965,435000
Papua New Guinea,PNG,1966,440000
Papua New Guinea,PNG,1967,485000
Papua New Guinea,PNG,1968,505000
Papua New Guinea,PNG,1969,531000
Papua New Guinea,PNG,1970,552000
Papua New Guinea,PNG,1971,568000
Papua New Guinea,PNG,1972,579000
Papua New Guinea,PNG,1973,590000
Papua New Guinea,PNG,1974,596000
Papua New Guinea,PNG,1975,607000
Papua New Guinea,PNG,1976,618000
Papua New Guinea,PNG,1977,629000
Papua New Guinea,PNG,1978,650000
Papua New Guinea,PNG,1979,660000
Papua New Guinea,PNG,1980,662000
Papua New Guinea,PNG,1981,667000
Papua New Guinea,PNG,1982,670000
Papua New Guinea,PNG,1983,674000
Papua New Guinea,PNG,1984,680000
Papua New Guinea,PNG,1985,703000
Papua New Guinea,PNG,1986,715000
Papua New Guinea,PNG,1987,726000
Papua New Guinea,PNG,1988,738000
Papua New Guinea,PNG,1989,740000
Papua New Guinea,PNG,1990,742000
Papua New Guinea,PNG,1991,742000
Papua New Guinea,PNG,1992,742000
Papua New Guinea,PNG,1993,743000
Papua New Guinea,PNG,1994,743000
Papua New Guinea,PNG,1995,774000
Papua New Guinea,PNG,1996,785000
Papua New Guinea,PNG,1997,787000
Papua New Guinea,PNG,1998,799000
Papua New Guinea,PNG,1999,813000
Papua New Guinea,PNG,2000,825000
Papua New Guinea,PNG,2001,830000
Papua New Guinea,PNG,2002,820000
Papua New Guinea,PNG,2003,825000
Papua New Guinea,PNG,2004,830000
Papua New Guinea,PNG,2005,840000
Papua New Guinea,PNG,2006,850000
Papua New Guinea,PNG,2007,850000
Papua New Guinea,PNG,2008,1000000
Papua New Guinea,PNG,2009,1000000
Papua New Guinea,PNG,2010,1000000
Papua New Guinea,PNG,2011,1000000
Papua New Guinea,PNG,2012,1000000
Papua New Guinea,PNG,2013,1000000
Papua New Guinea,PNG,2014,1000000
Papua New Guinea,PNG,2015,1000000
Papua New Guinea,PNG,2016,1000000
Papua New Guinea,PNG,2017,1000000
Papua New Guinea,PNG,2018,1000000
Papua New Guinea,PNG,2019,1000000
Papua New Guinea,PNG,2020,1000000
Papua New Guinea,PNG,2021,1000000
Papua New Guinea,PNG,2022,1000000
Papua New Guinea,PNG,2023,1000000
Paraguay,PRY,-10000,0
Paraguay,PRY,-9000,0
Paraguay,PRY,-8000,0
Paraguay,PRY,-7000,0
Paraguay,PRY,-6000,0
Paraguay,PRY,-5000,0
Paraguay,PRY,-4000,0
Paraguay,PRY,-3000,0
Paraguay,PRY,-2000,0
Paraguay,PRY,-1000,0
Paraguay,PRY,0,2138.4753
Paraguay,PRY,100,2596.2595
Paraguay,PRY,200,3152.8037
Paraguay,PRY,300,3829.604
Paraguay,PRY,400,4652.8813
Paraguay,PRY,500,5654.6323
Paraguay,PRY,600,6873.9146
Paraguay,PRY,700,8358.421
Paraguay,PRY,800,10166.412
Paraguay,PRY,900,10763.993
Paraguay,PRY,1000,11364.816
Paraguay,PRY,1100,13678.689
Paraguay,PRY,1200,16005.914
Paraguay,PRY,1300,18346.377
Paraguay,PRY,1400,20699.959
Paraguay,PRY,1500,23066.549
Paraguay,PRY,1600,23132.764
Paraguay,PRY,1700,45645.59
Paraguay,PRY,1710,53827.094
Paraguay,PRY,1720,64113.66
Paraguay,PRY,1730,77119.06
Paraguay,PRY,1740,93632.46
Paraguay,PRY,1750,114667.69
Paraguay,PRY,1760,118976.17
Paraguay,PRY,1770,123254.36
Paraguay,PRY,1780,127500.516
Paraguay,PRY,1790,131712.69
Paraguay,PRY,1800,135888.64
Paraguay,PRY,1810,153576.73
Paraguay,PRY,1820,171144.14
Paraguay,PRY,1830,188582.34
Paraguay,PRY,1840,205881.39
Paraguay,PRY,1850,223029.55
Paraguay,PRY,1860,231123.25
Paraguay,PRY,1870,239101.92
Paraguay,PRY,1880,246950.6
Paraguay,PRY,1890,254649.53
Paraguay,PRY,1900,262172.25
Paraguay,PRY,1910,336698.8
Paraguay,PRY,1920,410154.5
Paraguay,PRY,1930,482259.1
Paraguay,PRY,1940,552494
Paraguay,PRY,1950,619576.9
Paraguay,PRY,1951,634968.06
Paraguay,PRY,1952,650450.5
Paraguay,PRY,1953,666118.25
Paraguay,PRY,1954,682029.25
Paraguay,PRY,1955,698221
Paraguay,PRY,1956,714694.9
Paraguay,PRY,1957,731393.6
Paraguay,PRY,1958,748156.2
Paraguay,PRY,1959,764522
Paraguay,PRY,1960,776753.7
Paraguay,PRY,1961,811000
Paraguay,PRY,1962,822000
Paraguay,PRY,1963,840000
Paraguay,PRY,1964,872000
Paraguay,PRY,1965,895000
Paraguay,PRY,1966,920000
Paraguay,PRY,1967,921000
Paraguay,PRY,1968,917000
Paraguay,PRY,1969,917000
Paraguay,PRY,1970,917000
Paraguay,PRY,1971,918000
Paraguay,PRY,1972,918000
Paraguay,PRY,1973,917000
Paraguay,PRY,1974,1033000
Paraguay,PRY,1975,1154000
Paraguay,PRY,1976,1274000
Paraguay,PRY,1977,1384000
Paraguay,PRY,1978,1505000
Paraguay,PRY,1979,1615000
Paraguay,PRY,1980,1735000
Paraguay,PRY,1981,1857000
Paraguay,PRY,1982,1893000
Paraguay,PRY,1983,1930000
Paraguay,PRY,1984,1967000
Paraguay,PRY,1985,2004000
Paraguay,PRY,1986,2051000
Paraguay,PRY,1987,2088000
Paraguay,PRY,1988,2125000
Paraguay,PRY,1989,2162000
Paraguay,PRY,1990,2199000
Paraguay,PRY,1991,2235000
Paraguay,PRY,1992,2385000
Paraguay,PRY,1993,2385000
Paraguay,PRY,1994,2535000
Paraguay,PRY,1995,2685000
Paraguay,PRY,1996,2685000
Paraguay,PRY,1997,2685000
Paraguay,PRY,1998,2936000
Paraguay,PRY,1999,3037000
Paraguay,PRY,2000,3110000
Paraguay,PRY,2001,3200000
Paraguay,PRY,2002,3308000
Paraguay,PRY,2003,3380000
Paraguay,PRY,2004,3470000
Paraguay,PRY,2005,3560000
Paraguay,PRY,2006,3650000
Paraguay,PRY,2007,3740000
Paraguay,PRY,2008,3837000
Paraguay,PRY,2009,4100000
Paraguay,PRY,2010,4230000
Paraguay,PRY,2011,4390000
Paraguay,PRY,2012,4638000
Paraguay,PRY,2013,4811000
Paraguay,PRY,2014,4955000
Paraguay,PRY,2015,5169000
Paraguay,PRY,2016,4960000
Paraguay,PRY,2017,4949000
Paraguay,PRY,2018,5053100
Paraguay,PRY,2019,5081200
Paraguay,PRY,2020,5109300
Paraguay,PRY,2021,5137400
Paraguay,PRY,2022,5165500
Paraguay,PRY,2023,5193600
Peru,PER,-10000,0
Peru,PER,-9000,0
Peru,PER,-8000,0
Peru,PER,-7000,0
Peru,PER,-6000,0
Peru,PER,-5000,0
Peru,PER,-4000,0
Peru,PER,-3000,0
Peru,PER,-2000,371858.3
Peru,PER,-1000,435955.22
Peru,PER,0,481456.3
Peru,PER,100,505626.28
Peru,PER,200,530822.9
Peru,PER,300,557063.06
Peru,PER,400,584358.5
Peru,PER,500,612714.6
Peru,PER,600,642128.44
Peru,PER,700,672586.75
Peru,PER,800,704061.94
Peru,PER,900,781279.7
Peru,PER,1000,855608.8
Peru,PER,1100,898742.4
Peru,PER,1200,939413.56
Peru,PER,1300,977368.4
Peru,PER,1400,1012280.06
Peru,PER,1500,1043709.5
Peru,PER,1600,331509.53
Peru,PER,1700,372822.22
Peru,PER,1710,367755.75
Peru,PER,1720,362741.3
Peru,PER,1730,357777.84
Peru,PER,1740,352864.25
Peru,PER,1750,347999.34
Peru,PER,1760,343181.84
Peru,PER,1770,338410.5
Peru,PER,1780,333683.94
Peru,PER,1790,329000.62
Peru,PER,1800,324359.06
Peru,PER,1810,319757.38
Peru,PER,1820,315193.7
Peru,PER,1830,365335.22
Peru,PER,1840,415982.47
Peru,PER,1850,473596.62
Peru,PER,1860,542608.06
Peru,PER,1870,610979.44
Peru,PER,1880,724968.5
Peru,PER,1890,976874.5
Peru,PER,1900,1164900.1
Peru,PER,1910,1263332.5
Peru,PER,1920,1364256.9
Peru,PER,1930,1469833.2
Peru,PER,1940,1586328.9
Peru,PER,1950,1581012.2
Peru,PER,1951,1609273
Peru,PER,1952,1639111.4
Peru,PER,1953,1670186.5
Peru,PER,1954,1702250.4
Peru,PER,1955,1735135.8
Peru,PER,1956,1768749.4
Peru,PER,1957,1803045.9
Peru,PER,1958,1837973
Peru,PER,1959,1873372.6
Peru,PER,1960,1908705.9
Peru,PER,1961,1956000
Peru,PER,1962,2099000
Peru,PER,1963,2380000
Peru,PER,1964,2618000
Peru,PER,1965,2700000
Peru,PER,1966,2625000
Peru,PER,1967,2634000
Peru,PER,1968,2680000
Peru,PER,1969,2719000
Peru,PER,1970,2813000
Peru,PER,1971,2822000
Peru,PER,1972,3143000
Peru,PER,1973,3190000
Peru,PER,1974,3190000
Peru,PER,1975,3200000
Peru,PER,1976,3290000
Peru,PER,1977,3413000
Peru,PER,1978,3465000
Peru,PER,1979,3501000
Peru,PER,1980,3550000
Peru,PER,1981,3575000
Peru,PER,1982,3625000
Peru,PER,1983,3673000
Peru,PER,1984,3724000
Peru,PER,1985,3736000
Peru,PER,1986,3765000
Peru,PER,1987,3790000
Peru,PER,1988,3800000
Peru,PER,1989,3810000
Peru,PER,1990,3920000
Peru,PER,1991,3980000
Peru,PER,1992,4040000
Peru,PER,1993,4050000
Peru,PER,1994,4333900
Peru,PER,1995,4502000
Peru,PER,1996,4652000
Peru,PER,1997,4782000
Peru,PER,1998,4967000
Peru,PER,1999,5107000
Peru,PER,2000,5322000
Peru,PER,2001,5222000
Peru,PER,2002,4787000
Peru,PER,2003,4837000
Peru,PER,2004,4772000
Peru,PER,2005,5020000
Peru,PER,2006,5113000
Peru,PER,2007,5186000
Peru,PER,2008,5250000
Peru,PER,2009,5398000
Peru,PER,2010,5392000
Peru,PER,2011,5390000
Peru,PER,2012,5535000
Peru,PER,2013,5574000
Peru,PER,2014,4979000
Peru,PER,2015,4534000
Peru,PER,2016,4887000
Peru,PER,2017,4867000
Peru,PER,2018,4516400
Peru,PER,2019,4365800
Peru,PER,2020,4215200
Peru,PER,2021,4064600
Peru,PER,2022,3914000
Peru,PER,2023,3763400
Philippines,PHL,-10000,0
Philippines,PHL,-9000,0
Philippines,PHL,-8000,0
Philippines,PHL,-7000,0
Philippines,PHL,-6000,0
Philippines,PHL,-5000,0
Philippines,PHL,-4000,0
Philippines,PHL,-3000,0
Philippines,PHL,-2000,0
Philippines,PHL,-1000,34558.957
Philippines,PHL,0,40664.094
Philippines,PHL,100,40630.75
Philippines,PHL,200,40601.977
Philippines,PHL,300,40577.156
Philippines,PHL,400,40555.746
Philippines,PHL,500,40537.293
Philippines,PHL,600,40521.383
Philippines,PHL,700,40507.67
Philippines,PHL,800,40495.863
Philippines,PHL,900,40485.684
Philippines,PHL,1000,40476.918
Philippines,PHL,1100,72843.34
Philippines,PHL,1200,105202.89
Philippines,PHL,1300,137556.02
Philippines,PHL,1400,169901.83
Philippines,PHL,1500,202243.28
Philippines,PHL,1600,323560.6
Philippines,PHL,1700,505524.84
Philippines,PHL,1710,536728.8
Philippines,PHL,1720,567932.44
Philippines,PHL,1730,599135.6
Philippines,PHL,1740,630338.5
Philippines,PHL,1750,661540.94
Philippines,PHL,1760,692743.1
Philippines,PHL,1770,723945
Philippines,PHL,1780,755146.44
Philippines,PHL,1790,786347.6
Philippines,PHL,1800,817548.5
Philippines,PHL,1810,848749
Philippines,PHL,1820,879949.3
Philippines,PHL,1830,1014335.1
Philippines,PHL,1840,1217195.1
Philippines,PHL,1850,1460625.8
Philippines,PHL,1860,1753994.8
Philippines,PHL,1870,2047360.5
Philippines,PHL,1880,2332199.5
Philippines,PHL,1890,2575327.2
Philippines,PHL,1900,2864533.5
Philippines,PHL,1910,3390276.5
Philippines,PHL,1920,4054082
Philippines,PHL,1930,4535827.5
Philippines,PHL,1940,5133989.5
Philippines,PHL,1950,5115818.5
Philippines,PHL,1951,5277058
Philippines,PHL,1952,5445754.5
Philippines,PHL,1953,5619864
Philippines,PHL,1954,5797901
Philippines,PHL,1955,5978923
Philippines,PHL,1956,6162550.5
Philippines,PHL,1957,6348922.5
Philippines,PHL,1958,6538608.5
Philippines,PHL,1959,6732469.5
Philippines,PHL,1960,6901000
Philippines,PHL,1961,6901000
Philippines,PHL,1962,6980000
Philippines,PHL,1963,7060000
Philippines,PHL,1964,7340000
Philippines,PHL,1965,7320000
Philippines,PHL,1966,7300000
Philippines,PHL,1967,7460000
Philippines,PHL,1968,7430000
Philippines,PHL,1969,7400000
Philippines,PHL,1970,7470000
Philippines,PHL,1971,7444000
Philippines,PHL,1972,7600000
Philippines,PHL,1973,7750000
Philippines,PHL,1974,8000000
Philippines,PHL,1975,8350000
Philippines,PHL,1976,8700000
Philippines,PHL,1977,9100000
Philippines,PHL,1978,9150000
Philippines,PHL,1979,9400000
Philippines,PHL,1980,9628000
Philippines,PHL,1981,9620000
Philippines,PHL,1982,9640000
Philippines,PHL,1983,9660000
Philippines,PHL,1984,9680000
Philippines,PHL,1985,9750000
Philippines,PHL,1986,9800000
Philippines,PHL,1987,9820000
Philippines,PHL,1988,9840000
Philippines,PHL,1989,9860000
Philippines,PHL,1990,9880000
Philippines,PHL,1991,9887000
Philippines,PHL,1992,9835000
Philippines,PHL,1993,9785000
Philippines,PHL,1994,9735000
Philippines,PHL,1995,9685000
Philippines,PHL,1996,9735000
Philippines,PHL,1997,9885000
Philippines,PHL,1998,9835000
Philippines,PHL,1999,9785000
Philippines,PHL,2000,9734000
Philippines,PHL,2001,9684000
Philippines,PHL,2002,9635000
Philippines,PHL,2003,9740000
Philippines,PHL,2004,9970000
Philippines,PHL,2005,9855000
Philippines,PHL,2006,10080000
Philippines,PHL,2007,10290000
Philippines,PHL,2008,10510000
Philippines,PHL,2009,10600000
Philippines,PHL,2010,10600000
Philippines,PHL,2011,10760000
Philippines,PHL,2012,10930000
Philippines,PHL,2013,10940000
Philippines,PHL,2014,10940000
Philippines,PHL,2015,10940000
Philippines,PHL,2016,10940000
Philippines,PHL,2017,10940000
Philippines,PHL,2018,10940000
Philippines,PHL,2019,10940000
Philippines,PHL,2020,10940000
Philippines,PHL,2021,10940000
Philippines,PHL,2022,10940000
Philippines,PHL,2023,10940000
Poland,POL,-10000,0
Poland,POL,-9000,0
Poland,POL,-8000,0
Poland,POL,-7000,0
Poland,POL,-6000,0
Poland,POL,-5000,9197.259
Poland,POL,-4000,25806.371
Poland,POL,-3000,41471.84
Poland,POL,-2000,99158.98
Poland,POL,-1000,149795.5
Poland,POL,0,690747.5
Poland,POL,100,752086.06
Poland,POL,200,811655.8
Poland,POL,300,936197.4
Poland,POL,400,1057081.9
Poland,POL,500,913120.44
Poland,POL,600,771983.6
Poland,POL,700,1014220.5
Poland,POL,800,1247717.1
Poland,POL,900,1379563.1
Poland,POL,1000,1504034
Poland,POL,1100,1767389.9
Poland,POL,1200,2589698.8
Poland,POL,1300,3922907.8
Poland,POL,1400,3804641.8
Poland,POL,1500,4193732.8
Poland,POL,1600,5015621
Poland,POL,1700,5686394.5
Poland,POL,1710,5885023
Poland,POL,1720,6122795.5
Poland,POL,1730,6368596
Poland,POL,1740,6622500
Poland,POL,1750,6884551
Poland,POL,1760,7154752.5
Poland,POL,1770,7433058.5
Poland,POL,1780,7719368
Poland,POL,1790,8013506
Poland,POL,1800,8315211.5
Poland,POL,1810,8624120
Poland,POL,1820,8939734
Poland,POL,1830,9390558
Poland,POL,1840,10053416
Poland,POL,1850,10755004
Poland,POL,1860,12188910
Poland,POL,1870,13569380
Poland,POL,1880,15732302
Poland,POL,1890,17801538
Poland,POL,1900,18925788
Poland,POL,1910,19963296
Poland,POL,1920,17555300
Poland,POL,1930,20132550
Poland,POL,1940,18833556
Poland,POL,1950,16602252
Poland,POL,1951,16842796
Poland,POL,1952,17094276
Poland,POL,1953,17351484
Poland,POL,1954,17609526
Poland,POL,1955,17863876
Poland,POL,1956,18110296
Poland,POL,1957,18344912
Poland,POL,1958,18564196
Poland,POL,1959,18765068
Poland,POL,1960,16176000
Poland,POL,1961,16176000
Poland,POL,1962,16068000
Poland,POL,1963,15971000
Poland,POL,1964,15942000
Poland,POL,1965,15682000
Poland,POL,1966,15682000
Poland,POL,1967,15518000
Poland,POL,1968,15494000
Poland,POL,1969,15333000
Poland,POL,1970,15326000
Poland,POL,1971,15277000
Poland,POL,1972,15147000
Poland,POL,1973,15107000
Poland,POL,1974,15078000
Poland,POL,1975,15099000
Poland,POL,1976,15086000
Poland,POL,1977,15066000
Poland,POL,1978,15040000
Poland,POL,1979,14988000
Poland,POL,1980,14961000
Poland,POL,1981,14858000
Poland,POL,1982,14821000
Poland,POL,1983,14799000
Poland,POL,1984,14863000
Poland,POL,1985,14845000
Poland,POL,1986,14819000
Poland,POL,1987,14817000
Poland,POL,1988,14780000
Poland,POL,1989,14759000
Poland,POL,1990,14733000
Poland,POL,1991,14715000
Poland,POL,1992,14699056
Poland,POL,1993,14668062
Poland,POL,1994,14652003
Poland,POL,1995,14575025
Poland,POL,1996,14349027
Poland,POL,1997,14321052
Poland,POL,1998,14379009
Poland,POL,1999,14401009
Poland,POL,2000,14330038
Poland,POL,2001,13924036
Poland,POL,2002,13337034
Poland,POL,2003,12901050
Poland,POL,2004,12962038
Poland,POL,2005,12519005
Poland,POL,2006,12741036
Poland,POL,2007,12198096
Poland,POL,2008,12417020
Poland,POL,2009,12439009
Poland,POL,2010,11219101
Poland,POL,2011,11488093
Poland,POL,2012,11323111
Poland,POL,2013,11204070
Poland,POL,2014,11304057
Poland,POL,2015,11278058
Poland,POL,2016,11187809
Poland,POL,2017,11200416
Poland,POL,2018,11197828
Poland,POL,2019,11282800
Poland,POL,2020,11289700
Poland,POL,2021,11296600
Poland,POL,2022,11303500
Poland,POL,2023,11310400
Portugal,PRT,-10000,0
Portugal,PRT,-9000,0
Portugal,PRT,-8000,0
Portugal,PRT,-7000,0
Portugal,PRT,-6000,0
Portugal,PRT,-5000,33734.83
Portugal,PRT,-4000,55709.242
Portugal,PRT,-3000,80746.516
Portugal,PRT,-2000,116205.445
Portugal,PRT,-1000,165426.02
Portugal,PRT,0,231128.42
Portugal,PRT,100,254581.52
Portugal,PRT,200,252272.84
Portugal,PRT,300,249876.44
Portugal,PRT,400,247384.11
Portugal,PRT,500,220308.95
Portugal,PRT,600,193660.75
Portugal,PRT,700,191389.52
Portugal,PRT,800,189005.05
Portugal,PRT,900,233117.27
Portugal,PRT,1000,275759
Portugal,PRT,1100,339416.9
Portugal,PRT,1200,400540.97
Portugal,PRT,1300,546238.8
Portugal,PRT,1400,385465.16
Portugal,PRT,1500,523535.94
Portugal,PRT,1600,816841.2
Portugal,PRT,1700,793657
Portugal,PRT,1710,1065340
Portugal,PRT,1720,1087612.2
Portugal,PRT,1730,1106238.8
Portugal,PRT,1740,1125124.9
Portugal,PRT,1750,1144271.1
Portugal,PRT,1760,1163677.5
Portugal,PRT,1770,1183344
Portugal,PRT,1780,1203270.4
Portugal,PRT,1790,1223455.9
Portugal,PRT,1800,1243899.4
Portugal,PRT,1810,1264599.5
Portugal,PRT,1820,1285554.8
Portugal,PRT,1830,1350785
Portugal,PRT,1840,1424418.1
Portugal,PRT,1850,1455055.5
Portugal,PRT,1860,1520252.8
Portugal,PRT,1870,1643276.8
Portugal,PRT,1880,1774628.8
Portugal,PRT,1890,1940193.8
Portugal,PRT,1900,2059170.5
Portugal,PRT,1910,2241994.8
Portugal,PRT,1920,2278777
Portugal,PRT,1930,2512649.2
Portugal,PRT,1940,2821270
Portugal,PRT,1950,3018026.5
Portugal,PRT,1951,3008289.8
Portugal,PRT,1952,3008686.5
Portugal,PRT,1953,3014800.5
Portugal,PRT,1954,3023134.2
Portugal,PRT,1955,3031090.2
Portugal,PRT,1956,3036981
Portugal,PRT,1957,3039962.8
Portugal,PRT,1958,3039941.8
Portugal,PRT,1959,3037404
Portugal,PRT,1960,2994447.8
Portugal,PRT,1961,2994447.8
Portugal,PRT,1962,3000363.5
Portugal,PRT,1963,3006279.5
Portugal,PRT,1964,3012195.2
Portugal,PRT,1965,3018111.2
Portugal,PRT,1966,3024027.2
Portugal,PRT,1967,3029943.2
Portugal,PRT,1968,3031915.2
Portugal,PRT,1969,3041775
Portugal,PRT,1970,3047691
Portugal,PRT,1971,3053606.8
Portugal,PRT,1972,3059522.8
Portugal,PRT,1973,3064452.8
Portugal,PRT,1974,3069382.5
Portugal,PRT,1975,3074312.8
Portugal,PRT,1976,3079242.5
Portugal,PRT,1977,3084172.5
Portugal,PRT,1978,3089102.5
Portugal,PRT,1979,3094032.5
Portugal,PRT,1980,3096990.5
Portugal,PRT,1981,3099948.5
Portugal,PRT,1982,3102906.2
Portugal,PRT,1983,3105864.2
Portugal,PRT,1984,3108822.2
Portugal,PRT,1985,3111780.2
Portugal,PRT,1986,3114738.2
Portugal,PRT,1987,3118682.2
Portugal,PRT,1988,3122626.2
Portugal,PRT,1989,3122626.2
Portugal,PRT,1990,3081214.8
Portugal,PRT,1991,3038817
Portugal,PRT,1992,2997405.5
Portugal,PRT,1993,2954413.8
Portugal,PRT,1994,2909423
Portugal,PRT,1995,2857434.5
Portugal,PRT,1996,2687473
Portugal,PRT,1997,2547509
Portugal,PRT,1998,2467317.5
Portugal,PRT,1999,2383555.8
Portugal,PRT,2000,2494463.8
Portugal,PRT,2001,2367512.8
Portugal,PRT,2002,2365564
Portugal,PRT,2003,2275700.8
Portugal,PRT,2004,2196552
Portugal,PRT,2005,2012521.2
Portugal,PRT,2006,1941709.6
Portugal,PRT,2007,1837020.9
Portugal,PRT,2008,1900949.6
Portugal,PRT,2009,1868735.4
Portugal,PRT,2010,1819350
Portugal,PRT,2011,1806556.9
Portugal,PRT,2012,1813603.1
Portugal,PRT,2013,1842612.5
Portugal,PRT,2014,1805894.5
Portugal,PRT,2015,1781327.5
Portugal,PRT,2016,1743180.1
Portugal,PRT,2017,1709410
Portugal,PRT,2018,1665023
Portugal,PRT,2019,1619592
Portugal,PRT,2020,1574161
Portugal,PRT,2021,1528730
Portugal,PRT,2022,1483299
Portugal,PRT,2023,1437868
Puerto Rico,PRI,-10000,0
Puerto Rico,PRI,-9000,0
Puerto Rico,PRI,-8000,0
Puerto Rico,PRI,-7000,0
Puerto Rico,PRI,-6000,0
Puerto Rico,PRI,-5000,0
Puerto Rico,PRI,-4000,0
Puerto Rico,PRI,-3000,0
Puerto Rico,PRI,-2000,0
Puerto Rico,PRI,-1000,0
Puerto Rico,PRI,0,0
Puerto Rico,PRI,100,0
Puerto Rico,PRI,200,0
Puerto Rico,PRI,300,0
Puerto Rico,PRI,400,0
Puerto Rico,PRI,500,0
Puerto Rico,PRI,600,0
Puerto Rico,PRI,700,0
Puerto Rico,PRI,800,0
Puerto Rico,PRI,900,0
Puerto Rico,PRI,1000,0
Puerto Rico,PRI,1100,0
Puerto Rico,PRI,1200,0
Puerto Rico,PRI,1300,0
Puerto Rico,PRI,1400,0
Puerto Rico,PRI,1500,874.7728
Puerto Rico,PRI,1600,1243.25
Puerto Rico,PRI,1700,1748.5741
Puerto Rico,PRI,1710,2262.144
Puerto Rico,PRI,1720,2926.091
Puerto Rico,PRI,1730,3784.2834
Puerto Rico,PRI,1740,4893.329
Puerto Rico,PRI,1750,6326.2534
Puerto Rico,PRI,1760,8177.234
Puerto Rico,PRI,1770,10567.683
Puerto Rico,PRI,1780,13654.074
Puerto Rico,PRI,1790,17637.994
Puerto Rico,PRI,1800,22779.043
Puerto Rico,PRI,1810,29411.389
Puerto Rico,PRI,1820,37964.996
Puerto Rico,PRI,1830,45396.176
Puerto Rico,PRI,1840,52665.344
Puerto Rico,PRI,1850,65492.504
Puerto Rico,PRI,1860,79033.83
Puerto Rico,PRI,1870,93744.85
Puerto Rico,PRI,1880,108395.63
Puerto Rico,PRI,1890,122433.5
Puerto Rico,PRI,1900,137760.14
Puerto Rico,PRI,1910,167639.28
Puerto Rico,PRI,1920,196650.03
Puerto Rico,PRI,1930,224755.81
Puerto Rico,PRI,1940,251916.6
Puerto Rico,PRI,1950,290731.75
Puerto Rico,PRI,1951,289202.38
Puerto Rico,PRI,1952,289074.5
Puerto Rico,PRI,1953,289793.66
Puerto Rico,PRI,1954,290960.22
Puerto Rico,PRI,1955,292330.97
Puerto Rico,PRI,1956,293824.2
Puerto Rico,PRI,1957,295508.97
Puerto Rico,PRI,1958,297580.88
Puerto Rico,PRI,1959,300327.62
Puerto Rico,PRI,1960,303990.78
Puerto Rico,PRI,1961,303985.88
Puerto Rico,PRI,1962,292985.06
Puerto Rico,PRI,1963,292983.16
Puerto Rico,PRI,1964,270995.75
Puerto Rico,PRI,1965,294981.28
Puerto Rico,PRI,1966,266995.38
Puerto Rico,PRI,1967,249998.56
Puerto Rico,PRI,1968,243998.7
Puerto Rico,PRI,1969,235998.86
Puerto Rico,PRI,1970,221999.25
Puerto Rico,PRI,1971,199999.36
Puerto Rico,PRI,1972,184999.47
Puerto Rico,PRI,1973,159999.56
Puerto Rico,PRI,1974,159999.66
Puerto Rico,PRI,1975,158999.73
Puerto Rico,PRI,1976,158999.81
Puerto Rico,PRI,1977,160999.03
Puerto Rico,PRI,1978,162999.19
Puerto Rico,PRI,1979,161999.28
Puerto Rico,PRI,1980,138999.44
Puerto Rico,PRI,1981,132999.53
Puerto Rico,PRI,1982,131999.61
Puerto Rico,PRI,1983,128999.79
Puerto Rico,PRI,1984,130999.83
Puerto Rico,PRI,1985,127999.875
Puerto Rico,PRI,1986,129000
Puerto Rico,PRI,1987,128000
Puerto Rico,PRI,1988,128000
Puerto Rico,PRI,1989,120000
Puerto Rico,PRI,1990,115000
Puerto Rico,PRI,1991,105000
Puerto Rico,PRI,1992,99000
Puerto Rico,PRI,1993,79000
Puerto Rico,PRI,1994,77000
Puerto Rico,PRI,1995,77000
Puerto Rico,PRI,1996,77000
Puerto Rico,PRI,1997,81000
Puerto Rico,PRI,1998,95500
Puerto Rico,PRI,1999,98600
Puerto Rico,PRI,2000,101700
Puerto Rico,PRI,2001,104900
Puerto Rico,PRI,2002,108000
Puerto Rico,PRI,2003,107400
Puerto Rico,PRI,2004,106800
Puerto Rico,PRI,2005,103200
Puerto Rico,PRI,2006,102500
Puerto Rico,PRI,2007,101898.984
Puerto Rico,PRI,2008,103499.72
Puerto Rico,PRI,2009,105199.68
Puerto Rico,PRI,2010,106799.734
Puerto Rico,PRI,2011,108499.61
Puerto Rico,PRI,2012,110099.83
Puerto Rico,PRI,2013,106999.67
Puerto Rico,PRI,2014,106999.89
Puerto Rico,PRI,2015,107000
Puerto Rico,PRI,2016,107000
Puerto Rico,PRI,2017,107000
Puerto Rico,PRI,2018,106999.984
Puerto Rico,PRI,2019,107000
Puerto Rico,PRI,2020,107000
Puerto Rico,PRI,2021,107000
Puerto Rico,PRI,2022,107000
Puerto Rico,PRI,2023,107000
Qatar,QAT,-10000,0
Qatar,QAT,-9000,0
Qatar,QAT,-8000,0
Qatar,QAT,-7000,0
Qatar,QAT,-6000,0
Qatar,QAT,-5000,0
Qatar,QAT,-4000,0
Qatar,QAT,-3000,0
Qatar,QAT,-2000,0
Qatar,QAT,-1000,0
Qatar,QAT,0,0
Qatar,QAT,100,0
Qatar,QAT,200,0
Qatar,QAT,300,0
Qatar,QAT,400,0
Qatar,QAT,500,0
Qatar,QAT,600,0
Qatar,QAT,700,0
Qatar,QAT,800,0
Qatar,QAT,900,0
Qatar,QAT,1000,0
Qatar,QAT,1100,0
Qatar,QAT,1200,0
Qatar,QAT,1300,0
Qatar,QAT,1400,0
Qatar,QAT,1500,0
Qatar,QAT,1600,0
Qatar,QAT,1700,0
Qatar,QAT,1710,0
Qatar,QAT,1720,0
Qatar,QAT,1730,0
Qatar,QAT,1740,0
Qatar,QAT,1750,0
Qatar,QAT,1760,0
Qatar,QAT,1770,0
Qatar,QAT,1780,0
Qatar,QAT,1790,0
Qatar,QAT,1800,0
Qatar,QAT,1810,537.79315
Qatar,QAT,1820,552.5197
Qatar,QAT,1830,566.6826
Qatar,QAT,1840,580.0602
Qatar,QAT,1850,592.37634
Qatar,QAT,1860,603.28314
Qatar,QAT,1870,588.35004
Qatar,QAT,1880,571.41626
Qatar,QAT,1890,552.0652
Qatar,QAT,1900,529.71765
Qatar,QAT,1910,503.5264
Qatar,QAT,1920,934.88696
Qatar,QAT,1930,1698.8685
Qatar,QAT,1940,2968.4285
Qatar,QAT,1950,4713.189
Qatar,QAT,1951,5004.7007
Qatar,QAT,1952,5228.1616
Qatar,QAT,1953,5367.095
Qatar,QAT,1954,5414.0664
Qatar,QAT,1955,5368.6533
Qatar,QAT,1956,5229.0444
Qatar,QAT,1957,4983.6787
Qatar,QAT,1958,4588.5156
Qatar,QAT,1959,3877.0442
Qatar,QAT,1960,1000
Qatar,QAT,1961,1000
Qatar,QAT,1962,1000
Qatar,QAT,1963,1000
Qatar,QAT,1964,1000
Qatar,QAT,1965,1000
Qatar,QAT,1966,1000
Qatar,QAT,1967,1000
Qatar,QAT,1968,1000
Qatar,QAT,1969,1000
Qatar,QAT,1970,1000
Qatar,QAT,1971,1000
Qatar,QAT,1972,1000
Qatar,QAT,1973,1000
Qatar,QAT,1974,2000
Qatar,QAT,1975,2000
Qatar,QAT,1976,2000
Qatar,QAT,1977,2000
Qatar,QAT,1978,2000
Qatar,QAT,1979,3000
Qatar,QAT,1980,5000
Qatar,QAT,1981,6000
Qatar,QAT,1982,7000
Qatar,QAT,1983,8000
Qatar,QAT,1984,9000
Qatar,QAT,1985,9000
Qatar,QAT,1986,10000
Qatar,QAT,1987,11000
Qatar,QAT,1988,11000
Qatar,QAT,1989,10000
Qatar,QAT,1990,11000
Qatar,QAT,1991,11000
Qatar,QAT,1992,14000
Qatar,QAT,1993,15000
Qatar,QAT,1994,15000
Qatar,QAT,1995,15000
Qatar,QAT,1996,16000
Qatar,QAT,1997,16000
Qatar,QAT,1998,16000
Qatar,QAT,1999,16000
Qatar,QAT,2000,16000
Qatar,QAT,2001,16300
Qatar,QAT,2002,14500
Qatar,QAT,2003,14600
Qatar,QAT,2004,14600
Qatar,QAT,2005,14200
Qatar,QAT,2006,15600
Qatar,QAT,2007,15600
Qatar,QAT,2008,17060
Qatar,QAT,2009,15100
Qatar,QAT,2010,16500
Qatar,QAT,2011,15030
Qatar,QAT,2012,16520
Qatar,QAT,2013,18500
Qatar,QAT,2014,17600
Qatar,QAT,2015,17800
Qatar,QAT,2016,17000
Qatar,QAT,2017,17000
Qatar,QAT,2018,16500
Qatar,QAT,2019,16139.999
Qatar,QAT,2020,15780
Qatar,QAT,2021,15420
Qatar,QAT,2022,15060.001
Qatar,QAT,2023,14700
Reunion,REU,-10000,0
Reunion,REU,-9000,0
Reunion,REU,-8000,0
Reunion,REU,-7000,0
Reunion,REU,-6000,0
Reunion,REU,-5000,0
Reunion,REU,-4000,0
Reunion,REU,-3000,0
Reunion,REU,-2000,0
Reunion,REU,-1000,0
Reunion,REU,0,0
Reunion,REU,100,0
Reunion,REU,200,0
Reunion,REU,300,0
Reunion,REU,400,0
Reunion,REU,500,0
Reunion,REU,600,0
Reunion,REU,700,0
Reunion,REU,800,0
Reunion,REU,900,0
Reunion,REU,1000,0
Reunion,REU,1100,0
Reunion,REU,1200,0
Reunion,REU,1300,0
Reunion,REU,1400,0
Reunion,REU,1500,76.55772
Reunion,REU,1600,91.78089
Reunion,REU,1700,109.373055
Reunion,REU,1710,183.84834
Reunion,REU,1720,309.0108
Reunion,REU,1730,519.33905
Reunion,REU,1740,872.75116
Reunion,REU,1750,1466.5298
Reunion,REU,1760,2464.0579
Reunion,REU,1770,4139.703
Reunion,REU,1780,6954.1533
Reunion,REU,1790,8873.073
Reunion,REU,1800,10767.979
Reunion,REU,1810,12532.808
Reunion,REU,1820,14204.055
Reunion,REU,1830,15469.719
Reunion,REU,1840,17946.64
Reunion,REU,1850,18716.555
Reunion,REU,1860,27937.064
Reunion,REU,1870,30918.29
Reunion,REU,1880,30382.238
Reunion,REU,1890,27873.938
Reunion,REU,1900,28585.803
Reunion,REU,1910,28559.281
Reunion,REU,1920,28262.36
Reunion,REU,1930,31628.982
Reunion,REU,1940,35109.465
Reunion,REU,1950,39505.195
Reunion,REU,1951,41251.586
Reunion,REU,1952,42677.973
Reunion,REU,1953,43919.035
Reunion,REU,1954,45080.766
Reunion,REU,1955,46244.207
Reunion,REU,1956,47458.625
Reunion,REU,1957,48749.195
Reunion,REU,1958,50115.242
Reunion,REU,1959,51540.125
Reunion,REU,1960,53000
Reunion,REU,1961,53000
Reunion,REU,1962,53000
Reunion,REU,1963,53000
Reunion,REU,1964,53000
Reunion,REU,1965,53000
Reunion,REU,1966,53000
Reunion,REU,1967,53992.06
Reunion,REU,1968,53989.613
Reunion,REU,1969,53987.37
Reunion,REU,1970,53985.484
Reunion,REU,1971,53984.863
Reunion,REU,1972,48000
Reunion,REU,1973,48000
Reunion,REU,1974,48000
Reunion,REU,1975,48000
Reunion,REU,1976,48000
Reunion,REU,1977,48000
Reunion,REU,1978,48000
Reunion,REU,1979,47000
Reunion,REU,1980,52000
Reunion,REU,1981,55947.223
Reunion,REU,1982,54947.176
Reunion,REU,1983,53951.375
Reunion,REU,1984,55000
Reunion,REU,1985,55000
Reunion,REU,1986,55000
Reunion,REU,1987,55000
Reunion,REU,1988,54000
Reunion,REU,1989,51965.613
Reunion,REU,1990,51966.914
Reunion,REU,1991,50968.953
Reunion,REU,1992,40000
Reunion,REU,1993,41000
Reunion,REU,1994,40000
Reunion,REU,1995,37000
Reunion,REU,1996,37000
Reunion,REU,1997,38000
Reunion,REU,1998,38000
Reunion,REU,1999,41000
Reunion,REU,2000,41000
Reunion,REU,2001,40000
Reunion,REU,2002,40000
Reunion,REU,2003,39000
Reunion,REU,2004,38000
Reunion,REU,2005,38000
Reunion,REU,2006,37000
Reunion,REU,2007,38100
Reunion,REU,2008,38100
Reunion,REU,2009,37900
Reunion,REU,2010,38200
Reunion,REU,2011,38700
Reunion,REU,2012,38500
Reunion,REU,2013,38600
Reunion,REU,2014,38500
Reunion,REU,2015,37100
Reunion,REU,2016,37500
Reunion,REU,2017,37120
Reunion,REU,2018,36576
Reunion,REU,2019,36180
Reunion,REU,2020,35784
Reunion,REU,2021,35388
Reunion,REU,2022,34992
Reunion,REU,2023,34596
Romania,ROU,-10000,0
Romania,ROU,-9000,0
Romania,ROU,-8000,0
Romania,ROU,-7000,0
Romania,ROU,-6000,0
Romania,ROU,-5000,49290.395
Romania,ROU,-4000,89034.77
Romania,ROU,-3000,143087.69
Romania,ROU,-2000,410569.53
Romania,ROU,-1000,646134.5
Romania,ROU,0,953619.1
Romania,ROU,100,943937.8
Romania,ROU,200,933842.2
Romania,ROU,300,807878.9
Romania,ROU,400,684174.25
Romania,ROU,500,619170
Romania,ROU,600,555222.94
Romania,ROU,700,601828.2
Romania,ROU,800,646198.94
Romania,ROU,900,741008.7
Romania,ROU,1000,831032.94
Romania,ROU,1100,915627.4
Romania,ROU,1200,993962.5
Romania,ROU,1300,1452186.4
Romania,ROU,1400,1173988.8
Romania,ROU,1500,1812357.4
Romania,ROU,1600,1735019.1
Romania,ROU,1700,2050968
Romania,ROU,1710,2437879.2
Romania,ROU,1720,2594388.5
Romania,ROU,1730,2760290.5
Romania,ROU,1740,2936054
Romania,ROU,1750,3122154.8
Romania,ROU,1760,3319072
Romania,ROU,1770,3527282.8
Romania,ROU,1780,3747257.5
Romania,ROU,1790,3979449.5
Romania,ROU,1800,4224288
Romania,ROU,1810,4482163.5
Romania,ROU,1820,4753410.5
Romania,ROU,1830,5215778
Romania,ROU,1840,5478925.5
Romania,ROU,1850,5751380.5
Romania,ROU,1860,6096205.5
Romania,ROU,1870,6425575
Romania,ROU,1880,6743124
Romania,ROU,1890,7041667
Romania,ROU,1900,7338951.5
Romania,ROU,1910,7767846
Romania,ROU,1920,7910443
Romania,ROU,1930,8942452
Romania,ROU,1940,9184969
Romania,ROU,1950,9462749
Romania,ROU,1951,9578932
Romania,ROU,1952,9679618
Romania,ROU,1953,9772275
Romania,ROU,1954,9861952
Romania,ROU,1955,9951330
Romania,ROU,1956,10040681
Romania,ROU,1957,10128010
Romania,ROU,1958,10209515
Romania,ROU,1959,10280245
Romania,ROU,1960,10335993
Romania,ROU,1961,10393000
Romania,ROU,1962,10491000
Romania,ROU,1963,10475000
Romania,ROU,1964,10496000
Romania,ROU,1965,10475000
Romania,ROU,1966,10502000
Romania,ROU,1967,10526000
Romania,ROU,1968,10560000
Romania,ROU,1969,10544000
Romania,ROU,1970,10512000
Romania,ROU,1971,10506000
Romania,ROU,1972,10488000
Romania,ROU,1973,10426000
Romania,ROU,1974,10469000
Romania,ROU,1975,10500000
Romania,ROU,1976,10518000
Romania,ROU,1977,10534000
Romania,ROU,1978,10542000
Romania,ROU,1979,10481000
Romania,ROU,1980,10497000
Romania,ROU,1981,10509000
Romania,ROU,1982,10524000
Romania,ROU,1983,10555000
Romania,ROU,1984,10574000
Romania,ROU,1985,10622000
Romania,ROU,1986,10638000
Romania,ROU,1987,10686000
Romania,ROU,1988,10707000
Romania,ROU,1989,10053000
Romania,ROU,1990,10041000
Romania,ROU,1991,10020000
Romania,ROU,1992,9960000
Romania,ROU,1993,9941000
Romania,ROU,1994,9926000
Romania,ROU,1995,9907000
Romania,ROU,1996,9882000
Romania,ROU,1997,9898000
Romania,ROU,1998,9843000
Romania,ROU,1999,9845000
Romania,ROU,2000,9908000
Romania,ROU,2001,9862000
Romania,ROU,2002,9859000
Romania,ROU,2003,9842000
Romania,ROU,2004,9344000
Romania,ROU,2005,9495000
Romania,ROU,2006,9408000
Romania,ROU,2007,9136000
Romania,ROU,2008,9184000
Romania,ROU,2009,9249000
Romania,ROU,2010,9609000
Romania,ROU,2011,9439000
Romania,ROU,2012,9244000
Romania,ROU,2013,9188000
Romania,ROU,2014,9203000
Romania,ROU,2015,9203000
Romania,ROU,2016,9000000
Romania,ROU,2017,8958000
Romania,ROU,2018,8911500
Romania,ROU,2019,8845200
Romania,ROU,2020,8778900
Romania,ROU,2021,8712600
Romania,ROU,2022,8646300
Romania,ROU,2023,8580000
Russia,RUS,-10000,0
Russia,RUS,-9000,0
Russia,RUS,-8000,0
Russia,RUS,-7000,0
Russia,RUS,-6000,0
Russia,RUS,-5000,0
Russia,RUS,-4000,308501.72
Russia,RUS,-3000,964587.2
Russia,RUS,-2000,1242154.8
Russia,RUS,-1000,1452083.1
Russia,RUS,0,1699839
Russia,RUS,100,1912318.8
Russia,RUS,200,2124798.8
Russia,RUS,300,2337278.2
Russia,RUS,400,2549756.8
Russia,RUS,500,2549756.8
Russia,RUS,600,2549756.8
Russia,RUS,700,2762238.2
Russia,RUS,800,3038468.8
Russia,RUS,900,3255502.2
Russia,RUS,1000,3479011.8
Russia,RUS,1100,5218517
Russia,RUS,1200,7906054.5
Russia,RUS,1300,8182142
Russia,RUS,1400,8182142
Russia,RUS,1500,10538696
Russia,RUS,1600,13240234
Russia,RUS,1700,15005600
Russia,RUS,1710,18266450
Russia,RUS,1720,21527060
Russia,RUS,1730,24786664
Russia,RUS,1740,27808722
Russia,RUS,1750,30302256
Russia,RUS,1760,32795790
Russia,RUS,1770,35289320
Russia,RUS,1780,37782856
Russia,RUS,1790,40276390
Russia,RUS,1800,42769924
Russia,RUS,1810,45263644
Russia,RUS,1820,47677656
Russia,RUS,1830,50357464
Russia,RUS,1840,58394880
Russia,RUS,1850,62629510
Russia,RUS,1860,70961980
Russia,RUS,1870,76324210
Russia,RUS,1880,86936330
Russia,RUS,1890,99036300
Russia,RUS,1900,110496900
Russia,RUS,1910,136519970
Russia,RUS,1920,125806264
Russia,RUS,1930,139688420
Russia,RUS,1940,170220700
Russia,RUS,1950,118682240
Russia,RUS,1951,120574620
Russia,RUS,1952,122641670
Russia,RUS,1953,124820820
Russia,RUS,1954,127059380
Russia,RUS,1955,129314780
Russia,RUS,1956,131555000
Russia,RUS,1957,133758264
Russia,RUS,1958,135912080
Russia,RUS,1959,136905890
Russia,RUS,1960,140176300
Russia,RUS,1961,140176300
Russia,RUS,1962,140468590
Russia,RUS,1963,139416380
Russia,RUS,1964,138598020
Russia,RUS,1965,138276500
Russia,RUS,1966,136727440
Russia,RUS,1967,136522830
Russia,RUS,1968,136259790
Russia,RUS,1969,136435150
Russia,RUS,1970,136201330
Russia,RUS,1971,136084430
Russia,RUS,1972,135967520
Russia,RUS,1973,135792140
Russia,RUS,1974,136142880
Russia,RUS,1975,135850600
Russia,RUS,1976,135909060
Russia,RUS,1977,135967520
Russia,RUS,1978,135616770
Russia,RUS,1979,135266030
Russia,RUS,1980,135334430
Russia,RUS,1981,135441400
Russia,RUS,1982,135470640
Russia,RUS,1983,135558320
Russia,RUS,1984,135433230
Russia,RUS,1985,135506300
Russia,RUS,1986,135572940
Russia,RUS,1987,135653010
Russia,RUS,1988,135347890
Russia,RUS,1989,134406750
Russia,RUS,1990,133816350
Russia,RUS,1991,133816350
Russia,RUS,1992,133708000
Russia,RUS,1993,131295000
Russia,RUS,1994,130404000
Russia,RUS,1995,129400000
Russia,RUS,1996,127973000
Russia,RUS,1997,129384000
Russia,RUS,1998,127959000
Russia,RUS,1999,126820000
Russia,RUS,2000,126237980
Russia,RUS,2001,125718000
Russia,RUS,2002,125300000
Russia,RUS,2003,124373000
Russia,RUS,2004,123956000
Russia,RUS,2005,123581000
Russia,RUS,2006,123371000
Russia,RUS,2007,123368000
Russia,RUS,2008,123442000
Russia,RUS,2009,123349000
Russia,RUS,2010,123299000
Russia,RUS,2011,123299000
Russia,RUS,2012,123249000
Russia,RUS,2013,123249000
Russia,RUS,2014,123249000
Russia,RUS,2015,123249000
Russia,RUS,2016,124608160
Russia,RUS,2017,125720200
Russia,RUS,2018,126224240
Russia,RUS,2019,123249000
Russia,RUS,2020,123249000
Russia,RUS,2021,123249000
Russia,RUS,2022,123249000
Russia,RUS,2023,123249000
Rwanda,RWA,-10000,0
Rwanda,RWA,-9000,0
Rwanda,RWA,-8000,0
Rwanda,RWA,-7000,0
Rwanda,RWA,-6000,0
Rwanda,RWA,-5000,0
Rwanda,RWA,-4000,0
Rwanda,RWA,-3000,0
Rwanda,RWA,-2000,0
Rwanda,RWA,-1000,0
Rwanda,RWA,0,2916.4006
Rwanda,RWA,100,4192.91
Rwanda,RWA,200,6025.606
Rwanda,RWA,300,8655.436
Rwanda,RWA,400,12426.956
Rwanda,RWA,500,17832.45
Rwanda,RWA,600,25574.557
Rwanda,RWA,700,36655.08
Rwanda,RWA,800,52500.055
Rwanda,RWA,900,64572.68
Rwanda,RWA,1000,76181.64
Rwanda,RWA,1100,91042.76
Rwanda,RWA,1200,105245.27
Rwanda,RWA,1300,118747.914
Rwanda,RWA,1400,131503.44
Rwanda,RWA,1500,143457.3
Rwanda,RWA,1600,153986.02
Rwanda,RWA,1700,163603.12
Rwanda,RWA,1710,166944.67
Rwanda,RWA,1720,168374.58
Rwanda,RWA,1730,169896.8
Rwanda,RWA,1740,171521.3
Rwanda,RWA,1750,173259.66
Rwanda,RWA,1760,175125.34
Rwanda,RWA,1770,177134.25
Rwanda,RWA,1780,179305.22
Rwanda,RWA,1790,181660.81
Rwanda,RWA,1800,184228.3
Rwanda,RWA,1810,187041.06
Rwanda,RWA,1820,190140.52
Rwanda,RWA,1830,193578.75
Rwanda,RWA,1840,197422.47
Rwanda,RWA,1850,201758.86
Rwanda,RWA,1860,206704.55
Rwanda,RWA,1870,212420.02
Rwanda,RWA,1880,219133.98
Rwanda,RWA,1890,227186.72
Rwanda,RWA,1900,237113.31
Rwanda,RWA,1910,249819.89
Rwanda,RWA,1920,267009.06
Rwanda,RWA,1930,292427.16
Rwanda,RWA,1940,336914.44
Rwanda,RWA,1950,459938.22
Rwanda,RWA,1951,473342.12
Rwanda,RWA,1952,486345.94
Rwanda,RWA,1953,499865.88
Rwanda,RWA,1954,514478.3
Rwanda,RWA,1955,530408.06
Rwanda,RWA,1956,547527.56
Rwanda,RWA,1957,565358.56
Rwanda,RWA,1958,583147
Rwanda,RWA,1959,599960.44
Rwanda,RWA,1960,615000
Rwanda,RWA,1961,615000
Rwanda,RWA,1962,625000
Rwanda,RWA,1963,635000
Rwanda,RWA,1964,645000
Rwanda,RWA,1965,655000
Rwanda,RWA,1966,665000
Rwanda,RWA,1967,675000
Rwanda,RWA,1968,683000
Rwanda,RWA,1969,697000
Rwanda,RWA,1970,704000
Rwanda,RWA,1971,748000
Rwanda,RWA,1972,808000
Rwanda,RWA,1973,805000
Rwanda,RWA,1974,884000
Rwanda,RWA,1975,912000
Rwanda,RWA,1976,939000
Rwanda,RWA,1977,965000
Rwanda,RWA,1978,980000
Rwanda,RWA,1979,997000
Rwanda,RWA,1980,1015000
Rwanda,RWA,1981,1060000
Rwanda,RWA,1982,1075000
Rwanda,RWA,1983,1090000
Rwanda,RWA,1984,1108000
Rwanda,RWA,1985,1119000
Rwanda,RWA,1986,1130000
Rwanda,RWA,1987,1142000
Rwanda,RWA,1988,1153000
Rwanda,RWA,1989,1155000
Rwanda,RWA,1990,1185000
Rwanda,RWA,1991,1187000
Rwanda,RWA,1992,1187000
Rwanda,RWA,1993,1130000
Rwanda,RWA,1994,940000
Rwanda,RWA,1995,940000
Rwanda,RWA,1996,1000000
Rwanda,RWA,1997,1050000
Rwanda,RWA,1998,1070000
Rwanda,RWA,1999,1116000
Rwanda,RWA,2000,1150000
Rwanda,RWA,2001,1259000
Rwanda,RWA,2002,1366000
Rwanda,RWA,2003,1344000
Rwanda,RWA,2004,1360880
Rwanda,RWA,2005,1332900
Rwanda,RWA,2006,1352950
Rwanda,RWA,2007,1364880
Rwanda,RWA,2008,1367440
Rwanda,RWA,2009,1368870
Rwanda,RWA,2010,1373919.9
Rwanda,RWA,2011,1391439.8
Rwanda,RWA,2012,1400730
Rwanda,RWA,2013,1432500
Rwanda,RWA,2014,1399500
Rwanda,RWA,2015,1401700
Rwanda,RWA,2016,1401700
Rwanda,RWA,2017,1401700
Rwanda,RWA,2018,1389600
Rwanda,RWA,2019,1383660
Rwanda,RWA,2020,1377720
Rwanda,RWA,2021,1371780
Rwanda,RWA,2022,1365840
Rwanda,RWA,2023,1359900
Saint Kitts and Nevis,KNA,-10000,0
Saint Kitts and Nevis,KNA,-9000,0
Saint Kitts and Nevis,KNA,-8000,0
Saint Kitts and Nevis,KNA,-7000,0
Saint Kitts and Nevis,KNA,-6000,0
Saint Kitts and Nevis,KNA,-5000,0
Saint Kitts and Nevis,KNA,-4000,0
Saint Kitts and Nevis,KNA,-3000,0
Saint Kitts and Nevis,KNA,-2000,0
Saint Kitts and Nevis,KNA,-1000,0
Saint Kitts and Nevis,KNA,0,0
Saint Kitts and Nevis,KNA,100,0
Saint Kitts and Nevis,KNA,200,0
Saint Kitts and Nevis,KNA,300,0
Saint Kitts and Nevis,KNA,400,0
Saint Kitts and Nevis,KNA,500,0
Saint Kitts and Nevis,KNA,600,0
Saint Kitts and Nevis,KNA,700,0
Saint Kitts and Nevis,KNA,800,0
Saint Kitts and Nevis,KNA,900,0
Saint Kitts and Nevis,KNA,1000,0
Saint Kitts and Nevis,KNA,1100,0
Saint Kitts and Nevis,KNA,1200,0
Saint Kitts and Nevis,KNA,1300,0
Saint Kitts and Nevis,KNA,1400,0
Saint Kitts and Nevis,KNA,1500,958.0726
Saint Kitts and Nevis,KNA,1600,1901.2601
Saint Kitts and Nevis,KNA,1700,3772.277
Saint Kitts and Nevis,KNA,1710,4078.1792
Saint Kitts and Nevis,KNA,1720,4408.8784
Saint Kitts and Nevis,KNA,1730,4766.385
Saint Kitts and Nevis,KNA,1740,5152.87
Saint Kitts and Nevis,KNA,1750,5570.683
Saint Kitts and Nevis,KNA,1760,6022.362
Saint Kitts and Nevis,KNA,1770,6510.65
Saint Kitts and Nevis,KNA,1780,7038.513
Saint Kitts and Nevis,KNA,1790,7609.159
Saint Kitts and Nevis,KNA,1800,8226.053
Saint Kitts and Nevis,KNA,1810,8892.942
Saint Kitts and Nevis,KNA,1820,9181.736
Saint Kitts and Nevis,KNA,1830,9479.892
Saint Kitts and Nevis,KNA,1840,9787.706
Saint Kitts and Nevis,KNA,1850,10536.635
Saint Kitts and Nevis,KNA,1860,10496.27
Saint Kitts and Nevis,KNA,1870,12377.066
Saint Kitts and Nevis,KNA,1880,12865.94
Saint Kitts and Nevis,KNA,1890,13739.553
Saint Kitts and Nevis,KNA,1900,13727.902
Saint Kitts and Nevis,KNA,1910,14020.689
Saint Kitts and Nevis,KNA,1920,12472.075
Saint Kitts and Nevis,KNA,1930,11468.14
Saint Kitts and Nevis,KNA,1940,10550.417
Saint Kitts and Nevis,KNA,1950,14404.121
Saint Kitts and Nevis,KNA,1951,14432.281
Saint Kitts and Nevis,KNA,1952,14539.25
Saint Kitts and Nevis,KNA,1953,14714.372
Saint Kitts and Nevis,KNA,1954,14926.986
Saint Kitts and Nevis,KNA,1955,15161.763
Saint Kitts and Nevis,KNA,1956,15397.749
Saint Kitts and Nevis,KNA,1957,15616.501
Saint Kitts and Nevis,KNA,1958,15799.268
Saint Kitts and Nevis,KNA,1959,15931.681
Saint Kitts and Nevis,KNA,1960,16000
Saint Kitts and Nevis,KNA,1961,16000
Saint Kitts and Nevis,KNA,1962,16000
Saint Kitts and Nevis,KNA,1963,16000
Saint Kitts and Nevis,KNA,1964,16000
Saint Kitts and Nevis,KNA,1965,16000
Saint Kitts and Nevis,KNA,1966,16000
Saint Kitts and Nevis,KNA,1967,16000
Saint Kitts and Nevis,KNA,1968,16000
Saint Kitts and Nevis,KNA,1969,14000
Saint Kitts and Nevis,KNA,1970,14000
Saint Kitts and Nevis,KNA,1971,14000
Saint Kitts and Nevis,KNA,1972,14000
Saint Kitts and Nevis,KNA,1973,14000
Saint Kitts and Nevis,KNA,1974,14000
Saint Kitts and Nevis,KNA,1975,14000
Saint Kitts and Nevis,KNA,1976,14000
Saint Kitts and Nevis,KNA,1977,14000
Saint Kitts and Nevis,KNA,1978,14000
Saint Kitts and Nevis,KNA,1979,14000
Saint Kitts and Nevis,KNA,1980,14000
Saint Kitts and Nevis,KNA,1981,14000
Saint Kitts and Nevis,KNA,1982,13000
Saint Kitts and Nevis,KNA,1983,13000
Saint Kitts and Nevis,KNA,1984,12000
Saint Kitts and Nevis,KNA,1985,12000
Saint Kitts and Nevis,KNA,1986,11000
Saint Kitts and Nevis,KNA,1987,11000
Saint Kitts and Nevis,KNA,1988,11000
Saint Kitts and Nevis,KNA,1989,11000
Saint Kitts and Nevis,KNA,1990,10000
Saint Kitts and Nevis,KNA,1991,10000
Saint Kitts and Nevis,KNA,1992,10000
Saint Kitts and Nevis,KNA,1993,10000
Saint Kitts and Nevis,KNA,1994,8000
Saint Kitts and Nevis,KNA,1995,8000
Saint Kitts and Nevis,KNA,1996,7000
Saint Kitts and Nevis,KNA,1997,7000
Saint Kitts and Nevis,KNA,1998,7000
Saint Kitts and Nevis,KNA,1999,8000
Saint Kitts and Nevis,KNA,2000,7500
Saint Kitts and Nevis,KNA,2001,7300
Saint Kitts and Nevis,KNA,2002,7100
Saint Kitts and Nevis,KNA,2003,7100
Saint Kitts and Nevis,KNA,2004,7030.0005
Saint Kitts and Nevis,KNA,2005,4000
Saint Kitts and Nevis,KNA,2006,4009.9998
Saint Kitts and Nevis,KNA,2007,4090.0002
Saint Kitts and Nevis,KNA,2008,4100
Saint Kitts and Nevis,KNA,2009,4200
Saint Kitts and Nevis,KNA,2010,4600
Saint Kitts and Nevis,KNA,2011,5100
Saint Kitts and Nevis,KNA,2012,5100
Saint Kitts and Nevis,KNA,2013,5100
Saint Kitts and Nevis,KNA,2014,5100
Saint Kitts and Nevis,KNA,2015,5100
Saint Kitts and Nevis,KNA,2016,5100
Saint Kitts and Nevis,KNA,2017,5100
Saint Kitts and Nevis,KNA,2018,5100
Saint Kitts and Nevis,KNA,2019,5100
Saint Kitts and Nevis,KNA,2020,5100
Saint Kitts and Nevis,KNA,2021,5100
Saint Kitts and Nevis,KNA,2022,5100
Saint Kitts and Nevis,KNA,2023,5100
Saint Lucia,LCA,-10000,0
Saint Lucia,LCA,-9000,0
Saint Lucia,LCA,-8000,0
Saint Lucia,LCA,-7000,0
Saint Lucia,LCA,-6000,0
Saint Lucia,LCA,-5000,0
Saint Lucia,LCA,-4000,0
Saint Lucia,LCA,-3000,0
Saint Lucia,LCA,-2000,0
Saint Lucia,LCA,-1000,0
Saint Lucia,LCA,0,0
Saint Lucia,LCA,100,0
Saint Lucia,LCA,200,0
Saint Lucia,LCA,300,0
Saint Lucia,LCA,400,0
Saint Lucia,LCA,500,0
Saint Lucia,LCA,600,0
Saint Lucia,LCA,700,0
Saint Lucia,LCA,800,0
Saint Lucia,LCA,900,0
Saint Lucia,LCA,1000,0
Saint Lucia,LCA,1100,0
Saint Lucia,LCA,1200,0
Saint Lucia,LCA,1300,0
Saint Lucia,LCA,1400,0
Saint Lucia,LCA,1500,4231.397
Saint Lucia,LCA,1600,4423.339
Saint Lucia,LCA,1700,4595.0923
Saint Lucia,LCA,1710,4945.4043
Saint Lucia,LCA,1720,5321.9653
Saint Lucia,LCA,1730,5725.038
Saint Lucia,LCA,1740,6161.6284
Saint Lucia,LCA,1750,6628.97
Saint Lucia,LCA,1760,7131.0576
Saint Lucia,LCA,1770,7670.395
Saint Lucia,LCA,1780,8249.654
Saint Lucia,LCA,1790,8871.69
Saint Lucia,LCA,1800,9539.549
Saint Lucia,LCA,1810,10246.41
Saint Lucia,LCA,1820,10521.292
Saint Lucia,LCA,1830,10802.039
Saint Lucia,LCA,1840,11088.684
Saint Lucia,LCA,1850,11381.251
Saint Lucia,LCA,1860,11679.752
Saint Lucia,LCA,1870,11995.279
Saint Lucia,LCA,1880,12319.96
Saint Lucia,LCA,1890,12656.679
Saint Lucia,LCA,1900,12993.767
Saint Lucia,LCA,1910,13337.456
Saint Lucia,LCA,1920,13257.94
Saint Lucia,LCA,1930,13176.318
Saint Lucia,LCA,1940,13092.507
Saint Lucia,LCA,1950,13006.572
Saint Lucia,LCA,1951,13166.336
Saint Lucia,LCA,1952,13294.258
Saint Lucia,LCA,1953,13396.686
Saint Lucia,LCA,1954,13481.199
Saint Lucia,LCA,1955,13555.045
Saint Lucia,LCA,1956,13624.965
Saint Lucia,LCA,1957,13697.372
Saint Lucia,LCA,1958,13780.531
Saint Lucia,LCA,1959,13879.552
Saint Lucia,LCA,1960,14000
Saint Lucia,LCA,1961,14000
Saint Lucia,LCA,1962,14000
Saint Lucia,LCA,1963,15000
Saint Lucia,LCA,1964,15000
Saint Lucia,LCA,1965,15000
Saint Lucia,LCA,1966,15000
Saint Lucia,LCA,1967,16000
Saint Lucia,LCA,1968,16000
Saint Lucia,LCA,1969,16000
Saint Lucia,LCA,1970,16000
Saint Lucia,LCA,1971,17000
Saint Lucia,LCA,1972,17000
Saint Lucia,LCA,1973,17000
Saint Lucia,LCA,1974,16900
Saint Lucia,LCA,1975,17000
Saint Lucia,LCA,1976,17000
Saint Lucia,LCA,1977,17000
Saint Lucia,LCA,1978,17000
Saint Lucia,LCA,1979,17200
Saint Lucia,LCA,1980,17500
Saint Lucia,LCA,1981,17800
Saint Lucia,LCA,1982,17999.473
Saint Lucia,LCA,1983,18199.932
Saint Lucia,LCA,1984,18500
Saint Lucia,LCA,1985,18800
Saint Lucia,LCA,1986,19200
Saint Lucia,LCA,1987,19000
Saint Lucia,LCA,1988,19000
Saint Lucia,LCA,1989,19000
Saint Lucia,LCA,1990,18900
Saint Lucia,LCA,1991,17800
Saint Lucia,LCA,1992,17700
Saint Lucia,LCA,1993,17700
Saint Lucia,LCA,1994,17500
Saint Lucia,LCA,1995,16000
Saint Lucia,LCA,1996,15700
Saint Lucia,LCA,1997,15400
Saint Lucia,LCA,1998,14000
Saint Lucia,LCA,1999,14000
Saint Lucia,LCA,2000,12900
Saint Lucia,LCA,2001,12600
Saint Lucia,LCA,2002,11900
Saint Lucia,LCA,2003,11200
Saint Lucia,LCA,2004,10000
Saint Lucia,LCA,2005,9900
Saint Lucia,LCA,2006,9300
Saint Lucia,LCA,2007,9300
Saint Lucia,LCA,2008,9500
Saint Lucia,LCA,2009,10000
Saint Lucia,LCA,2010,10000
Saint Lucia,LCA,2011,10000
Saint Lucia,LCA,2012,10000
Saint Lucia,LCA,2013,10000
Saint Lucia,LCA,2014,10000
Saint Lucia,LCA,2015,10000
Saint Lucia,LCA,2016,10000
Saint Lucia,LCA,2017,10000
Saint Lucia,LCA,2018,10000
Saint Lucia,LCA,2019,10000
Saint Lucia,LCA,2020,10000
Saint Lucia,LCA,2021,10000
Saint Lucia,LCA,2022,10000
Saint Lucia,LCA,2023,10000
Saint Pierre and Miquelon,SPM,-10000,0
Saint Pierre and Miquelon,SPM,-9000,0
Saint Pierre and Miquelon,SPM,-8000,0
Saint Pierre and Miquelon,SPM,-7000,0
Saint Pierre and Miquelon,SPM,-6000,0
Saint Pierre and Miquelon,SPM,-5000,0
Saint Pierre and Miquelon,SPM,-4000,0
Saint Pierre and Miquelon,SPM,-3000,0
Saint Pierre and Miquelon,SPM,-2000,0
Saint Pierre and Miquelon,SPM,-1000,0
Saint Pierre and Miquelon,SPM,0,0
Saint Pierre and Miquelon,SPM,100,0
Saint Pierre and Miquelon,SPM,200,0
Saint Pierre and Miquelon,SPM,300,0
Saint Pierre and Miquelon,SPM,400,0
Saint Pierre and Miquelon,SPM,500,0
Saint Pierre and Miquelon,SPM,600,0
Saint Pierre and Miquelon,SPM,700,0
Saint Pierre and Miquelon,SPM,800,0
Saint Pierre and Miquelon,SPM,900,0
Saint Pierre and Miquelon,SPM,1000,0
Saint Pierre and Miquelon,SPM,1100,0
Saint Pierre and Miquelon,SPM,1200,0
Saint Pierre and Miquelon,SPM,1300,0
Saint Pierre and Miquelon,SPM,1400,0
Saint Pierre and Miquelon,SPM,1500,270.83682
Saint Pierre and Miquelon,SPM,1600,542.36304
Saint Pierre and Miquelon,SPM,1700,1086.1012
Saint Pierre and Miquelon,SPM,1710,1175.2745
Saint Pierre and Miquelon,SPM,1720,1271.7693
Saint Pierre and Miquelon,SPM,1730,1376.1865
Saint Pierre and Miquelon,SPM,1740,1489.1766
Saint Pierre and Miquelon,SPM,1750,1611.4437
Saint Pierre and Miquelon,SPM,1760,1743.7494
Saint Pierre and Miquelon,SPM,1770,1886.9177
Saint Pierre and Miquelon,SPM,1780,2041.8406
Saint Pierre and Miquelon,SPM,1790,2209.483
Saint Pierre and Miquelon,SPM,1800,2390.8894
Saint Pierre and Miquelon,SPM,1810,2587.19
Saint Pierre and Miquelon,SPM,1820,2673.766
Saint Pierre and Miquelon,SPM,1830,2763.2395
Saint Pierre and Miquelon,SPM,1840,2855.7065
Saint Pierre and Miquelon,SPM,1850,2951.268
Saint Pierre and Miquelon,SPM,1860,3050.027
Saint Pierre and Miquelon,SPM,1870,3155.597
Saint Pierre and Miquelon,SPM,1880,3264.8208
Saint Pierre and Miquelon,SPM,1890,3377.8247
Saint Pierre and Miquelon,SPM,1900,3494.7402
Saint Pierre and Miquelon,SPM,1910,3615.7024
Saint Pierre and Miquelon,SPM,1920,3330.9915
Saint Pierre and Miquelon,SPM,1930,3046.2085
Saint Pierre and Miquelon,SPM,1940,2777.6013
Saint Pierre and Miquelon,SPM,1950,2787.9792
Saint Pierre and Miquelon,SPM,1951,2807.5322
Saint Pierre and Miquelon,SPM,1952,2825.8657
Saint Pierre and Miquelon,SPM,1953,2842.3699
Saint Pierre and Miquelon,SPM,1954,2861.314
Saint Pierre and Miquelon,SPM,1955,2880.8687
Saint Pierre and Miquelon,SPM,1956,2907.1338
Saint Pierre and Miquelon,SPM,1957,2927.9094
Saint Pierre and Miquelon,SPM,1958,2952.9558
Saint Pierre and Miquelon,SPM,1959,2978.0024
Saint Pierre and Miquelon,SPM,1960,3000
Saint Pierre and Miquelon,SPM,1961,3000
Saint Pierre and Miquelon,SPM,1962,3000
Saint Pierre and Miquelon,SPM,1963,3000
Saint Pierre and Miquelon,SPM,1964,3000
Saint Pierre and Miquelon,SPM,1965,3000
Saint Pierre and Miquelon,SPM,1966,3000
Saint Pierre and Miquelon,SPM,1967,3000
Saint Pierre and Miquelon,SPM,1968,3000
Saint Pierre and Miquelon,SPM,1969,3000
Saint Pierre and Miquelon,SPM,1970,3000
Saint Pierre and Miquelon,SPM,1971,3000
Saint Pierre and Miquelon,SPM,1972,3000
Saint Pierre and Miquelon,SPM,1973,3000
Saint Pierre and Miquelon,SPM,1974,3000
Saint Pierre and Miquelon,SPM,1975,3000
Saint Pierre and Miquelon,SPM,1976,3000
Saint Pierre and Miquelon,SPM,1977,3000
Saint Pierre and Miquelon,SPM,1978,3000
Saint Pierre and Miquelon,SPM,1979,3000
Saint Pierre and Miquelon,SPM,1980,3000
Saint Pierre and Miquelon,SPM,1981,3000
Saint Pierre and Miquelon,SPM,1982,3000
Saint Pierre and Miquelon,SPM,1983,3000
Saint Pierre and Miquelon,SPM,1984,3000
Saint Pierre and Miquelon,SPM,1985,3000
Saint Pierre and Miquelon,SPM,1986,3000
Saint Pierre and Miquelon,SPM,1987,3000
Saint Pierre and Miquelon,SPM,1988,3000
Saint Pierre and Miquelon,SPM,1989,3000
Saint Pierre and Miquelon,SPM,1990,3000
Saint Pierre and Miquelon,SPM,1991,3000
Saint Pierre and Miquelon,SPM,1992,3000
Saint Pierre and Miquelon,SPM,1993,3000
Saint Pierre and Miquelon,SPM,1994,3000
Saint Pierre and Miquelon,SPM,1995,3000
Saint Pierre and Miquelon,SPM,1996,3000
Saint Pierre and Miquelon,SPM,1997,3000
Saint Pierre and Miquelon,SPM,1998,3000
Saint Pierre and Miquelon,SPM,1999,3000
Saint Pierre and Miquelon,SPM,2000,3000
Saint Pierre and Miquelon,SPM,2001,3000
Saint Pierre and Miquelon,SPM,2002,3000
Saint Pierre and Miquelon,SPM,2003,3000
Saint Pierre and Miquelon,SPM,2004,3000
Saint Pierre and Miquelon,SPM,2005,3000
Saint Pierre and Miquelon,SPM,2006,3000
Saint Pierre and Miquelon,SPM,2007,3000
Saint Pierre and Miquelon,SPM,2008,3000
Saint Pierre and Miquelon,SPM,2009,3000
Saint Pierre and Miquelon,SPM,2010,3000
Saint Pierre and Miquelon,SPM,2011,2000
Saint Pierre and Miquelon,SPM,2012,2000
Saint Pierre and Miquelon,SPM,2013,2000
Saint Pierre and Miquelon,SPM,2014,2000
Saint Pierre and Miquelon,SPM,2015,2000
Saint Pierre and Miquelon,SPM,2016,2000
Saint Pierre and Miquelon,SPM,2017,2000
Saint Pierre and Miquelon,SPM,2018,2000
Saint Pierre and Miquelon,SPM,2019,2000
Saint Pierre and Miquelon,SPM,2020,2000
Saint Pierre and Miquelon,SPM,2021,2000
Saint Pierre and Miquelon,SPM,2022,2000
Saint Pierre and Miquelon,SPM,2023,2000
Saint Vincent and the Grenadines,VCT,-10000,0
Saint Vincent and the Grenadines,VCT,-9000,0
Saint Vincent and the Grenadines,VCT,-8000,0
Saint Vincent and the Grenadines,VCT,-7000,0
Saint Vincent and the Grenadines,VCT,-6000,0
Saint Vincent and the Grenadines,VCT,-5000,0
Saint Vincent and the Grenadines,VCT,-4000,0
Saint Vincent and the Grenadines,VCT,-3000,0
Saint Vincent and the Grenadines,VCT,-2000,0
Saint Vincent and the Grenadines,VCT,-1000,0
Saint Vincent and the Grenadines,VCT,0,0
Saint Vincent and the Grenadines,VCT,100,0
Saint Vincent and the Grenadines,VCT,200,0
Saint Vincent and the Grenadines,VCT,300,0
Saint Vincent and the Grenadines,VCT,400,0
Saint Vincent and the Grenadines,VCT,500,0
Saint Vincent and the Grenadines,VCT,600,0
Saint Vincent and the Grenadines,VCT,700,0
Saint Vincent and the Grenadines,VCT,800,0
Saint Vincent and the Grenadines,VCT,900,0
Saint Vincent and the Grenadines,VCT,1000,0
Saint Vincent and the Grenadines,VCT,1100,0
Saint Vincent and the Grenadines,VCT,1200,0
Saint Vincent and the Grenadines,VCT,1300,0
Saint Vincent and the Grenadines,VCT,1400,0
Saint Vincent and the Grenadines,VCT,1500,915.8632
Saint Vincent and the Grenadines,VCT,1600,1722.3547
Saint Vincent and the Grenadines,VCT,1700,3193.9739
Saint Vincent and the Grenadines,VCT,1710,3426.209
Saint Vincent and the Grenadines,VCT,1720,3674.494
Saint Vincent and the Grenadines,VCT,1730,3939.8267
Saint Vincent and the Grenadines,VCT,1740,4223.25
Saint Vincent and the Grenadines,VCT,1750,4525.85
Saint Vincent and the Grenadines,VCT,1760,4848.7573
Saint Vincent and the Grenadines,VCT,1770,5193.1406
Saint Vincent and the Grenadines,VCT,1780,5560.2056
Saint Vincent and the Grenadines,VCT,1790,5951.189
Saint Vincent and the Grenadines,VCT,1800,6367.3516
Saint Vincent and the Grenadines,VCT,1810,6809.969
Saint Vincent and the Grenadines,VCT,1820,6953.0747
Saint Vincent and the Grenadines,VCT,1830,7096.0093
Saint Vincent and the Grenadines,VCT,1840,7238.3896
Saint Vincent and the Grenadines,VCT,1850,7379.7793
Saint Vincent and the Grenadines,VCT,1860,7519.6787
Saint Vincent and the Grenadines,VCT,1870,7666.0386
Saint Vincent and the Grenadines,VCT,1880,7810.004
Saint Vincent and the Grenadines,VCT,1890,7950.8203
Saint Vincent and the Grenadines,VCT,1900,8087.6196
Saint Vincent and the Grenadines,VCT,1910,8219.401
Saint Vincent and the Grenadines,VCT,1920,8083.0034
Saint Vincent and the Grenadines,VCT,1930,7940.0015
Saint Vincent and the Grenadines,VCT,1940,7789.727
Saint Vincent and the Grenadines,VCT,1950,7631.1646
Saint Vincent and the Grenadines,VCT,1951,7733.8965
Saint Vincent and the Grenadines,VCT,1952,7853.095
Saint Vincent and the Grenadines,VCT,1953,7983.9976
Saint Vincent and the Grenadines,VCT,1954,8126.1694
Saint Vincent and the Grenadines,VCT,1955,8275.578
Saint Vincent and the Grenadines,VCT,1956,8430.362
Saint Vincent and the Grenadines,VCT,1957,8583.972
Saint Vincent and the Grenadines,VCT,1958,8734.165
Saint Vincent and the Grenadines,VCT,1959,8874.154
Saint Vincent and the Grenadines,VCT,1960,9000
Saint Vincent and the Grenadines,VCT,1961,9000
Saint Vincent and the Grenadines,VCT,1962,9000
Saint Vincent and the Grenadines,VCT,1963,10000
Saint Vincent and the Grenadines,VCT,1964,10000
Saint Vincent and the Grenadines,VCT,1965,10000
Saint Vincent and the Grenadines,VCT,1966,10000
Saint Vincent and the Grenadines,VCT,1967,10000
Saint Vincent and the Grenadines,VCT,1968,10000
Saint Vincent and the Grenadines,VCT,1969,10000
Saint Vincent and the Grenadines,VCT,1970,10000
Saint Vincent and the Grenadines,VCT,1971,10000
Saint Vincent and the Grenadines,VCT,1972,10000
Saint Vincent and the Grenadines,VCT,1973,9000
Saint Vincent and the Grenadines,VCT,1974,9000
Saint Vincent and the Grenadines,VCT,1975,9000
Saint Vincent and the Grenadines,VCT,1976,9000
Saint Vincent and the Grenadines,VCT,1977,9000
Saint Vincent and the Grenadines,VCT,1978,9000
Saint Vincent and the Grenadines,VCT,1979,10000
Saint Vincent and the Grenadines,VCT,1980,10000
Saint Vincent and the Grenadines,VCT,1981,10000
Saint Vincent and the Grenadines,VCT,1982,9000
Saint Vincent and the Grenadines,VCT,1983,10000
Saint Vincent and the Grenadines,VCT,1984,10000
Saint Vincent and the Grenadines,VCT,1985,10000
Saint Vincent and the Grenadines,VCT,1986,11000
Saint Vincent and the Grenadines,VCT,1987,11000
Saint Vincent and the Grenadines,VCT,1988,11000
Saint Vincent and the Grenadines,VCT,1989,11000
Saint Vincent and the Grenadines,VCT,1990,9992.929
Saint Vincent and the Grenadines,VCT,1991,9993.348
Saint Vincent and the Grenadines,VCT,1992,9993.721
Saint Vincent and the Grenadines,VCT,1993,9994.084
Saint Vincent and the Grenadines,VCT,1994,9994.445
Saint Vincent and the Grenadines,VCT,1995,9994.805
Saint Vincent and the Grenadines,VCT,1996,9000
Saint Vincent and the Grenadines,VCT,1997,9000
Saint Vincent and the Grenadines,VCT,1998,9000
Saint Vincent and the Grenadines,VCT,1999,9000
Saint Vincent and the Grenadines,VCT,2000,8000
Saint Vincent and the Grenadines,VCT,2001,8000
Saint Vincent and the Grenadines,VCT,2002,8000
Saint Vincent and the Grenadines,VCT,2003,8000
Saint Vincent and the Grenadines,VCT,2004,8000
Saint Vincent and the Grenadines,VCT,2005,8000
Saint Vincent and the Grenadines,VCT,2006,8000
Saint Vincent and the Grenadines,VCT,2007,8000
Saint Vincent and the Grenadines,VCT,2008,8000
Saint Vincent and the Grenadines,VCT,2009,8000
Saint Vincent and the Grenadines,VCT,2010,8000
Saint Vincent and the Grenadines,VCT,2011,8000
Saint Vincent and the Grenadines,VCT,2012,8000
Saint Vincent and the Grenadines,VCT,2013,8000
Saint Vincent and the Grenadines,VCT,2014,8000
Saint Vincent and the Grenadines,VCT,2015,8000
Saint Vincent and the Grenadines,VCT,2016,8000
Saint Vincent and the Grenadines,VCT,2017,8000
Saint Vincent and the Grenadines,VCT,2018,8000
Saint Vincent and the Grenadines,VCT,2019,8000
Saint Vincent and the Grenadines,VCT,2020,8000
Saint Vincent and the Grenadines,VCT,2021,8000
Saint Vincent and the Grenadines,VCT,2022,8000
Saint Vincent and the Grenadines,VCT,2023,8000
Samoa,WSM,-10000,0
Samoa,WSM,-9000,0
Samoa,WSM,-8000,0
Samoa,WSM,-7000,0
Samoa,WSM,-6000,0
Samoa,WSM,-5000,0
Samoa,WSM,-4000,0
Samoa,WSM,-3000,0
Samoa,WSM,-2000,0
Samoa,WSM,-1000,0
Samoa,WSM,0,0
Samoa,WSM,100,0
Samoa,WSM,200,0
Samoa,WSM,300,0
Samoa,WSM,400,0
Samoa,WSM,500,0
Samoa,WSM,600,0
Samoa,WSM,700,0
Samoa,WSM,800,0
Samoa,WSM,900,0
Samoa,WSM,1000,0
Samoa,WSM,1100,0
Samoa,WSM,1200,0
Samoa,WSM,1300,840.05194
Samoa,WSM,1400,1260.2062
Samoa,WSM,1500,1890.5018
Samoa,WSM,1600,2836.0413
Samoa,WSM,1700,4254.4946
Samoa,WSM,1710,4478.461
Samoa,WSM,1720,4714.218
Samoa,WSM,1730,4962.385
Samoa,WSM,1740,5223.616
Samoa,WSM,1750,5498.599
Samoa,WSM,1760,5788.058
Samoa,WSM,1770,6092.755
Samoa,WSM,1780,6413.491
Samoa,WSM,1790,6751.112
Samoa,WSM,1800,7106.5054
Samoa,WSM,1810,7480.6084
Samoa,WSM,1820,7896.2783
Samoa,WSM,1830,8335.045
Samoa,WSM,1840,8798.192
Samoa,WSM,1850,9287.076
Samoa,WSM,1860,9803.124
Samoa,WSM,1870,11028.627
Samoa,WSM,1880,12407.331
Samoa,WSM,1890,13958.39
Samoa,WSM,1900,15703.348
Samoa,WSM,1910,11591.771
Samoa,WSM,1920,15668.918
Samoa,WSM,1930,21440.895
Samoa,WSM,1940,29686.38
Samoa,WSM,1950,41559.645
Samoa,WSM,1951,42744.258
Samoa,WSM,1952,43950.133
Samoa,WSM,1953,45174.742
Samoa,WSM,1954,46419.098
Samoa,WSM,1955,47690.79
Samoa,WSM,1956,49002.477
Samoa,WSM,1957,50369.855
Samoa,WSM,1958,51814.18
Samoa,WSM,1959,53346.594
Samoa,WSM,1960,55000
Samoa,WSM,1961,55000
Samoa,WSM,1962,56000
Samoa,WSM,1963,56000
Samoa,WSM,1964,56000
Samoa,WSM,1965,61000
Samoa,WSM,1966,61000
Samoa,WSM,1967,61000
Samoa,WSM,1968,62000
Samoa,WSM,1969,62000
Samoa,WSM,1970,62500
Samoa,WSM,1971,63000
Samoa,WSM,1972,63000
Samoa,WSM,1973,63000
Samoa,WSM,1974,63000
Samoa,WSM,1975,64000
Samoa,WSM,1976,68000
Samoa,WSM,1977,70000
Samoa,WSM,1978,70000
Samoa,WSM,1979,72500
Samoa,WSM,1980,73000
Samoa,WSM,1981,76000
Samoa,WSM,1982,76000
Samoa,WSM,1983,76600
Samoa,WSM,1984,77000
Samoa,WSM,1985,77000
Samoa,WSM,1986,77400
Samoa,WSM,1987,75700
Samoa,WSM,1988,76000
Samoa,WSM,1989,52200
Samoa,WSM,1990,52000
Samoa,WSM,1991,52000
Samoa,WSM,1992,50000
Samoa,WSM,1993,50000
Samoa,WSM,1994,49000
Samoa,WSM,1995,49000
Samoa,WSM,1996,49000
Samoa,WSM,1997,49000
Samoa,WSM,1998,49000
Samoa,WSM,1999,48300
Samoa,WSM,2000,45000
Samoa,WSM,2001,45000
Samoa,WSM,2002,44000
Samoa,WSM,2003,42000
Samoa,WSM,2004,40000
Samoa,WSM,2005,38000
Samoa,WSM,2006,36200
Samoa,WSM,2007,34500
Samoa,WSM,2008,32000
Samoa,WSM,2009,29900
Samoa,WSM,2010,30000
Samoa,WSM,2011,30000
Samoa,WSM,2012,30000
Samoa,WSM,2013,30000
Samoa,WSM,2014,30000
Samoa,WSM,2015,30000
Samoa,WSM,2016,30000
Samoa,WSM,2017,30000
Samoa,WSM,2018,30000
Samoa,WSM,2019,30000
Samoa,WSM,2020,30000
Samoa,WSM,2021,30000
Samoa,WSM,2022,30000
Samoa,WSM,2023,30000
Sao Tome and Principe,STP,-10000,0
Sao Tome and Principe,STP,-9000,0
Sao Tome and Principe,STP,-8000,0
Sao Tome and Principe,STP,-7000,0
Sao Tome and Principe,STP,-6000,0
Sao Tome and Principe,STP,-5000,0
Sao Tome and Principe,STP,-4000,0
Sao Tome and Principe,STP,-3000,0
Sao Tome and Principe,STP,-2000,0
Sao Tome and Principe,STP,-1000,0
Sao Tome and Principe,STP,0,0
Sao Tome and Principe,STP,100,94.75236
Sao Tome and Principe,STP,200,118.49333
Sao Tome and Principe,STP,300,148.18271
Sao Tome and Principe,STP,400,185.31085
Sao Tome and Principe,STP,500,231.74158
Sao Tome and Principe,STP,600,289.8056
Sao Tome and Principe,STP,700,362.41766
Sao Tome and Principe,STP,800,453.22275
Sao Tome and Principe,STP,900,566.779
Sao Tome and Principe,STP,1000,708.78674
Sao Tome and Principe,STP,1100,886.37427
Sao Tome and Principe,STP,1200,1108.4559
Sao Tome and Principe,STP,1300,1386.1796
Sao Tome and Principe,STP,1400,1733.4858
Sao Tome and Principe,STP,1500,2167.808
Sao Tome and Principe,STP,1600,2710.9478
Sao Tome and Principe,STP,1700,3390.168
Sao Tome and Principe,STP,1710,3686.2605
Sao Tome and Principe,STP,1720,4013.1924
Sao Tome and Principe,STP,1730,4374.3384
Sao Tome and Principe,STP,1740,4773.4473
Sao Tome and Principe,STP,1750,5214.682
Sao Tome and Principe,STP,1760,5702.669
Sao Tome and Principe,STP,1770,6242.5454
Sao Tome and Principe,STP,1780,6840.0186
Sao Tome and Principe,STP,1790,7501.4297
Sao Tome and Principe,STP,1800,8233.822
Sao Tome and Principe,STP,1810,9045.021
Sao Tome and Principe,STP,1820,9943.72
Sao Tome and Principe,STP,1830,10939.574
Sao Tome and Principe,STP,1840,12043.316
Sao Tome and Principe,STP,1850,13266.865
Sao Tome and Principe,STP,1860,14623.465
Sao Tome and Principe,STP,1870,16127.829
Sao Tome and Principe,STP,1880,17796.305
Sao Tome and Principe,STP,1890,19647.055
Sao Tome and Principe,STP,1900,21700.26
Sao Tome and Principe,STP,1910,23978.338
Sao Tome and Principe,STP,1920,26506.201
Sao Tome and Principe,STP,1930,29311.53
Sao Tome and Principe,STP,1940,32005.988
Sao Tome and Principe,STP,1950,31749.164
Sao Tome and Principe,STP,1951,31325.992
Sao Tome and Principe,STP,1952,30966.842
Sao Tome and Principe,STP,1953,30777.545
Sao Tome and Principe,STP,1954,30814.191
Sao Tome and Principe,STP,1955,31104.828
Sao Tome and Principe,STP,1956,31614.533
Sao Tome and Principe,STP,1957,32273.465
Sao Tome and Principe,STP,1958,32976.32
Sao Tome and Principe,STP,1959,33589.754
Sao Tome and Principe,STP,1960,34000
Sao Tome and Principe,STP,1961,34000
Sao Tome and Principe,STP,1962,34000
Sao Tome and Principe,STP,1963,34000
Sao Tome and Principe,STP,1964,34000
Sao Tome and Principe,STP,1965,35000
Sao Tome and Principe,STP,1966,35000
Sao Tome and Principe,STP,1967,35000
Sao Tome and Principe,STP,1968,35000
Sao Tome and Principe,STP,1969,35000
Sao Tome and Principe,STP,1970,35000
Sao Tome and Principe,STP,1971,35993.555
Sao Tome and Principe,STP,1972,35993.56
Sao Tome and Principe,STP,1973,35993.56
Sao Tome and Principe,STP,1974,35993.527
Sao Tome and Principe,STP,1975,35993.434
Sao Tome and Principe,STP,1976,35993.355
Sao Tome and Principe,STP,1977,35993.273
Sao Tome and Principe,STP,1978,35993.19
Sao Tome and Principe,STP,1979,35993.11
Sao Tome and Principe,STP,1980,35993.035
Sao Tome and Principe,STP,1981,35992.965
Sao Tome and Principe,STP,1982,35992.902
Sao Tome and Principe,STP,1983,35992.84
Sao Tome and Principe,STP,1984,35992.78
Sao Tome and Principe,STP,1985,36989.184
Sao Tome and Principe,STP,1986,36989.36
Sao Tome and Principe,STP,1987,36989.53
Sao Tome and Principe,STP,1988,36989.71
Sao Tome and Principe,STP,1989,41000
Sao Tome and Principe,STP,1990,41000
Sao Tome and Principe,STP,1991,41000
Sao Tome and Principe,STP,1992,40959.094
Sao Tome and Principe,STP,1993,40959.867
Sao Tome and Principe,STP,1994,42972.227
Sao Tome and Principe,STP,1995,43979.562
Sao Tome and Principe,STP,1996,43980.977
Sao Tome and Principe,STP,1997,44982.77
Sao Tome and Principe,STP,1998,44984.14
Sao Tome and Principe,STP,1999,45986.61
Sao Tome and Principe,STP,2000,47988.066
Sao Tome and Principe,STP,2001,49989.727
Sao Tome and Principe,STP,2002,49990.902
Sao Tome and Principe,STP,2003,51992.375
Sao Tome and Principe,STP,2004,47994.816
Sao Tome and Principe,STP,2005,46995.6
Sao Tome and Principe,STP,2006,46996.492
Sao Tome and Principe,STP,2007,46997.375
Sao Tome and Principe,STP,2008,45998.22
Sao Tome and Principe,STP,2009,45999.08
Sao Tome and Principe,STP,2010,45000
Sao Tome and Principe,STP,2011,43000
Sao Tome and Principe,STP,2012,43000
Sao Tome and Principe,STP,2013,43000
Sao Tome and Principe,STP,2014,43000
Sao Tome and Principe,STP,2015,43000
Sao Tome and Principe,STP,2016,43000
Sao Tome and Principe,STP,2017,43000
Sao Tome and Principe,STP,2018,43000
Sao Tome and Principe,STP,2019,43000
Sao Tome and Principe,STP,2020,43000
Sao Tome and Principe,STP,2021,43000
Sao Tome and Principe,STP,2022,43000
Sao Tome and Principe,STP,2023,43000
Saudi Arabia,SAU,-10000,0
Saudi Arabia,SAU,-9000,0
Saudi Arabia,SAU,-8000,0
Saudi Arabia,SAU,-7000,0
Saudi Arabia,SAU,-6000,0
Saudi Arabia,SAU,-5000,0
Saudi Arabia,SAU,-4000,0
Saudi Arabia,SAU,-3000,0
Saudi Arabia,SAU,-2000,616081.9
Saudi Arabia,SAU,-1000,839509
Saudi Arabia,SAU,0,1099773.4
Saudi Arabia,SAU,100,1259480.5
Saudi Arabia,SAU,200,1441040
Saudi Arabia,SAU,300,1647065.2
Saudi Arabia,SAU,400,1880359.4
Saudi Arabia,SAU,500,2143882.2
Saudi Arabia,SAU,600,2440686.5
Saudi Arabia,SAU,700,2333304.8
Saudi Arabia,SAU,800,2225278.8
Saudi Arabia,SAU,900,1981283.8
Saudi Arabia,SAU,1000,1744587.8
Saudi Arabia,SAU,1100,1745828.9
Saudi Arabia,SAU,1200,1737596.9
Saudi Arabia,SAU,1300,1718231
Saudi Arabia,SAU,1400,1433113.4
Saudi Arabia,SAU,1500,1382445.2
Saudi Arabia,SAU,1600,1442597.4
Saudi Arabia,SAU,1700,1163476.8
Saudi Arabia,SAU,1710,1154548.5
Saudi Arabia,SAU,1720,1145202.6
Saudi Arabia,SAU,1730,1135416.1
Saudi Arabia,SAU,1740,1125163.6
Saudi Arabia,SAU,1750,1114417.1
Saudi Arabia,SAU,1760,1103145.6
Saudi Arabia,SAU,1770,1091314.6
Saudi Arabia,SAU,1780,1078885.8
Saudi Arabia,SAU,1790,1065815.6
Saudi Arabia,SAU,1800,1052055.4
Saudi Arabia,SAU,1810,1037549.6
Saudi Arabia,SAU,1820,1022234.75
Saudi Arabia,SAU,1830,1033800.75
Saudi Arabia,SAU,1840,1033167.5
Saudi Arabia,SAU,1850,1031103.5
Saudi Arabia,SAU,1860,1027413.9
Saudi Arabia,SAU,1870,1021866.8
Saudi Arabia,SAU,1880,1025273.06
Saudi Arabia,SAU,1890,1029001.25
Saudi Arabia,SAU,1900,1029622.44
Saudi Arabia,SAU,1910,1026439.9
Saudi Arabia,SAU,1920,986863.5
Saudi Arabia,SAU,1930,990543.4
Saudi Arabia,SAU,1940,986376.25
Saudi Arabia,SAU,1950,971357.6
Saudi Arabia,SAU,1951,987989.94
Saudi Arabia,SAU,1952,1006459.06
Saudi Arabia,SAU,1953,1025796.7
Saudi Arabia,SAU,1954,1045366.8
Saudi Arabia,SAU,1955,1064850.1
Saudi Arabia,SAU,1956,1084257.1
Saudi Arabia,SAU,1957,1103881.2
Saudi Arabia,SAU,1958,1124259.5
Saudi Arabia,SAU,1959,1146091.2
Saudi Arabia,SAU,1960,1170000
Saudi Arabia,SAU,1961,1170000
Saudi Arabia,SAU,1962,1190000
Saudi Arabia,SAU,1963,1212000
Saudi Arabia,SAU,1964,1241000
Saudi Arabia,SAU,1965,1262000
Saudi Arabia,SAU,1966,1284000
Saudi Arabia,SAU,1967,1304000
Saudi Arabia,SAU,1968,1340000
Saudi Arabia,SAU,1969,1375000
Saudi Arabia,SAU,1970,1420000
Saudi Arabia,SAU,1971,1467000
Saudi Arabia,SAU,1972,1517000
Saudi Arabia,SAU,1973,1570000
Saudi Arabia,SAU,1974,1640000
Saudi Arabia,SAU,1975,1684000
Saudi Arabia,SAU,1976,1750000
Saudi Arabia,SAU,1977,1804000
Saudi Arabia,SAU,1978,1856000
Saudi Arabia,SAU,1979,1909000
Saudi Arabia,SAU,1980,1962000
Saudi Arabia,SAU,1981,2013000
Saudi Arabia,SAU,1982,2068000
Saudi Arabia,SAU,1983,2270000
Saudi Arabia,SAU,1984,2423000
Saudi Arabia,SAU,1985,2625000
Saudi Arabia,SAU,1986,2780000
Saudi Arabia,SAU,1987,2980000
Saudi Arabia,SAU,1988,3130000
Saudi Arabia,SAU,1989,3290000
Saudi Arabia,SAU,1990,3481000
Saudi Arabia,SAU,1991,3672000
Saudi Arabia,SAU,1992,3746000
Saudi Arabia,SAU,1993,3785000
Saudi Arabia,SAU,1994,3785000
Saudi Arabia,SAU,1995,3785000
Saudi Arabia,SAU,1996,3785000
Saudi Arabia,SAU,1997,3785000
Saudi Arabia,SAU,1998,3785000
Saudi Arabia,SAU,1999,3785000
Saudi Arabia,SAU,2000,3785000
Saudi Arabia,SAU,2001,3791000
Saudi Arabia,SAU,2002,3793000
Saudi Arabia,SAU,2003,3798000
Saudi Arabia,SAU,2004,3709000
Saudi Arabia,SAU,2005,3717000
Saudi Arabia,SAU,2006,3674000
Saudi Arabia,SAU,2007,3675000
Saudi Arabia,SAU,2008,3572000
Saudi Arabia,SAU,2009,3435000
Saudi Arabia,SAU,2010,3406000
Saudi Arabia,SAU,2011,3388000
Saudi Arabia,SAU,2012,3345000
Saudi Arabia,SAU,2013,3295000
Saudi Arabia,SAU,2014,3575300
Saudi Arabia,SAU,2015,3635400
Saudi Arabia,SAU,2016,3619000
Saudi Arabia,SAU,2017,3612000
Saudi Arabia,SAU,2018,3750650
Saudi Arabia,SAU,2019,3818420
Saudi Arabia,SAU,2020,3886189.8
Saudi Arabia,SAU,2021,3953960.2
Saudi Arabia,SAU,2022,4021730
Saudi Arabia,SAU,2023,4089499.5
Senegal,SEN,-10000,0
Senegal,SEN,-9000,0
Senegal,SEN,-8000,0
Senegal,SEN,-7000,0
Senegal,SEN,-6000,0
Senegal,SEN,-5000,0
Senegal,SEN,-4000,0
Senegal,SEN,-3000,0
Senegal,SEN,-2000,0
Senegal,SEN,-1000,0
Senegal,SEN,0,11413.244
Senegal,SEN,100,14305.127
Senegal,SEN,200,17929.363
Senegal,SEN,300,22471.33
Senegal,SEN,400,28163.299
Senegal,SEN,500,35296.312
Senegal,SEN,600,44235.023
Senegal,SEN,700,55436.34
Senegal,SEN,800,69472.7
Senegal,SEN,900,87061.36
Senegal,SEN,1000,109100.91
Senegal,SEN,1100,136717.17
Senegal,SEN,1200,171320.67
Senegal,SEN,1300,214678.44
Senegal,SEN,1400,269004.38
Senegal,SEN,1500,337071.88
Senegal,SEN,1600,422355.4
Senegal,SEN,1700,529207.7
Senegal,SEN,1710,536849.56
Senegal,SEN,1720,544924.1
Senegal,SEN,1730,553476.1
Senegal,SEN,1740,562557.44
Senegal,SEN,1750,572228.1
Senegal,SEN,1760,582558.7
Senegal,SEN,1770,593632.1
Senegal,SEN,1780,605547.3
Senegal,SEN,1790,618422.9
Senegal,SEN,1800,632403
Senegal,SEN,1810,647664.7
Senegal,SEN,1820,664428.44
Senegal,SEN,1830,682973.06
Senegal,SEN,1840,703657.5
Senegal,SEN,1850,726953.7
Senegal,SEN,1860,753497.44
Senegal,SEN,1870,784170.3
Senegal,SEN,1880,820240.3
Senegal,SEN,1890,863613.75
Senegal,SEN,1900,917708.2
Senegal,SEN,1910,1147404.5
Senegal,SEN,1920,1101766.8
Senegal,SEN,1930,1377531.2
Senegal,SEN,1940,1653424.8
Senegal,SEN,1950,2284681.2
Senegal,SEN,1951,2338507.8
Senegal,SEN,1952,2394845.2
Senegal,SEN,1953,2453867.5
Senegal,SEN,1954,2515713.5
Senegal,SEN,1955,2580455
Senegal,SEN,1956,2648131.8
Senegal,SEN,1957,2718701.8
Senegal,SEN,1958,2792095.2
Senegal,SEN,1959,2868214.2
Senegal,SEN,1960,2947000
Senegal,SEN,1961,2947000
Senegal,SEN,1962,2947000
Senegal,SEN,1963,3047000
Senegal,SEN,1964,3047000
Senegal,SEN,1965,3147000
Senegal,SEN,1966,3147000
Senegal,SEN,1967,3247000
Senegal,SEN,1968,3417000
Senegal,SEN,1969,3203000
Senegal,SEN,1970,3164000
Senegal,SEN,1971,3246000
Senegal,SEN,1972,3246000
Senegal,SEN,1973,3296000
Senegal,SEN,1974,3346000
Senegal,SEN,1975,3346000
Senegal,SEN,1976,3345000
Senegal,SEN,1977,3144000
Senegal,SEN,1978,3143000
Senegal,SEN,1979,3142000
Senegal,SEN,1980,3141000
Senegal,SEN,1981,3140000
Senegal,SEN,1982,3139000
Senegal,SEN,1983,3138000
Senegal,SEN,1984,3137000
Senegal,SEN,1985,3136000
Senegal,SEN,1986,3134000
Senegal,SEN,1987,3132000
Senegal,SEN,1988,3130000
Senegal,SEN,1989,3127000
Senegal,SEN,1990,3125000
Senegal,SEN,1991,3009000
Senegal,SEN,1992,3080000
Senegal,SEN,1993,3118000
Senegal,SEN,1994,3215000
Senegal,SEN,1995,3115000
Senegal,SEN,1996,3257000
Senegal,SEN,1997,2978000
Senegal,SEN,1998,2740000
Senegal,SEN,1999,3462000
Senegal,SEN,2000,3377000
Senegal,SEN,2001,3149000
Senegal,SEN,2002,3100000
Senegal,SEN,2003,2982000
Senegal,SEN,2004,3037000
Senegal,SEN,2005,3176000
Senegal,SEN,2006,2888000
Senegal,SEN,2007,2903000
Senegal,SEN,2008,3675000
Senegal,SEN,2009,3888000
Senegal,SEN,2010,3858000
Senegal,SEN,2011,3365000
Senegal,SEN,2012,3365000
Senegal,SEN,2013,3268000
Senegal,SEN,2014,3272000
Senegal,SEN,2015,3273000
Senegal,SEN,2016,3278000
Senegal,SEN,2017,3278000
Senegal,SEN,2018,3281600
Senegal,SEN,2019,3284200
Senegal,SEN,2020,3286800
Senegal,SEN,2021,3289400
Senegal,SEN,2022,3292000
Senegal,SEN,2023,3294600
Serbia and Montenegro,OWID_SRM,-10000,0
Serbia and Montenegro,OWID_SRM,-9000,0
Serbia and Montenegro,OWID_SRM,-8000,0
Serbia and Montenegro,OWID_SRM,-7000,0
Serbia and Montenegro,OWID_SRM,-6000,0
Serbia and Montenegro,OWID_SRM,-5000,0
Serbia and Montenegro,OWID_SRM,-4000,20757.777
Serbia and Montenegro,OWID_SRM,-3000,124546.664
Serbia and Montenegro,OWID_SRM,-2000,232263.11
Serbia and Montenegro,OWID_SRM,-1000,425119.34
Serbia and Montenegro,OWID_SRM,0,753250.56
Serbia and Montenegro,OWID_SRM,100,736905.6
Serbia and Montenegro,OWID_SRM,200,726199.7
Serbia and Montenegro,OWID_SRM,300,715098.75
Serbia and Montenegro,OWID_SRM,400,703569.7
Serbia and Montenegro,OWID_SRM,500,691574.6
Serbia and Montenegro,OWID_SRM,600,679070
Serbia and Montenegro,OWID_SRM,700,666005.25
Serbia and Montenegro,OWID_SRM,800,652321.06
Serbia and Montenegro,OWID_SRM,900,690418.44
Serbia and Montenegro,OWID_SRM,1000,725147.56
Serbia and Montenegro,OWID_SRM,1100,772697.44
Serbia and Montenegro,OWID_SRM,1200,2185834
Serbia and Montenegro,OWID_SRM,1300,853076.7
Serbia and Montenegro,OWID_SRM,1400,640181.5
Serbia and Montenegro,OWID_SRM,1500,790740
Serbia and Montenegro,OWID_SRM,1600,923390.1
Serbia and Montenegro,OWID_SRM,1700,875877.25
Serbia and Montenegro,OWID_SRM,1710,905897.44
Serbia and Montenegro,OWID_SRM,1720,935447.9
Serbia and Montenegro,OWID_SRM,1730,964519.1
Serbia and Montenegro,OWID_SRM,1740,993101.9
Serbia and Montenegro,OWID_SRM,1750,1021186.25
Serbia and Montenegro,OWID_SRM,1760,1048761.9
Serbia and Montenegro,OWID_SRM,1770,1075817.9
Serbia and Montenegro,OWID_SRM,1780,1102343.1
Serbia and Montenegro,OWID_SRM,1790,1128325.6
Serbia and Montenegro,OWID_SRM,1800,1153753
Serbia and Montenegro,OWID_SRM,1810,1178612.4
Serbia and Montenegro,OWID_SRM,1820,1202890.1
Serbia and Montenegro,OWID_SRM,1830,1226571.9
Serbia and Montenegro,OWID_SRM,1840,1249642.6
Serbia and Montenegro,OWID_SRM,1850,1552310
Serbia and Montenegro,OWID_SRM,1860,1849978.9
Serbia and Montenegro,OWID_SRM,1870,2142527.2
Serbia and Montenegro,OWID_SRM,1880,2429827.2
Serbia and Montenegro,OWID_SRM,1890,2711727
Serbia and Montenegro,OWID_SRM,1900,2988130.2
Serbia and Montenegro,OWID_SRM,1910,3258831.2
Serbia and Montenegro,OWID_SRM,1920,3523703.5
Serbia and Montenegro,OWID_SRM,1930,3782559
Serbia and Montenegro,OWID_SRM,1940,4035218.2
Serbia and Montenegro,OWID_SRM,1950,4279206
Serbia and Montenegro,OWID_SRM,1951,4351188
Serbia and Montenegro,OWID_SRM,1952,4418559
Serbia and Montenegro,OWID_SRM,1953,4480536
Serbia and Montenegro,OWID_SRM,1954,4536752.5
Serbia and Montenegro,OWID_SRM,1955,4587232.5
Serbia and Montenegro,OWID_SRM,1956,4632406
Serbia and Montenegro,OWID_SRM,1957,4673126
Serbia and Montenegro,OWID_SRM,1958,4710560
Serbia and Montenegro,OWID_SRM,1959,4746073
Serbia and Montenegro,OWID_SRM,1960,4780938
Serbia and Montenegro,OWID_SRM,1961,4780938
Serbia and Montenegro,OWID_SRM,1962,4770100.5
Serbia and Montenegro,OWID_SRM,1963,4764397
Serbia and Montenegro,OWID_SRM,1964,4758694
Serbia and Montenegro,OWID_SRM,1965,4737589
Serbia and Montenegro,OWID_SRM,1966,4714774
Serbia and Montenegro,OWID_SRM,1967,4715344
Serbia and Montenegro,OWID_SRM,1968,4703366.5
Serbia and Montenegro,OWID_SRM,1969,4698233
Serbia and Montenegro,OWID_SRM,1970,4679981
Serbia and Montenegro,OWID_SRM,1971,4661728.5
Serbia and Montenegro,OWID_SRM,1972,4637202
Serbia and Montenegro,OWID_SRM,1973,4614957.5
Serbia and Montenegro,OWID_SRM,1974,4600697.5
Serbia and Montenegro,OWID_SRM,1975,4582445.5
Serbia and Montenegro,OWID_SRM,1976,4565904.5
Serbia and Montenegro,OWID_SRM,1977,4533392.5
Serbia and Montenegro,OWID_SRM,1978,4521415
Serbia and Montenegro,OWID_SRM,1979,4503733
Serbia and Montenegro,OWID_SRM,1980,4496888.5
Serbia and Montenegro,OWID_SRM,1981,4485481
Serbia and Montenegro,OWID_SRM,1982,4471221.5
Serbia and Montenegro,OWID_SRM,1983,4456392
Serbia and Montenegro,OWID_SRM,1984,4442132
Serbia and Montenegro,OWID_SRM,1985,4437569
Serbia and Montenegro,OWID_SRM,1986,4435858
Serbia and Montenegro,OWID_SRM,1987,4429584
Serbia and Montenegro,OWID_SRM,1988,4426161.5
Serbia and Montenegro,OWID_SRM,1989,4422739.5
Serbia and Montenegro,OWID_SRM,1990,4413613.5
Serbia and Montenegro,OWID_SRM,1991,4349160
Serbia and Montenegro,OWID_SRM,1992,4076000
Serbia and Montenegro,OWID_SRM,1993,4078000
Serbia and Montenegro,OWID_SRM,1994,4085000
Serbia and Montenegro,OWID_SRM,1995,4085000
Serbia and Montenegro,OWID_SRM,1996,4061000
Serbia and Montenegro,OWID_SRM,1997,4058000
Serbia and Montenegro,OWID_SRM,1998,4047000
Serbia and Montenegro,OWID_SRM,1999,3733000
Serbia and Montenegro,OWID_SRM,2000,3736000
Serbia and Montenegro,OWID_SRM,2001,3728000
Serbia and Montenegro,OWID_SRM,2002,3724000
Serbia and Montenegro,OWID_SRM,2003,3717000
Serbia and Montenegro,OWID_SRM,2004,3715000
Serbia and Montenegro,OWID_SRM,2005,3822000
Serbia and Montenegro,OWID_SRM,2006,3808000
Serbia and Montenegro,OWID_SRM,2007,3788000
Serbia and Montenegro,OWID_SRM,2008,3791000
Serbia and Montenegro,OWID_SRM,2009,3785000
Serbia and Montenegro,OWID_SRM,2010,3778000
Serbia and Montenegro,OWID_SRM,2011,3784000
Serbia and Montenegro,OWID_SRM,2012,3764000
Serbia and Montenegro,OWID_SRM,2013,3764000
Serbia and Montenegro,OWID_SRM,2014,3764000
Serbia and Montenegro,OWID_SRM,2015,3756400
Serbia and Montenegro,OWID_SRM,2016,3749920
Serbia and Montenegro,OWID_SRM,2017,3748936
Serbia and Montenegro,OWID_SRM,2018,3743388.8
Serbia and Montenegro,OWID_SRM,2019,3738968
Serbia and Montenegro,OWID_SRM,2020,3734547.2
Serbia and Montenegro,OWID_SRM,2021,3730126.5
Serbia and Montenegro,OWID_SRM,2022,3725705.5
Serbia and Montenegro,OWID_SRM,2023,3721284.8
Sierra Leone,SLE,-10000,0
Sierra Leone,SLE,-9000,0
Sierra Leone,SLE,-8000,0
Sierra Leone,SLE,-7000,0
Sierra Leone,SLE,-6000,0
Sierra Leone,SLE,-5000,0
Sierra Leone,SLE,-4000,0
Sierra Leone,SLE,-3000,0
Sierra Leone,SLE,-2000,0
Sierra Leone,SLE,-1000,0
Sierra Leone,SLE,0,0
Sierra Leone,SLE,100,0
Sierra Leone,SLE,200,0
Sierra Leone,SLE,300,0
Sierra Leone,SLE,400,0
Sierra Leone,SLE,500,0
Sierra Leone,SLE,600,0
Sierra Leone,SLE,700,0
Sierra Leone,SLE,800,1459.2678
Sierra Leone,SLE,900,2918.5356
Sierra Leone,SLE,1000,3138.1865
Sierra Leone,SLE,1100,3362.3005
Sierra Leone,SLE,1200,3586.3796
Sierra Leone,SLE,1300,3803.6025
Sierra Leone,SLE,1400,4003.543
Sierra Leone,SLE,1500,4169.865
Sierra Leone,SLE,1600,4275.7217
Sierra Leone,SLE,1700,4273.06
Sierra Leone,SLE,1710,4687.851
Sierra Leone,SLE,1720,5140.313
Sierra Leone,SLE,1730,5633.368
Sierra Leone,SLE,1740,6170.0557
Sierra Leone,SLE,1750,6753.506
Sierra Leone,SLE,1760,7386.898
Sierra Leone,SLE,1770,8073.4146
Sierra Leone,SLE,1780,8816.16
Sierra Leone,SLE,1790,9618.068
Sierra Leone,SLE,1800,10481.761
Sierra Leone,SLE,1810,11409.37
Sierra Leone,SLE,1820,12402.286
Sierra Leone,SLE,1830,13460.829
Sierra Leone,SLE,1840,14298.286
Sierra Leone,SLE,1850,15155.664
Sierra Leone,SLE,1860,16027.046
Sierra Leone,SLE,1870,23666.947
Sierra Leone,SLE,1880,34849.008
Sierra Leone,SLE,1890,51150.97
Sierra Leone,SLE,1900,74810.35
Sierra Leone,SLE,1910,108970.61
Sierra Leone,SLE,1920,152354.31
Sierra Leone,SLE,1930,211879.1
Sierra Leone,SLE,1940,292840.06
Sierra Leone,SLE,1950,401792.25
Sierra Leone,SLE,1951,402187.56
Sierra Leone,SLE,1952,402747.72
Sierra Leone,SLE,1953,403414.72
Sierra Leone,SLE,1954,404149.53
Sierra Leone,SLE,1955,404930.44
Sierra Leone,SLE,1956,405758.5
Sierra Leone,SLE,1957,406646.16
Sierra Leone,SLE,1958,407624.25
Sierra Leone,SLE,1959,408730.44
Sierra Leone,SLE,1960,410000
Sierra Leone,SLE,1961,410000
Sierra Leone,SLE,1962,415000
Sierra Leone,SLE,1963,420000
Sierra Leone,SLE,1964,425000
Sierra Leone,SLE,1965,430000
Sierra Leone,SLE,1966,435000
Sierra Leone,SLE,1967,440000
Sierra Leone,SLE,1968,450000
Sierra Leone,SLE,1969,455000
Sierra Leone,SLE,1970,460000
Sierra Leone,SLE,1971,465000
Sierra Leone,SLE,1972,470000
Sierra Leone,SLE,1973,475000
Sierra Leone,SLE,1974,480000
Sierra Leone,SLE,1975,485000
Sierra Leone,SLE,1976,490000
Sierra Leone,SLE,1977,495000
Sierra Leone,SLE,1978,505000
Sierra Leone,SLE,1979,515000
Sierra Leone,SLE,1980,520000
Sierra Leone,SLE,1981,525000
Sierra Leone,SLE,1982,540000
Sierra Leone,SLE,1983,545000
Sierra Leone,SLE,1984,560000
Sierra Leone,SLE,1985,610000
Sierra Leone,SLE,1986,615000
Sierra Leone,SLE,1987,620000
Sierra Leone,SLE,1988,621000
Sierra Leone,SLE,1989,621000
Sierra Leone,SLE,1990,621000
Sierra Leone,SLE,1991,621000
Sierra Leone,SLE,1992,611000
Sierra Leone,SLE,1993,611000
Sierra Leone,SLE,1994,610000
Sierra Leone,SLE,1995,610000
Sierra Leone,SLE,1996,610000
Sierra Leone,SLE,1997,609000
Sierra Leone,SLE,1998,609000
Sierra Leone,SLE,1999,604000
Sierra Leone,SLE,2000,610000
Sierra Leone,SLE,2001,801520
Sierra Leone,SLE,2002,1030080
Sierra Leone,SLE,2003,1366670
Sierra Leone,SLE,2004,1572730
Sierra Leone,SLE,2005,1612020
Sierra Leone,SLE,2006,1829880.1
Sierra Leone,SLE,2007,1423720
Sierra Leone,SLE,2008,1512230
Sierra Leone,SLE,2009,1600970
Sierra Leone,SLE,2010,1730380.1
Sierra Leone,SLE,2011,1817630.1
Sierra Leone,SLE,2012,1636650
Sierra Leone,SLE,2013,1748650
Sierra Leone,SLE,2014,1749000
Sierra Leone,SLE,2015,1749000
Sierra Leone,SLE,2016,1749000
Sierra Leone,SLE,2017,1749000
Sierra Leone,SLE,2018,1749140
Sierra Leone,SLE,2019,1749210
Sierra Leone,SLE,2020,1749280.1
Sierra Leone,SLE,2021,1749350
Sierra Leone,SLE,2022,1749419.9
Sierra Leone,SLE,2023,1749490
Singapore,SGP,-10000,0
Singapore,SGP,-9000,0
Singapore,SGP,-8000,0
Singapore,SGP,-7000,0
Singapore,SGP,-6000,0
Singapore,SGP,-5000,0
Singapore,SGP,-4000,0
Singapore,SGP,-3000,0
Singapore,SGP,-2000,0
Singapore,SGP,-1000,0
Singapore,SGP,0,0
Singapore,SGP,100,0
Singapore,SGP,200,0
Singapore,SGP,300,0
Singapore,SGP,400,0
Singapore,SGP,500,10.285599
Singapore,SGP,600,15.067789
Singapore,SGP,700,22.03356
Singapore,SGP,800,32.151787
Singapore,SGP,900,46.79998
Singapore,SGP,1000,67.91912
Singapore,SGP,1100,98.210754
Singapore,SGP,1200,141.36938
Singapore,SGP,1300,202.31285
Singapore,SGP,1400,287.2959
Singapore,SGP,1500,403.59338
Singapore,SGP,1600,557.89215
Singapore,SGP,1700,750.8133
Singapore,SGP,1710,959.0206
Singapore,SGP,1720,1224.3121
Singapore,SGP,1730,1562.0854
Singapore,SGP,1740,1991.7898
Singapore,SGP,1750,2537.9487
Singapore,SGP,1760,3231.421
Singapore,SGP,1770,4110.9473
Singapore,SGP,1780,5225.0283
Singapore,SGP,1790,6634.1904
Singapore,SGP,1800,8413.669
Singapore,SGP,1810,10656.542
Singapore,SGP,1820,13477.284
Singapore,SGP,1830,17015.629
Singapore,SGP,1840,21440.48
Singapore,SGP,1850,26953.314
Singapore,SGP,1860,33790.023
Singapore,SGP,1870,42219.188
Singapore,SGP,1880,43565.395
Singapore,SGP,1890,42962.34
Singapore,SGP,1900,42206.55
Singapore,SGP,1910,41139.445
Singapore,SGP,1920,40123.74
Singapore,SGP,1930,38161.1
Singapore,SGP,1940,36632.4
Singapore,SGP,1950,33309.215
Singapore,SGP,1951,32858.25
Singapore,SGP,1952,32375.748
Singapore,SGP,1953,31842.037
Singapore,SGP,1954,31256.842
Singapore,SGP,1955,30629.938
Singapore,SGP,1956,29972.207
Singapore,SGP,1957,29295.242
Singapore,SGP,1958,28617.957
Singapore,SGP,1959,27960.705
Singapore,SGP,1960,14000
Singapore,SGP,1961,14000
Singapore,SGP,1962,14000
Singapore,SGP,1963,13000
Singapore,SGP,1964,13000
Singapore,SGP,1965,13000
Singapore,SGP,1966,13000
Singapore,SGP,1967,13000
Singapore,SGP,1968,12000
Singapore,SGP,1969,12000
Singapore,SGP,1970,12000
Singapore,SGP,1971,10000
Singapore,SGP,1972,11000
Singapore,SGP,1973,11000
Singapore,SGP,1974,9000
Singapore,SGP,1975,8000
Singapore,SGP,1976,8000
Singapore,SGP,1977,8000
Singapore,SGP,1978,8000
Singapore,SGP,1979,8000
Singapore,SGP,1980,8000
Singapore,SGP,1981,7000
Singapore,SGP,1982,6000
Singapore,SGP,1983,6000
Singapore,SGP,1984,6000
Singapore,SGP,1985,5000
Singapore,SGP,1986,4000
Singapore,SGP,1987,3000
Singapore,SGP,1988,3000
Singapore,SGP,1989,2000
Singapore,SGP,1990,2000
Singapore,SGP,1991,1200
Singapore,SGP,1992,1200
Singapore,SGP,1993,1200
Singapore,SGP,1994,1200
Singapore,SGP,1995,1200
Singapore,SGP,1996,1200
Singapore,SGP,1997,1200
Singapore,SGP,1998,1200
Singapore,SGP,1999,1200
Singapore,SGP,2000,395.34775
Singapore,SGP,2001,0
Singapore,SGP,2002,0
Singapore,SGP,2003,0
Singapore,SGP,2004,0
Singapore,SGP,2005,0
Singapore,SGP,2006,0
Singapore,SGP,2007,0
Singapore,SGP,2008,0
Singapore,SGP,2009,0
Singapore,SGP,2010,0
Singapore,SGP,2011,0
Singapore,SGP,2012,0
Singapore,SGP,2013,0
Singapore,SGP,2014,0
Singapore,SGP,2015,0
Singapore,SGP,2016,0
Singapore,SGP,2017,0
Singapore,SGP,2018,0
Singapore,SGP,2019,3.5527137e-13
Singapore,SGP,2020,0
Singapore,SGP,2021,0
Singapore,SGP,2022,0
Singapore,SGP,2023,0
Slovakia,SVK,-10000,0
Slovakia,SVK,-9000,0
Slovakia,SVK,-8000,0
Slovakia,SVK,-7000,0
Slovakia,SVK,-6000,0
Slovakia,SVK,-5000,24176.818
Slovakia,SVK,-4000,39073.3
Slovakia,SVK,-3000,62794.66
Slovakia,SVK,-2000,100100.125
Slovakia,SVK,-1000,157532.75
Slovakia,SVK,0,242187.45
Slovakia,SVK,100,239968.67
Slovakia,SVK,200,237639.81
Slovakia,SVK,300,235189.75
Slovakia,SVK,400,232605.61
Slovakia,SVK,500,229872.19
Slovakia,SVK,600,226971.4
Slovakia,SVK,700,223881.44
Slovakia,SVK,800,220575.73
Slovakia,SVK,900,243904.9
Slovakia,SVK,1000,265938.38
Slovakia,SVK,1100,312543.38
Slovakia,SVK,1200,407139.03
Slovakia,SVK,1300,594833.06
Slovakia,SVK,1400,480879.97
Slovakia,SVK,1500,556772.6
Slovakia,SVK,1600,799520.4
Slovakia,SVK,1700,685011.5
Slovakia,SVK,1710,708317.3
Slovakia,SVK,1720,732253.7
Slovakia,SVK,1730,756819.3
Slovakia,SVK,1740,782010
Slovakia,SVK,1750,807818.1
Slovakia,SVK,1760,834231.75
Slovakia,SVK,1770,861234.06
Slovakia,SVK,1780,888802.56
Slovakia,SVK,1790,916907.7
Slovakia,SVK,1800,945512
Slovakia,SVK,1810,974567.9
Slovakia,SVK,1820,1023105.94
Slovakia,SVK,1830,1073468.5
Slovakia,SVK,1840,1125617.2
Slovakia,SVK,1850,1179485.5
Slovakia,SVK,1860,1234969.8
Slovakia,SVK,1870,1266819
Slovakia,SVK,1880,1298169
Slovakia,SVK,1890,1328727
Slovakia,SVK,1900,1358123.5
Slovakia,SVK,1910,1380693.8
Slovakia,SVK,1920,1399143.5
Slovakia,SVK,1930,1522481.4
Slovakia,SVK,1940,1508899.2
Slovakia,SVK,1950,1486558.1
Slovakia,SVK,1951,1513660.6
Slovakia,SVK,1952,1541500.5
Slovakia,SVK,1953,1569269.4
Slovakia,SVK,1954,1596318.5
Slovakia,SVK,1955,1622163.1
Slovakia,SVK,1956,1646489.5
Slovakia,SVK,1957,1669139.2
Slovakia,SVK,1958,1690082.4
Slovakia,SVK,1959,1709419.5
Slovakia,SVK,1960,1727254.1
Slovakia,SVK,1961,1743635.1
Slovakia,SVK,1962,1741704.1
Slovakia,SVK,1963,1742026
Slovakia,SVK,1964,1619089.8
Slovakia,SVK,1965,1733658.6
Slovakia,SVK,1966,1729153.1
Slovakia,SVK,1967,1725613.1
Slovakia,SVK,1968,1722716.6
Slovakia,SVK,1969,1719176.5
Slovakia,SVK,1970,1716602
Slovakia,SVK,1971,1714992.8
Slovakia,SVK,1972,1713061.9
Slovakia,SVK,1973,1709200
Slovakia,SVK,1974,1702441.8
Slovakia,SVK,1975,1691499.8
Slovakia,SVK,1976,1692143.4
Slovakia,SVK,1977,1692465.2
Slovakia,SVK,1978,1688281.6
Slovakia,SVK,1979,1677983.2
Slovakia,SVK,1980,1663501.1
Slovakia,SVK,1981,1663823
Slovakia,SVK,1982,1664144.9
Slovakia,SVK,1983,1663823
Slovakia,SVK,1984,1662213.9
Slovakia,SVK,1985,1658352.1
Slovakia,SVK,1986,1655777.5
Slovakia,SVK,1987,1652237.5
Slovakia,SVK,1988,1647410.1
Slovakia,SVK,1989,1643870.1
Slovakia,SVK,1990,1639686.4
Slovakia,SVK,1991,1625204.2
Slovakia,SVK,1992,1617802.5
Slovakia,SVK,1993,1611000
Slovakia,SVK,1994,1611000
Slovakia,SVK,1995,1606000
Slovakia,SVK,1996,1602000
Slovakia,SVK,1997,1599000
Slovakia,SVK,1998,1595000
Slovakia,SVK,1999,1587000
Slovakia,SVK,2000,1575000
Slovakia,SVK,2001,1471000
Slovakia,SVK,2002,1438000
Slovakia,SVK,2003,1441000
Slovakia,SVK,2004,1420000
Slovakia,SVK,2005,1417000
Slovakia,SVK,2006,1403000
Slovakia,SVK,2007,1402000
Slovakia,SVK,2008,1405000
Slovakia,SVK,2009,1406000
Slovakia,SVK,2010,1417400
Slovakia,SVK,2011,1411500
Slovakia,SVK,2012,1412500
Slovakia,SVK,2013,1382400
Slovakia,SVK,2014,1378000
Slovakia,SVK,2015,1368000
Slovakia,SVK,2016,1365000
Slovakia,SVK,2017,1361000
Slovakia,SVK,2018,1354140
Slovakia,SVK,2019,1348560
Slovakia,SVK,2020,1342980
Slovakia,SVK,2021,1337400
Slovakia,SVK,2022,1331820
Slovakia,SVK,2023,1326240
Slovenia,SVN,-10000,0
Slovenia,SVN,-9000,0
Slovenia,SVN,-8000,0
Slovenia,SVN,-7000,0
Slovenia,SVN,-6000,0
Slovenia,SVN,-5000,5825.05
Slovenia,SVN,-4000,8971.12
Slovenia,SVN,-3000,13739.009
Slovenia,SVN,-2000,20870.525
Slovenia,SVN,-1000,31299.38
Slovenia,SVN,0,45854.566
Slovenia,SVN,100,47070.117
Slovenia,SVN,200,48291.387
Slovenia,SVN,300,49514.07
Slovenia,SVN,400,50732.96
Slovenia,SVN,500,51941.707
Slovenia,SVN,600,53132.543
Slovenia,SVN,700,54295.934
Slovenia,SVN,800,55420.03
Slovenia,SVN,900,56489.965
Slovenia,SVN,1000,57486.85
Slovenia,SVN,1100,58386.285
Slovenia,SVN,1200,59156.008
Slovenia,SVN,1300,59752.24
Slovenia,SVN,1400,60113.4
Slovenia,SVN,1500,60148.598
Slovenia,SVN,1600,59714.55
Slovenia,SVN,1700,58562.426
Slovenia,SVN,1710,60554.863
Slovenia,SVN,1720,62601.207
Slovenia,SVN,1730,64701.355
Slovenia,SVN,1740,66854.94
Slovenia,SVN,1750,69061.305
Slovenia,SVN,1760,71319.43
Slovenia,SVN,1770,73627.89
Slovenia,SVN,1780,75984.75
Slovenia,SVN,1790,78387.5
Slovenia,SVN,1800,80832.91
Slovenia,SVN,1810,83316.92
Slovenia,SVN,1820,87466.5
Slovenia,SVN,1830,91772.055
Slovenia,SVN,1840,96230.31
Slovenia,SVN,1850,100835.57
Slovenia,SVN,1860,105578.98
Slovenia,SVN,1870,115394.35
Slovenia,SVN,1880,125994.03
Slovenia,SVN,1890,137405.23
Slovenia,SVN,1900,149642.72
Slovenia,SVN,1910,162701.92
Slovenia,SVN,1920,182084.94
Slovenia,SVN,1930,203276.2
Slovenia,SVN,1940,226227.69
Slovenia,SVN,1950,250747.02
Slovenia,SVN,1951,251360.19
Slovenia,SVN,1952,252206.33
Slovenia,SVN,1953,253219.1
Slovenia,SVN,1954,254335.75
Slovenia,SVN,1955,255506
Slovenia,SVN,1956,256674.17
Slovenia,SVN,1957,257794.61
Slovenia,SVN,1958,258824.86
Slovenia,SVN,1959,259727.69
Slovenia,SVN,1960,260476.9
Slovenia,SVN,1961,261057.72
Slovenia,SVN,1962,260465.94
Slovenia,SVN,1963,260154.5
Slovenia,SVN,1964,259843.05
Slovenia,SVN,1965,258690.7
Slovenia,SVN,1966,257444.89
Slovenia,SVN,1967,257476.03
Slovenia,SVN,1968,256821.97
Slovenia,SVN,1969,256541.67
Slovenia,SVN,1970,255545.05
Slovenia,SVN,1971,254548.39
Slovenia,SVN,1972,253209.16
Slovenia,SVN,1973,251994.5
Slovenia,SVN,1974,251215.88
Slovenia,SVN,1975,250219.23
Slovenia,SVN,1976,249316.05
Slovenia,SVN,1977,247540.77
Slovenia,SVN,1978,246886.72
Slovenia,SVN,1979,245921.22
Slovenia,SVN,1980,245547.48
Slovenia,SVN,1981,244924.58
Slovenia,SVN,1982,244145.95
Slovenia,SVN,1983,243336.19
Slovenia,SVN,1984,242557.56
Slovenia,SVN,1985,242308.4
Slovenia,SVN,1986,242214.97
Slovenia,SVN,1987,241872.36
Slovenia,SVN,1988,241685.5
Slovenia,SVN,1989,241498.62
Slovenia,SVN,1990,241000.31
Slovenia,SVN,1991,237480.9
Slovenia,SVN,1992,236000
Slovenia,SVN,1993,235000
Slovenia,SVN,1994,230000
Slovenia,SVN,1995,229000
Slovenia,SVN,1996,224000
Slovenia,SVN,1997,205000
Slovenia,SVN,1998,203000
Slovenia,SVN,1999,202000
Slovenia,SVN,2000,204000
Slovenia,SVN,2001,203000
Slovenia,SVN,2002,198000
Slovenia,SVN,2003,202000
Slovenia,SVN,2004,205000
Slovenia,SVN,2005,204000
Slovenia,SVN,2006,206000
Slovenia,SVN,2007,201000
Slovenia,SVN,2008,233480
Slovenia,SVN,2009,235150
Slovenia,SVN,2010,236310.02
Slovenia,SVN,2011,236889.98
Slovenia,SVN,2012,235670
Slovenia,SVN,2013,237270
Slovenia,SVN,2014,237110.02
Slovenia,SVN,2015,237339.98
Slovenia,SVN,2016,237710.02
Slovenia,SVN,2017,238030
Slovenia,SVN,2018,238128
Slovenia,SVN,2019,238339.98
Slovenia,SVN,2020,238552
Slovenia,SVN,2021,238763.98
Slovenia,SVN,2022,238976
Slovenia,SVN,2023,239187.98
Solomon Islands,SLB,-10000,0
Solomon Islands,SLB,-9000,0
Solomon Islands,SLB,-8000,0
Solomon Islands,SLB,-7000,0
Solomon Islands,SLB,-6000,0
Solomon Islands,SLB,-5000,0
Solomon Islands,SLB,-4000,0
Solomon Islands,SLB,-3000,0
Solomon Islands,SLB,-2000,0
Solomon Islands,SLB,-1000,0
Solomon Islands,SLB,0,0
Solomon Islands,SLB,100,0
Solomon Islands,SLB,200,0
Solomon Islands,SLB,300,11.786655
Solomon Islands,SLB,400,17.34157
Solomon Islands,SLB,500,25.484112
Solomon Islands,SLB,600,37.399517
Solomon Islands,SLB,700,54.801918
Solomon Islands,SLB,800,80.160065
Solomon Islands,SLB,900,117.01119
Solomon Islands,SLB,1000,170.39026
Solomon Islands,SLB,1100,247.40277
Solomon Islands,SLB,1200,357.9597
Solomon Islands,SLB,1300,515.6576
Solomon Islands,SLB,1400,738.6855
Solomon Islands,SLB,1500,1050.3821
Solomon Islands,SLB,1600,1478.4016
Solomon Islands,SLB,1700,2049.6572
Solomon Islands,SLB,1710,2539.1062
Solomon Islands,SLB,1720,3144.6467
Solomon Islands,SLB,1730,3893.5715
Solomon Islands,SLB,1740,4819.51
Solomon Islands,SLB,1750,5963.878
Solomon Islands,SLB,1760,7377.6436
Solomon Islands,SLB,1770,9123.487
Solomon Islands,SLB,1780,11278.428
Solomon Islands,SLB,1790,13937.023
Solomon Islands,SLB,1800,17215.258
Solomon Islands,SLB,1810,21255.229
Solomon Islands,SLB,1820,22150.479
Solomon Islands,SLB,1830,23071.62
Solomon Islands,SLB,1840,24017.736
Solomon Islands,SLB,1850,24987.582
Solomon Islands,SLB,1860,25979.498
Solomon Islands,SLB,1870,26452.49
Solomon Islands,SLB,1880,26912.76
Solomon Islands,SLB,1890,27357.068
Solomon Islands,SLB,1900,27781.668
Solomon Islands,SLB,1910,28182.2
Solomon Islands,SLB,1920,30668.63
Solomon Islands,SLB,1930,33328.2
Solomon Islands,SLB,1940,36161.066
Solomon Islands,SLB,1950,39163.08
Solomon Islands,SLB,1951,39935.035
Solomon Islands,SLB,1952,40811.47
Solomon Islands,SLB,1953,41774.996
Solomon Islands,SLB,1954,42806.258
Solomon Islands,SLB,1955,43896.83
Solomon Islands,SLB,1956,45036.656
Solomon Islands,SLB,1957,46216.65
Solomon Islands,SLB,1958,47435.895
Solomon Islands,SLB,1959,48697.33
Solomon Islands,SLB,1960,50000
Solomon Islands,SLB,1961,50000
Solomon Islands,SLB,1962,50000
Solomon Islands,SLB,1963,50000
Solomon Islands,SLB,1964,50000
Solomon Islands,SLB,1965,50000
Solomon Islands,SLB,1966,50000
Solomon Islands,SLB,1967,50000
Solomon Islands,SLB,1968,50000
Solomon Islands,SLB,1969,50000
Solomon Islands,SLB,1970,50000
Solomon Islands,SLB,1971,50000
Solomon Islands,SLB,1972,50000
Solomon Islands,SLB,1973,50000
Solomon Islands,SLB,1974,50000
Solomon Islands,SLB,1975,50000
Solomon Islands,SLB,1976,50000
Solomon Islands,SLB,1977,51000
Solomon Islands,SLB,1978,52000
Solomon Islands,SLB,1979,54000
Solomon Islands,SLB,1980,54000
Solomon Islands,SLB,1981,54000
Solomon Islands,SLB,1982,57000
Solomon Islands,SLB,1983,57000
Solomon Islands,SLB,1984,59000
Solomon Islands,SLB,1985,59000
Solomon Islands,SLB,1986,61000
Solomon Islands,SLB,1987,60000
Solomon Islands,SLB,1988,62000
Solomon Islands,SLB,1989,63000
Solomon Islands,SLB,1990,63000
Solomon Islands,SLB,1991,64000
Solomon Islands,SLB,1992,66000
Solomon Islands,SLB,1993,66000
Solomon Islands,SLB,1994,66000
Solomon Islands,SLB,1995,67000
Solomon Islands,SLB,1996,67000
Solomon Islands,SLB,1997,67000
Solomon Islands,SLB,1998,68000
Solomon Islands,SLB,1999,69000
Solomon Islands,SLB,2000,69000
Solomon Islands,SLB,2001,70000
Solomon Islands,SLB,2002,72000
Solomon Islands,SLB,2003,75000
Solomon Islands,SLB,2004,75000
Solomon Islands,SLB,2005,81000
Solomon Islands,SLB,2006,86000
Solomon Islands,SLB,2007,86000
Solomon Islands,SLB,2008,89000
Solomon Islands,SLB,2009,92999.73
Solomon Islands,SLB,2010,98999.99
Solomon Islands,SLB,2011,98999.36
Solomon Islands,SLB,2012,100000
Solomon Islands,SLB,2013,100000
Solomon Islands,SLB,2014,100000
Solomon Islands,SLB,2015,100000
Solomon Islands,SLB,2016,99999.99
Solomon Islands,SLB,2017,100000
Solomon Islands,SLB,2018,100000
Solomon Islands,SLB,2019,100000
Solomon Islands,SLB,2020,100000
Solomon Islands,SLB,2021,100000
Solomon Islands,SLB,2022,100000
Solomon Islands,SLB,2023,100000
Somalia,SOM,-10000,0
Somalia,SOM,-9000,0
Somalia,SOM,-8000,0
Somalia,SOM,-7000,0
Somalia,SOM,-6000,0
Somalia,SOM,-5000,0
Somalia,SOM,-4000,0
Somalia,SOM,-3000,0
Somalia,SOM,-2000,0
Somalia,SOM,-1000,0
Somalia,SOM,0,0
Somalia,SOM,100,0
Somalia,SOM,200,0
Somalia,SOM,300,0
Somalia,SOM,400,0
Somalia,SOM,500,0
Somalia,SOM,600,0
Somalia,SOM,700,0
Somalia,SOM,800,0
Somalia,SOM,900,0
Somalia,SOM,1000,0
Somalia,SOM,1100,0
Somalia,SOM,1200,0
Somalia,SOM,1300,0
Somalia,SOM,1400,0
Somalia,SOM,1500,263647.38
Somalia,SOM,1600,278313.56
Somalia,SOM,1700,292741.25
Somalia,SOM,1710,296005.88
Somalia,SOM,1720,299265.6
Somalia,SOM,1730,302520.4
Somalia,SOM,1740,305770.3
Somalia,SOM,1750,309015.25
Somalia,SOM,1760,312255.28
Somalia,SOM,1770,315490.34
Somalia,SOM,1780,318720.44
Somalia,SOM,1790,321945.6
Somalia,SOM,1800,325165.72
Somalia,SOM,1810,328380.88
Somalia,SOM,1820,331591
Somalia,SOM,1830,350798.84
Somalia,SOM,1840,365164.53
Somalia,SOM,1850,380117.94
Somalia,SOM,1860,395683.16
Somalia,SOM,1870,416220.8
Somalia,SOM,1880,437823.78
Somalia,SOM,1890,460547.3
Somalia,SOM,1900,484449.56
Somalia,SOM,1910,509591.6
Somalia,SOM,1920,560159.4
Somalia,SOM,1930,615744.1
Somalia,SOM,1940,676843.6
Somalia,SOM,1950,744004.9
Somalia,SOM,1951,758276
Somalia,SOM,1952,772763.7
Somalia,SOM,1953,787569.3
Somalia,SOM,1954,802778.8
Somalia,SOM,1955,818455.6
Somalia,SOM,1956,834647.2
Somalia,SOM,1957,851386.6
Somalia,SOM,1958,868687.6
Somalia,SOM,1959,886557.6
Somalia,SOM,1960,905000
Somalia,SOM,1961,905000
Somalia,SOM,1962,910000
Somalia,SOM,1963,915000
Somalia,SOM,1964,920000
Somalia,SOM,1965,925000
Somalia,SOM,1966,930000
Somalia,SOM,1967,935000
Somalia,SOM,1968,940000
Somalia,SOM,1969,945000
Somalia,SOM,1970,950000
Somalia,SOM,1971,955000
Somalia,SOM,1972,960000
Somalia,SOM,1973,965000
Somalia,SOM,1974,970000
Somalia,SOM,1975,975000
Somalia,SOM,1976,980000
Somalia,SOM,1977,985000
Somalia,SOM,1978,990000
Somalia,SOM,1979,995000
Somalia,SOM,1980,1000000
Somalia,SOM,1981,1005000
Somalia,SOM,1982,1010000
Somalia,SOM,1983,1015000
Somalia,SOM,1984,1020000
Somalia,SOM,1985,1025000
Somalia,SOM,1986,1030000
Somalia,SOM,1987,1035000
Somalia,SOM,1988,1039000
Somalia,SOM,1989,1040000
Somalia,SOM,1990,1042000
Somalia,SOM,1991,1042000
Somalia,SOM,1992,1043000
Somalia,SOM,1993,1044000
Somalia,SOM,1994,1050000
Somalia,SOM,1995,1056000
Somalia,SOM,1996,1061000
Somalia,SOM,1997,1066000
Somalia,SOM,1998,1067000
Somalia,SOM,1999,1067000
Somalia,SOM,2000,1067000
Somalia,SOM,2001,1071000
Somalia,SOM,2002,1226000
Somalia,SOM,2003,1276000
Somalia,SOM,2004,1377000
Somalia,SOM,2005,1377000
Somalia,SOM,2006,1168000
Somalia,SOM,2007,1028000
Somalia,SOM,2008,1128000
Somalia,SOM,2009,1128000
Somalia,SOM,2010,1128000
Somalia,SOM,2011,1028000
Somalia,SOM,2012,1025000
Somalia,SOM,2013,1125000
Somalia,SOM,2014,1125000
Somalia,SOM,2015,1125000
Somalia,SOM,2016,1125000
Somalia,SOM,2017,1125000
Somalia,SOM,2018,1125000
Somalia,SOM,2019,1125000
Somalia,SOM,2020,1125000
Somalia,SOM,2021,1125000
Somalia,SOM,2022,1125000
Somalia,SOM,2023,1125000
South Africa,ZAF,-10000,0
South Africa,ZAF,-9000,0
South Africa,ZAF,-8000,0
South Africa,ZAF,-7000,0
South Africa,ZAF,-6000,0
South Africa,ZAF,-5000,0
South Africa,ZAF,-4000,0
South Africa,ZAF,-3000,0
South Africa,ZAF,-2000,0
South Africa,ZAF,-1000,0
South Africa,ZAF,0,0
South Africa,ZAF,100,0
South Africa,ZAF,200,0
South Africa,ZAF,300,0
South Africa,ZAF,400,0
South Africa,ZAF,500,0
South Africa,ZAF,600,0
South Africa,ZAF,700,0
South Africa,ZAF,800,0
South Africa,ZAF,900,0
South Africa,ZAF,1000,12039.172
South Africa,ZAF,1100,18058.758
South Africa,ZAF,1200,26335.688
South Africa,ZAF,1300,37622.414
South Africa,ZAF,1400,52906.51
South Africa,ZAF,1500,73481.266
South Africa,ZAF,1600,107160.195
South Africa,ZAF,1700,191357.47
South Africa,ZAF,1710,234677.95
South Africa,ZAF,1720,287698.8
South Africa,ZAF,1730,352562.78
South Africa,ZAF,1740,431877.53
South Africa,ZAF,1750,528814.44
South Africa,ZAF,1760,517781.97
South Africa,ZAF,1770,506749.56
South Africa,ZAF,1780,495717.12
South Africa,ZAF,1790,484684.66
South Africa,ZAF,1800,473652.25
South Africa,ZAF,1810,462619.78
South Africa,ZAF,1820,451587.34
South Africa,ZAF,1830,440554.88
South Africa,ZAF,1840,429522.47
South Africa,ZAF,1850,505591.06
South Africa,ZAF,1860,623336.7
South Africa,ZAF,1870,826782.94
South Africa,ZAF,1880,1636289
South Africa,ZAF,1890,2008540.2
South Africa,ZAF,1900,2801488
South Africa,ZAF,1910,3758212.5
South Africa,ZAF,1920,4650732.5
South Africa,ZAF,1930,5789092
South Africa,ZAF,1940,7022115.5
South Africa,ZAF,1950,9254284
South Africa,ZAF,1951,9475255
South Africa,ZAF,1952,9739554
South Africa,ZAF,1953,10003853
South Africa,ZAF,1954,10268152
South Africa,ZAF,1955,10532452
South Africa,ZAF,1956,10796752
South Africa,ZAF,1957,11061051
South Africa,ZAF,1958,11325350
South Africa,ZAF,1959,11589649
South Africa,ZAF,1960,11853949
South Africa,ZAF,1961,12235000
South Africa,ZAF,1962,12235000
South Africa,ZAF,1963,12295000
South Africa,ZAF,1964,12350000
South Africa,ZAF,1965,12410000
South Africa,ZAF,1966,12445000
South Africa,ZAF,1967,12480000
South Africa,ZAF,1968,12530000
South Africa,ZAF,1969,12580000
South Africa,ZAF,1970,12620000
South Africa,ZAF,1971,12670000
South Africa,ZAF,1972,12715000
South Africa,ZAF,1973,12760000
South Africa,ZAF,1974,12805000
South Africa,ZAF,1975,12845000
South Africa,ZAF,1976,12892000
South Africa,ZAF,1977,12850000
South Africa,ZAF,1978,12830000
South Africa,ZAF,1979,12780000
South Africa,ZAF,1980,12740000
South Africa,ZAF,1981,12700000
South Africa,ZAF,1982,12655000
South Africa,ZAF,1983,12655000
South Africa,ZAF,1984,12655000
South Africa,ZAF,1985,12655000
South Africa,ZAF,1986,12900000
South Africa,ZAF,1987,12850000
South Africa,ZAF,1988,12900000
South Africa,ZAF,1989,13000000
South Africa,ZAF,1990,13100000
South Africa,ZAF,1991,13205000
South Africa,ZAF,1992,13473000
South Africa,ZAF,1993,13736000
South Africa,ZAF,1994,13765000
South Africa,ZAF,1995,13820000
South Africa,ZAF,1996,13990000
South Africa,ZAF,1997,14045000
South Africa,ZAF,1998,14060000
South Africa,ZAF,1999,14130000
South Africa,ZAF,2000,14197000
South Africa,ZAF,2001,14085000
South Africa,ZAF,2002,14100000
South Africa,ZAF,2003,14000000
South Africa,ZAF,2004,13680000
South Africa,ZAF,2005,13555000
South Africa,ZAF,2006,12960000
South Africa,ZAF,2007,12962000
South Africa,ZAF,2008,13180000
South Africa,ZAF,2009,13060000
South Africa,ZAF,2010,12963000
South Africa,ZAF,2011,12446000
South Africa,ZAF,2012,12413000
South Africa,ZAF,2013,12413000
South Africa,ZAF,2014,12413000
South Africa,ZAF,2015,12413000
South Africa,ZAF,2016,12413000
South Africa,ZAF,2017,12413000
South Africa,ZAF,2018,12413000
South Africa,ZAF,2019,12413000
South Africa,ZAF,2020,12413000
South Africa,ZAF,2021,12413000
South Africa,ZAF,2022,12413000
South Africa,ZAF,2023,12413000
South America,,-10000,0
South America,,-9000,0
South America,,-8000,0
South America,,-7000,0
South America,,-6000,0
South America,,-5000,0
South America,,-4000,0
South America,,-3000,0
South America,,-2000,448395.6
South America,,-1000,2087275.8
South America,,0,2352290.8
South America,,100,2478021.2
South America,,200,2609229.2
South America,,300,2746322.5
South America,,400,2889579.8
South America,,500,3039587.8
South America,,600,3196760
South America,,700,3363667
South America,,800,3541740.5
South America,,900,3855900.5
South America,,1000,4186143.8
South America,,1100,4636927.5
South America,,1200,5160605
South America,,1300,5857373
South America,,1400,7257170
South America,,1500,7933369.5
South America,,1600,2985857.5
South America,,1700,2768788
South America,,1710,2882842.5
South America,,1720,3005995
South America,,1730,3139941
South America,,1740,3286766.8
South America,,1750,3449047.8
South America,,1760,3594420.5
South America,,1770,3750117.5
South America,,1780,3917436
South America,,1790,4097856.5
South America,,1800,4293075.5
South America,,1810,4450546
South America,,1820,4823919
South America,,1830,5612831
South America,,1840,6307003
South America,,1850,7203726.5
South America,,1860,8492994
South America,,1870,9385206
South America,,1880,10682357
South America,,1890,12546420
South America,,1900,14495896
South America,,1910,20520498
South America,,1920,28161834
South America,,1930,39317304
South America,,1940,43028444
South America,,1950,43101740
South America,,1951,43860548
South America,,1952,44655120
South America,,1953,45471016
South America,,1954,46302100
South America,,1955,47145092
South America,,1956,47997132
South America,,1957,48855730
South America,,1958,49717160
South America,,1959,50571910
South America,,1960,51362492
South America,,1961,52012172
South America,,1962,53108820
South America,,1963,54219720
South America,,1964,55302188
South America,,1965,56291016
South America,,1966,57801980
South America,,1967,58950180
South America,,1968,60883576
South America,,1969,63368030
South America,,1970,63975150
South America,,1971,64349840
South America,,1972,64980524
South America,,1973,65464096
South America,,1974,65974940
South America,,1975,66418704
South America,,1976,67016340
South America,,1977,67560210
South America,,1978,67989520
South America,,1979,68406350
South America,,1980,68876260
South America,,1981,69290860
South America,,1982,70669190
South America,,1983,71105940
South America,,1984,71647464
South America,,1985,72285550
South America,,1986,72822250
South America,,1987,74161384
South America,,1988,74989190
South America,,1989,76192184
South America,,1990,77666480
South America,,1991,79701310
South America,,1992,80369020
South America,,1993,81191656
South America,,1994,82597010
South America,,1995,83293750
South America,,1996,83951704
South America,,1997,85047144
South America,,1998,86340090
South America,,1999,87482910
South America,,2000,89289330
South America,,2001,90080500
South America,,2002,90000310
South America,,2003,91608296
South America,,2004,95960330
South America,,2005,100632400
South America,,2006,104439370
South America,,2007,108167864
South America,,2008,109181320
South America,,2009,110236136
South America,,2010,114805770
South America,,2011,117007020
South America,,2012,119566390
South America,,2013,122299530
South America,,2014,123347840
South America,,2015,125270450
South America,,2016,126871680
South America,,2017,128218500
South America,,2018,128336984
South America,,2019,128703096
South America,,2020,129304250
South America,,2021,130457730
South America,,2022,130980840
South America,,2023,131691540
South America (excl. Brazil),,-10000,0
South America (excl. Brazil),,-9000,0
South America (excl. Brazil),,-8000,0
South America (excl. Brazil),,-7000,0
South America (excl. Brazil),,-6000,0
South America (excl. Brazil),,-5000,0
South America (excl. Brazil),,-4000,0
South America (excl. Brazil),,-3000,0
South America (excl. Brazil),,-2000,448395.6
South America (excl. Brazil),,-1000,2087206
South America (excl. Brazil),,0,2352151
South America (excl. Brazil),,100,2477786.2
South America (excl. Brazil),,200,2608813.5
South America (excl. Brazil),,300,2745540
South America (excl. Brazil),,400,2888079
South America (excl. Brazil),,500,3036649.5
South America (excl. Brazil),,600,3190938
South America (excl. Brazil),,700,3351129.5
South America (excl. Brazil),,800,3516753
South America (excl. Brazil),,900,3806048.2
South America (excl. Brazil),,1000,4086547.5
South America (excl. Brazil),,1100,4444935
South America (excl. Brazil),,1200,4784564
South America (excl. Brazil),,1300,5113979.5
South America (excl. Brazil),,1400,5441142.5
South America (excl. Brazil),,1500,5796445
South America (excl. Brazil),,1600,2886756.8
South America (excl. Brazil),,1700,2687893.8
South America (excl. Brazil),,1710,2794147.8
South America (excl. Brazil),,1720,2908571.8
South America (excl. Brazil),,1730,3032714.2
South America (excl. Brazil),,1740,3168482.5
South America (excl. Brazil),,1750,3318238.2
South America (excl. Brazil),,1760,3449357.2
South America (excl. Brazil),,1770,3588755.5
South America (excl. Brazil),,1780,3737344.2
South America (excl. Brazil),,1790,3896131.8
South America (excl. Brazil),,1800,4066234.5
South America (excl. Brazil),,1810,4186238.8
South America (excl. Brazil),,1820,4509182
South America (excl. Brazil),,1830,5185185
South America (excl. Brazil),,1840,5765366.5
South America (excl. Brazil),,1850,6546805
South America (excl. Brazil),,1860,7719267
South America (excl. Brazil),,1870,8492868
South America (excl. Brazil),,1880,9555401
South America (excl. Brazil),,1890,11100563
South America (excl. Brazil),,1900,12665570
South America (excl. Brazil),,1910,18075688
South America (excl. Brazil),,1920,24708538
South America (excl. Brazil),,1930,34567140
South America (excl. Brazil),,1940,37791190
South America (excl. Brazil),,1950,36048430
South America (excl. Brazil),,1951,36510076
South America (excl. Brazil),,1952,37000490
South America (excl. Brazil),,1953,37507564
South America (excl. Brazil),,1954,38026640
South America (excl. Brazil),,1955,38554948
South America (excl. Brazil),,1956,39089110
South America (excl. Brazil),,1957,39625108
South America (excl. Brazil),,1958,40156812
South America (excl. Brazil),,1959,40671744
South America (excl. Brazil),,1960,41109820
South America (excl. Brazil),,1961,41384000
South America (excl. Brazil),,1962,42093000
South America (excl. Brazil),,1963,42808000
South America (excl. Brazil),,1964,43492000
South America (excl. Brazil),,1965,44084000
South America (excl. Brazil),,1966,45201000
South America (excl. Brazil),,1967,45957000
South America (excl. Brazil),,1968,47499000
South America (excl. Brazil),,1969,49591000
South America (excl. Brazil),,1970,49803000
South America (excl. Brazil),,1971,49907000
South America (excl. Brazil),,1972,50264000
South America (excl. Brazil),,1973,50469000
South America (excl. Brazil),,1974,50694000
South America (excl. Brazil),,1975,50843000
South America (excl. Brazil),,1976,51137000
South America (excl. Brazil),,1977,51369000
South America (excl. Brazil),,1978,51478000
South America (excl. Brazil),,1979,51566000
South America (excl. Brazil),,1980,51699000
South America (excl. Brazil),,1981,51740988
South America (excl. Brazil),,1982,52739976
South America (excl. Brazil),,1983,52794976
South America (excl. Brazil),,1984,52957980
South America (excl. Brazil),,1985,53224980
South America (excl. Brazil),,1986,53464980
South America (excl. Brazil),,1987,53159980
South America (excl. Brazil),,1988,52677984
South America (excl. Brazil),,1989,52496984
South America (excl. Brazil),,1990,52420984
South America (excl. Brazil),,1991,52440984
South America (excl. Brazil),,1992,52444988
South America (excl. Brazil),,1993,52365988
South America (excl. Brazil),,1994,53063890
South America (excl. Brazil),,1995,53223970
South America (excl. Brazil),,1996,53148970
South America (excl. Brazil),,1997,53758972
South America (excl. Brazil),,1998,54543976
South America (excl. Brazil),,1999,54766976
South America (excl. Brazil),,2000,55388980
South America (excl. Brazil),,2001,54953984
South America (excl. Brazil),,2002,54106984
South America (excl. Brazil),,2003,55050490
South America (excl. Brazil),,2004,57290988
South America (excl. Brazil),,2005,59796492
South America (excl. Brazil),,2006,61645896
South America (excl. Brazil),,2007,63836296
South America (excl. Brazil),,2008,63337096
South America (excl. Brazil),,2009,63184600
South America (excl. Brazil),,2010,66673000
South America (excl. Brazil),,2011,68052800
South America (excl. Brazil),,2012,69314800
South America (excl. Brazil),,2013,69995520
South America (excl. Brazil),,2014,68798730
South America (excl. Brazil),,2015,68817820
South America (excl. Brazil),,2016,68909030
South America (excl. Brazil),,2017,68847650
South America (excl. Brazil),,2018,68418120
South America (excl. Brazil),,2019,68199570
South America (excl. Brazil),,2020,67981030
South America (excl. Brazil),,2021,67762480
South America (excl. Brazil),,2022,67543940
South America (excl. Brazil),,2023,67325390
South Korea,KOR,-10000,0
South Korea,KOR,-9000,0
South Korea,KOR,-8000,0
South Korea,KOR,-7000,0
South Korea,KOR,-6000,0
South Korea,KOR,-5000,0
South Korea,KOR,-4000,0
South Korea,KOR,-3000,0
South Korea,KOR,-2000,0
South Korea,KOR,-1000,65610.23
South Korea,KOR,0,71495.664
South Korea,KOR,100,96575.21
South Korea,KOR,200,130321.695
South Korea,KOR,300,175667.12
South Korea,KOR,400,236544.72
South Korea,KOR,500,318051.2
South Korea,KOR,600,426975.38
South Korea,KOR,700,572070.5
South Korea,KOR,800,765024.56
South Korea,KOR,900,835262.7
South Korea,KOR,1000,897997.06
South Korea,KOR,1100,1038934.25
South Korea,KOR,1200,1329531.4
South Korea,KOR,1300,951541.7
South Korea,KOR,1400,1051252.4
South Korea,KOR,1500,1125644
South Korea,KOR,1600,1297613
South Korea,KOR,1700,1456855.8
South Korea,KOR,1710,1581422.1
South Korea,KOR,1720,1671763.2
South Korea,KOR,1730,1766267.6
South Korea,KOR,1740,1864968.5
South Korea,KOR,1750,1967865
South Korea,KOR,1760,2074913.1
South Korea,KOR,1770,2186014.8
South Korea,KOR,1780,2301004
South Korea,KOR,1790,2419630.8
South Korea,KOR,1800,2541539
South Korea,KOR,1810,2666238.8
South Korea,KOR,1820,2793072.8
South Korea,KOR,1830,2758884.5
South Korea,KOR,1840,2693359
South Korea,KOR,1850,2623591
South Korea,KOR,1860,2571570
South Korea,KOR,1870,2512355.5
South Korea,KOR,1880,2430732.5
South Korea,KOR,1890,2340293.2
South Korea,KOR,1900,2239126.2
South Korea,KOR,1910,2156651.2
South Korea,KOR,1920,2352011.2
South Korea,KOR,1930,2536208.5
South Korea,KOR,1940,2528889.2
South Korea,KOR,1950,2572694
South Korea,KOR,1951,2537715.8
South Korea,KOR,1952,2512521
South Korea,KOR,1953,2493263
South Korea,KOR,1954,2475782.8
South Korea,KOR,1955,2455535.2
South Korea,KOR,1956,2427430.8
South Korea,KOR,1957,2385616.8
South Korea,KOR,1958,2323053.2
South Korea,KOR,1959,2230615.8
South Korea,KOR,1960,2095000
South Korea,KOR,1961,2095000
South Korea,KOR,1962,2063000
South Korea,KOR,1963,2080000
South Korea,KOR,1964,2171000
South Korea,KOR,1965,2256000
South Korea,KOR,1966,2293000
South Korea,KOR,1967,2312000
South Korea,KOR,1968,2319000
South Korea,KOR,1969,2311000
South Korea,KOR,1970,2298000
South Korea,KOR,1971,2271000
South Korea,KOR,1972,2242000
South Korea,KOR,1973,2241000
South Korea,KOR,1974,2238000
South Korea,KOR,1975,2240000
South Korea,KOR,1976,2238000
South Korea,KOR,1977,2231000
South Korea,KOR,1978,2222000
South Korea,KOR,1979,2207000
South Korea,KOR,1980,2196000
South Korea,KOR,1981,2188000
South Korea,KOR,1982,2180000
South Korea,KOR,1983,2167000
South Korea,KOR,1984,2153000
South Korea,KOR,1985,2144000
South Korea,KOR,1986,2141000
South Korea,KOR,1987,2143000
South Korea,KOR,1988,2138000
South Korea,KOR,1989,2127000
South Korea,KOR,1990,2109000
South Korea,KOR,1991,2091000
South Korea,KOR,1992,2070000
South Korea,KOR,1993,2055000
South Korea,KOR,1994,2033000
South Korea,KOR,1995,1985000
South Korea,KOR,1996,1945000
South Korea,KOR,1997,1924000
South Korea,KOR,1998,1910000
South Korea,KOR,1999,1899000
South Korea,KOR,2000,1918000
South Korea,KOR,2001,1889000
South Korea,KOR,2002,1863000
South Korea,KOR,2003,1846000
South Korea,KOR,2004,1836000
South Korea,KOR,2005,1824000
South Korea,KOR,2006,1800000
South Korea,KOR,2007,1782000
South Korea,KOR,2008,1759000
South Korea,KOR,2009,1737000
South Korea,KOR,2010,1715000
South Korea,KOR,2011,1698000
South Korea,KOR,2012,1730000
South Korea,KOR,2013,1711000
South Korea,KOR,2014,1691000
South Korea,KOR,2015,1679000
South Korea,KOR,2016,1644000
South Korea,KOR,2017,1620700
South Korea,KOR,2018,1600860
South Korea,KOR,2019,1578100
South Korea,KOR,2020,1555340
South Korea,KOR,2021,1532580
South Korea,KOR,2022,1509820
South Korea,KOR,2023,1487060
Spain,ESP,-10000,0
Spain,ESP,-9000,0
Spain,ESP,-8000,0
Spain,ESP,-7000,0
Spain,ESP,-6000,0
Spain,ESP,-5000,154256.66
Spain,ESP,-4000,305036.25
Spain,ESP,-3000,738428.7
Spain,ESP,-2000,1440947.5
Spain,ESP,-1000,3207120.8
Spain,ESP,0,3241948.8
Spain,ESP,100,4323876
Spain,ESP,200,4125443
Spain,ESP,300,3924345
Spain,ESP,400,3501799.5
Spain,ESP,500,3075164.8
Spain,ESP,600,3195662
Spain,ESP,700,3315968.2
Spain,ESP,800,3435887.5
Spain,ESP,900,3555194.2
Spain,ESP,1000,4007584.5
Spain,ESP,1100,4905794
Spain,ESP,1200,6696810
Spain,ESP,1300,4913374.5
Spain,ESP,1400,5805621
Spain,ESP,1500,7584444
Spain,ESP,1600,7124169.5
Spain,ESP,1700,8013368
Spain,ESP,1710,8232619
Spain,ESP,1720,8457726
Spain,ESP,1730,8688838
Spain,ESP,1740,8926105
Spain,ESP,1750,9169680
Spain,ESP,1760,9419723
Spain,ESP,1770,9676392
Spain,ESP,1780,9939851
Spain,ESP,1790,10210266
Spain,ESP,1800,10487807
Spain,ESP,1810,10772645
Spain,ESP,1820,11505216
Spain,ESP,1830,11479320
Spain,ESP,1840,12422195
Spain,ESP,1850,13539658
Spain,ESP,1860,14039953
Spain,ESP,1870,14526678
Spain,ESP,1880,14924370
Spain,ESP,1890,15186191
Spain,ESP,1900,16131345
Spain,ESP,1910,16868670
Spain,ESP,1920,18116984
Spain,ESP,1930,19467754
Spain,ESP,1940,20817060
Spain,ESP,1950,20759818
Spain,ESP,1951,20747408
Spain,ESP,1952,20748520
Spain,ESP,1953,20759128
Spain,ESP,1954,20776834
Spain,ESP,1955,20800870
Spain,ESP,1956,20831980
Spain,ESP,1957,20872106
Spain,ESP,1958,20923978
Spain,ESP,1959,20989870
Spain,ESP,1960,20730000
Spain,ESP,1961,20730000
Spain,ESP,1962,20832000
Spain,ESP,1963,20837000
Spain,ESP,1964,20553000
Spain,ESP,1965,20594000
Spain,ESP,1966,20156000
Spain,ESP,1967,20482000
Spain,ESP,1968,20359000
Spain,ESP,1969,20827000
Spain,ESP,1970,20519000
Spain,ESP,1971,21184000
Spain,ESP,1972,21168000
Spain,ESP,1973,20979000
Spain,ESP,1974,20885000
Spain,ESP,1975,20833000
Spain,ESP,1976,20659000
Spain,ESP,1977,20604000
Spain,ESP,1978,20578000
Spain,ESP,1979,20528000
Spain,ESP,1980,20499000
Spain,ESP,1981,20488000
Spain,ESP,1982,20487000
Spain,ESP,1983,20508000
Spain,ESP,1984,20512000
Spain,ESP,1985,20416000
Spain,ESP,1986,20420000
Spain,ESP,1987,20390000
Spain,ESP,1988,20368000
Spain,ESP,1989,20324000
Spain,ESP,1990,20172000
Spain,ESP,1991,20089000
Spain,ESP,1992,19947000
Spain,ESP,1993,19657000
Spain,ESP,1994,19496000
Spain,ESP,1995,18753000
Spain,ESP,1996,19144000
Spain,ESP,1997,19059000
Spain,ESP,1998,18516000
Spain,ESP,1999,18328000
Spain,ESP,2000,18304000
Spain,ESP,2001,18044000
Spain,ESP,2002,17886000
Spain,ESP,2003,17981000
Spain,ESP,2004,17957000
Spain,ESP,2005,17844000
Spain,ESP,2006,17578000
Spain,ESP,2007,17396000
Spain,ESP,2008,17272000
Spain,ESP,2009,17216000
Spain,ESP,2010,17221000
Spain,ESP,2011,16992000
Spain,ESP,2012,17539000
Spain,ESP,2013,17133000
Spain,ESP,2014,17188000
Spain,ESP,2015,17187890
Spain,ESP,2016,17033010
Spain,ESP,2017,16985168
Spain,ESP,2018,16970218
Spain,ESP,2019,16925152
Spain,ESP,2020,16880086
Spain,ESP,2021,16835020
Spain,ESP,2022,16789954
Spain,ESP,2023,16744889
Sri Lanka,LKA,-10000,0
Sri Lanka,LKA,-9000,0
Sri Lanka,LKA,-8000,0
Sri Lanka,LKA,-7000,0
Sri Lanka,LKA,-6000,0
Sri Lanka,LKA,-5000,0
Sri Lanka,LKA,-4000,0
Sri Lanka,LKA,-3000,0
Sri Lanka,LKA,-2000,0
Sri Lanka,LKA,-1000,0
Sri Lanka,LKA,0,0
Sri Lanka,LKA,100,98999.766
Sri Lanka,LKA,200,111427.64
Sri Lanka,LKA,300,123365.47
Sri Lanka,LKA,400,134787.16
Sri Lanka,LKA,500,145663.45
Sri Lanka,LKA,600,155961.3
Sri Lanka,LKA,700,165643.27
Sri Lanka,LKA,800,174666.38
Sri Lanka,LKA,900,182980.97
Sri Lanka,LKA,1000,190529.03
Sri Lanka,LKA,1100,208844.44
Sri Lanka,LKA,1200,225597.34
Sri Lanka,LKA,1300,212190.88
Sri Lanka,LKA,1400,196650.64
Sri Lanka,LKA,1500,203608.78
Sri Lanka,LKA,1600,243886.8
Sri Lanka,LKA,1700,278695.47
Sri Lanka,LKA,1710,278737.47
Sri Lanka,LKA,1720,271801.56
Sri Lanka,LKA,1730,265014.7
Sri Lanka,LKA,1740,258373.56
Sri Lanka,LKA,1750,251874.97
Sri Lanka,LKA,1760,245515.75
Sri Lanka,LKA,1770,239292.75
Sri Lanka,LKA,1780,233202.95
Sri Lanka,LKA,1790,227243.33
Sri Lanka,LKA,1800,221410.97
Sri Lanka,LKA,1810,215702.94
Sri Lanka,LKA,1820,210116.45
Sri Lanka,LKA,1830,230201
Sri Lanka,LKA,1840,319248
Sri Lanka,LKA,1850,443400
Sri Lanka,LKA,1860,573110.56
Sri Lanka,LKA,1870,642479.1
Sri Lanka,LKA,1880,640582.7
Sri Lanka,LKA,1890,692833.4
Sri Lanka,LKA,1900,820562.8
Sri Lanka,LKA,1910,907222.4
Sri Lanka,LKA,1920,982822.9
Sri Lanka,LKA,1930,1031493.9
Sri Lanka,LKA,1940,1091059
Sri Lanka,LKA,1950,1352217.2
Sri Lanka,LKA,1951,1364256.4
Sri Lanka,LKA,1952,1377714.8
Sri Lanka,LKA,1953,1392818.8
Sri Lanka,LKA,1954,1409667.6
Sri Lanka,LKA,1955,1428231.9
Sri Lanka,LKA,1956,1448357.1
Sri Lanka,LKA,1957,1469775.5
Sri Lanka,LKA,1958,1492127.9
Sri Lanka,LKA,1959,1514994.9
Sri Lanka,LKA,1960,1538000
Sri Lanka,LKA,1961,1538000
Sri Lanka,LKA,1962,1522000
Sri Lanka,LKA,1963,1875000
Sri Lanka,LKA,1964,1873000
Sri Lanka,LKA,1965,1876000
Sri Lanka,LKA,1966,1875000
Sri Lanka,LKA,1967,1875000
Sri Lanka,LKA,1968,1882000
Sri Lanka,LKA,1969,1889000
Sri Lanka,LKA,1970,1894000
Sri Lanka,LKA,1971,1900000
Sri Lanka,LKA,1972,1906000
Sri Lanka,LKA,1973,1912000
Sri Lanka,LKA,1974,1918000
Sri Lanka,LKA,1975,1920000
Sri Lanka,LKA,1976,1957000
Sri Lanka,LKA,1977,1994000
Sri Lanka,LKA,1978,2030000
Sri Lanka,LKA,1979,1920000
Sri Lanka,LKA,1980,1910000
Sri Lanka,LKA,1981,1910000
Sri Lanka,LKA,1982,1857000
Sri Lanka,LKA,1983,1869000
Sri Lanka,LKA,1984,1872000
Sri Lanka,LKA,1985,1876000
Sri Lanka,LKA,1986,1887000
Sri Lanka,LKA,1987,1895000
Sri Lanka,LKA,1988,1898000
Sri Lanka,LKA,1989,1901000
Sri Lanka,LKA,1990,1900000
Sri Lanka,LKA,1991,1903000
Sri Lanka,LKA,1992,1905000
Sri Lanka,LKA,1993,1880000
Sri Lanka,LKA,1994,1883000
Sri Lanka,LKA,1995,1886000
Sri Lanka,LKA,1996,1887000
Sri Lanka,LKA,1997,1888000
Sri Lanka,LKA,1998,1889000
Sri Lanka,LKA,1999,1905000
Sri Lanka,LKA,2000,1910000
Sri Lanka,LKA,2001,1911000
Sri Lanka,LKA,2002,1916000
Sri Lanka,LKA,2003,1930000
Sri Lanka,LKA,2004,1870000
Sri Lanka,LKA,2005,2070000
Sri Lanka,LKA,2006,2000000
Sri Lanka,LKA,2007,1950000
Sri Lanka,LKA,2008,2155000
Sri Lanka,LKA,2009,2070000
Sri Lanka,LKA,2010,2180000
Sri Lanka,LKA,2011,2290000
Sri Lanka,LKA,2012,2250000
Sri Lanka,LKA,2013,2300000
Sri Lanka,LKA,2014,2300000
Sri Lanka,LKA,2015,2300000
Sri Lanka,LKA,2016,2300000
Sri Lanka,LKA,2017,2300000
Sri Lanka,LKA,2018,2300000
Sri Lanka,LKA,2019,2300000
Sri Lanka,LKA,2020,2300000
Sri Lanka,LKA,2021,2300000
Sri Lanka,LKA,2022,2300000
Sri Lanka,LKA,2023,2300000
Sudan,SDN,-10000,0
Sudan,SDN,-9000,0
Sudan,SDN,-8000,0
Sudan,SDN,-7000,0
Sudan,SDN,-6000,0
Sudan,SDN,-5000,0
Sudan,SDN,-4000,0
Sudan,SDN,-3000,0
Sudan,SDN,-2000,728535.06
Sudan,SDN,-1000,1215849.8
Sudan,SDN,0,2029665.9
Sudan,SDN,100,2097321.5
Sudan,SDN,200,2167232
Sudan,SDN,300,2239473.2
Sudan,SDN,400,2314122.2
Sudan,SDN,500,2391259.8
Sudan,SDN,600,2470968.2
Sudan,SDN,700,2553334
Sudan,SDN,800,2638445
Sudan,SDN,900,2841402.2
Sudan,SDN,1000,3044359.8
Sudan,SDN,1100,3145838.2
Sudan,SDN,1200,3247317
Sudan,SDN,1300,3517927
Sudan,SDN,1400,3788536.8
Sudan,SDN,1500,4059146
Sudan,SDN,1600,4363582.5
Sudan,SDN,1700,4668018.5
Sudan,SDN,1710,4259919
Sudan,SDN,1720,4291029
Sudan,SDN,1730,4323738.5
Sudan,SDN,1740,4358208
Sudan,SDN,1750,4394620.5
Sudan,SDN,1760,4433189.5
Sudan,SDN,1770,4474163.5
Sudan,SDN,1780,4517836
Sudan,SDN,1790,4564555.5
Sudan,SDN,1800,4614740.5
Sudan,SDN,1810,4668900
Sudan,SDN,1820,4727658
Sudan,SDN,1830,4791794.5
Sudan,SDN,1840,4862297.5
Sudan,SDN,1850,4940446.5
Sudan,SDN,1860,5027932.5
Sudan,SDN,1870,5127056
Sudan,SDN,1880,5241048.5
Sudan,SDN,1890,5374647
Sudan,SDN,1900,5535167
Sudan,SDN,1910,5734735.5
Sudan,SDN,1920,5995541.5
Sudan,SDN,1930,6364694
Sudan,SDN,1940,6971186.5
Sudan,SDN,1950,8439694
Sudan,SDN,1951,8611798
Sudan,SDN,1952,8794598
Sudan,SDN,1953,8988163
Sudan,SDN,1954,9192579
Sudan,SDN,1955,9407926
Sudan,SDN,1956,9634364
Sudan,SDN,1957,9872068
Sudan,SDN,1958,10121234
Sudan,SDN,1959,10382080
Sudan,SDN,1960,10654897
Sudan,SDN,1961,10940000
Sudan,SDN,1962,10940000
Sudan,SDN,1963,11040000
Sudan,SDN,1964,11142000
Sudan,SDN,1965,11242000
Sudan,SDN,1966,11340000
Sudan,SDN,1967,11450000
Sudan,SDN,1968,11547000
Sudan,SDN,1969,11647000
Sudan,SDN,1970,11745000
Sudan,SDN,1971,11843000
Sudan,SDN,1972,11941000
Sudan,SDN,1973,12048000
Sudan,SDN,1974,12105000
Sudan,SDN,1975,12205000
Sudan,SDN,1976,12300000
Sudan,SDN,1977,12398000
Sudan,SDN,1978,12436000
Sudan,SDN,1979,12435000
Sudan,SDN,1980,12450000
Sudan,SDN,1981,12480000
Sudan,SDN,1982,12540000
Sudan,SDN,1983,12590000
Sudan,SDN,1984,12645000
Sudan,SDN,1985,12700000
Sudan,SDN,1986,12750000
Sudan,SDN,1987,12805000
Sudan,SDN,1988,12845000
Sudan,SDN,1989,12860000
Sudan,SDN,1990,12910000
Sudan,SDN,1991,12965000
Sudan,SDN,1992,13015000
Sudan,SDN,1993,14733000
Sudan,SDN,1994,15115000
Sudan,SDN,1995,16274000
Sudan,SDN,1996,16789000
Sudan,SDN,1997,16717000
Sudan,SDN,1998,16617000
Sudan,SDN,1999,16497000
Sudan,SDN,2000,16350000
Sudan,SDN,2001,16493000
Sudan,SDN,2002,16644000
Sudan,SDN,2003,18190000
Sudan,SDN,2004,18157000
Sudan,SDN,2005,18880000
Sudan,SDN,2006,18873000
Sudan,SDN,2007,19388000
Sudan,SDN,2008,19471000
Sudan,SDN,2009,20038800
Sudan,SDN,2010,20019200
Sudan,SDN,2011,19985000
Sudan,SDN,2012,24012000
Sudan,SDN,2013,24012000
Sudan,SDN,2014,24012000
Sudan,SDN,2015,24012000
Sudan,SDN,2016,24012000
Sudan,SDN,2017,24012000
Sudan,SDN,2018,24012000
Sudan,SDN,2019,24012000
Sudan,SDN,2020,24012000
Sudan,SDN,2021,24012000
Sudan,SDN,2022,24012000
Sudan,SDN,2023,24012000
Suriname,SUR,-10000,0
Suriname,SUR,-9000,0
Suriname,SUR,-8000,0
Suriname,SUR,-7000,0
Suriname,SUR,-6000,0
Suriname,SUR,-5000,0
Suriname,SUR,-4000,0
Suriname,SUR,-3000,0
Suriname,SUR,-2000,0
Suriname,SUR,-1000,2483.9082
Suriname,SUR,0,4330.6445
Suriname,SUR,100,4642.6987
Suriname,SUR,200,4972.4517
Suriname,SUR,300,5319.906
Suriname,SUR,400,5684.7676
Suriname,SUR,500,6066.3486
Suriname,SUR,600,6463.441
Suriname,SUR,700,6874.1396
Suriname,SUR,800,7295.6177
Suriname,SUR,900,7723.796
Suriname,SUR,1000,8152.894
Suriname,SUR,1100,8574.762
Suriname,SUR,1200,8977.879
Suriname,SUR,1300,9345.761
Suriname,SUR,1400,9654.293
Suriname,SUR,1500,9866.868
Suriname,SUR,1600,9924.559
Suriname,SUR,1700,9722.842
Suriname,SUR,1710,10470.369
Suriname,SUR,1720,11269.476
Suriname,SUR,1730,12122.7
Suriname,SUR,1740,13032.484
Suriname,SUR,1750,14001.118
Suriname,SUR,1760,15030.647
Suriname,SUR,1770,16122.768
Suriname,SUR,1780,17278.693
Suriname,SUR,1790,18498.967
Suriname,SUR,1800,19783.242
Suriname,SUR,1810,21129.982
Suriname,SUR,1820,22133.63
Suriname,SUR,1830,23146.898
Suriname,SUR,1840,24160.596
Suriname,SUR,1850,25162.664
Suriname,SUR,1860,26137.25
Suriname,SUR,1870,28065.734
Suriname,SUR,1880,30018.977
Suriname,SUR,1890,31950.629
Suriname,SUR,1900,33790.312
Suriname,SUR,1910,35429.625
Suriname,SUR,1920,39631.598
Suriname,SUR,1930,43503.383
Suriname,SUR,1940,44605.05
Suriname,SUR,1950,43785.215
Suriname,SUR,1951,44118.703
Suriname,SUR,1952,44156.82
Suriname,SUR,1953,43971.863
Suriname,SUR,1954,43602.95
Suriname,SUR,1955,43054.22
Suriname,SUR,1956,42299.652
Suriname,SUR,1957,41267.504
Suriname,SUR,1958,39845.02
Suriname,SUR,1959,37854.188
Suriname,SUR,1960,35000
Suriname,SUR,1961,35000
Suriname,SUR,1962,36000
Suriname,SUR,1963,35000
Suriname,SUR,1964,39000
Suriname,SUR,1965,38000
Suriname,SUR,1966,37000
Suriname,SUR,1967,36000
Suriname,SUR,1968,36000
Suriname,SUR,1969,38000
Suriname,SUR,1970,38000
Suriname,SUR,1971,41000
Suriname,SUR,1972,41000
Suriname,SUR,1973,43000
Suriname,SUR,1974,43000
Suriname,SUR,1975,43000
Suriname,SUR,1976,43000
Suriname,SUR,1977,44000
Suriname,SUR,1978,44000
Suriname,SUR,1979,45000
Suriname,SUR,1980,49000
Suriname,SUR,1981,52000
Suriname,SUR,1982,55000
Suriname,SUR,1983,57000
Suriname,SUR,1984,59000
Suriname,SUR,1985,62000
Suriname,SUR,1986,64000
Suriname,SUR,1987,68000
Suriname,SUR,1988,68000
Suriname,SUR,1989,68000
Suriname,SUR,1990,68000
Suriname,SUR,1991,68000
Suriname,SUR,1992,68000
Suriname,SUR,1993,68000
Suriname,SUR,1994,68000
Suriname,SUR,1995,68000
Suriname,SUR,1996,68000
Suriname,SUR,1997,67000
Suriname,SUR,1998,67000
Suriname,SUR,1999,67000
Suriname,SUR,2000,67000
Suriname,SUR,2001,65000
Suriname,SUR,2002,52000
Suriname,SUR,2003,61000
Suriname,SUR,2004,59000
Suriname,SUR,2005,55000
Suriname,SUR,2006,55000
Suriname,SUR,2007,52000
Suriname,SUR,2008,52000
Suriname,SUR,2009,63000
Suriname,SUR,2010,61000
Suriname,SUR,2011,63000
Suriname,SUR,2012,57000
Suriname,SUR,2013,66000
Suriname,SUR,2014,71000
Suriname,SUR,2015,71000
Suriname,SUR,2016,71000
Suriname,SUR,2017,71000
Suriname,SUR,2018,73000
Suriname,SUR,2019,74000
Suriname,SUR,2020,75000
Suriname,SUR,2021,76000
Suriname,SUR,2022,77000
Suriname,SUR,2023,78000
Svalbard and Jan Mayen,SJM,-10000,0
Svalbard and Jan Mayen,SJM,-9000,0
Svalbard and Jan Mayen,SJM,-8000,0
Svalbard and Jan Mayen,SJM,-7000,0
Svalbard and Jan Mayen,SJM,-6000,0
Svalbard and Jan Mayen,SJM,-5000,0
Svalbard and Jan Mayen,SJM,-4000,0
Svalbard and Jan Mayen,SJM,-3000,0
Svalbard and Jan Mayen,SJM,-2000,0
Svalbard and Jan Mayen,SJM,-1000,0
Svalbard and Jan Mayen,SJM,0,0
Svalbard and Jan Mayen,SJM,100,0
Svalbard and Jan Mayen,SJM,200,0
Svalbard and Jan Mayen,SJM,300,0
Svalbard and Jan Mayen,SJM,400,0
Svalbard and Jan Mayen,SJM,500,0
Svalbard and Jan Mayen,SJM,600,0
Svalbard and Jan Mayen,SJM,700,0
Svalbard and Jan Mayen,SJM,800,0
Svalbard and Jan Mayen,SJM,900,0
Svalbard and Jan Mayen,SJM,1000,0
Svalbard and Jan Mayen,SJM,1100,0
Svalbard and Jan Mayen,SJM,1200,0
Svalbard and Jan Mayen,SJM,1300,0
Svalbard and Jan Mayen,SJM,1400,0
Svalbard and Jan Mayen,SJM,1500,0
Svalbard and Jan Mayen,SJM,1600,0
Svalbard and Jan Mayen,SJM,1700,0
Svalbard and Jan Mayen,SJM,1710,0
Svalbard and Jan Mayen,SJM,1720,0
Svalbard and Jan Mayen,SJM,1730,0
Svalbard and Jan Mayen,SJM,1740,0
Svalbard and Jan Mayen,SJM,1750,0
Svalbard and Jan Mayen,SJM,1760,0
Svalbard and Jan Mayen,SJM,1770,0
Svalbard and Jan Mayen,SJM,1780,0
Svalbard and Jan Mayen,SJM,1790,0
Svalbard and Jan Mayen,SJM,1800,0
Svalbard and Jan Mayen,SJM,1810,0
Svalbard and Jan Mayen,SJM,1820,0
Svalbard and Jan Mayen,SJM,1830,0
Svalbard and Jan Mayen,SJM,1840,0
Svalbard and Jan Mayen,SJM,1850,0
Svalbard and Jan Mayen,SJM,1860,0
Svalbard and Jan Mayen,SJM,1870,0
Svalbard and Jan Mayen,SJM,1880,0
Svalbard and Jan Mayen,SJM,1890,0
Svalbard and Jan Mayen,SJM,1900,0
Svalbard and Jan Mayen,SJM,1910,0
Svalbard and Jan Mayen,SJM,1920,0
Svalbard and Jan Mayen,SJM,1930,0
Svalbard and Jan Mayen,SJM,1940,0
Svalbard and Jan Mayen,SJM,1950,0
Svalbard and Jan Mayen,SJM,1951,0
Svalbard and Jan Mayen,SJM,1952,0
Svalbard and Jan Mayen,SJM,1953,0
Svalbard and Jan Mayen,SJM,1954,0
Svalbard and Jan Mayen,SJM,1955,0
Svalbard and Jan Mayen,SJM,1956,0
Svalbard and Jan Mayen,SJM,1957,0
Svalbard and Jan Mayen,SJM,1958,0
Svalbard and Jan Mayen,SJM,1959,0
Svalbard and Jan Mayen,SJM,1960,0
Svalbard and Jan Mayen,SJM,1961,0
Svalbard and Jan Mayen,SJM,1962,0
Svalbard and Jan Mayen,SJM,1963,0
Svalbard and Jan Mayen,SJM,1964,0
Svalbard and Jan Mayen,SJM,1965,0
Svalbard and Jan Mayen,SJM,1966,0
Svalbard and Jan Mayen,SJM,1967,0
Svalbard and Jan Mayen,SJM,1968,0
Svalbard and Jan Mayen,SJM,1969,0
Svalbard and Jan Mayen,SJM,1970,0
Svalbard and Jan Mayen,SJM,1971,0
Svalbard and Jan Mayen,SJM,1972,0
Svalbard and Jan Mayen,SJM,1973,0
Svalbard and Jan Mayen,SJM,1974,0
Svalbard and Jan Mayen,SJM,1975,0
Svalbard and Jan Mayen,SJM,1976,0
Svalbard and Jan Mayen,SJM,1977,0
Svalbard and Jan Mayen,SJM,1978,0
Svalbard and Jan Mayen,SJM,1979,0
Svalbard and Jan Mayen,SJM,1980,0
Svalbard and Jan Mayen,SJM,1981,0
Svalbard and Jan Mayen,SJM,1982,0
Svalbard and Jan Mayen,SJM,1983,0
Svalbard and Jan Mayen,SJM,1984,0
Svalbard and Jan Mayen,SJM,1985,0
Svalbard and Jan Mayen,SJM,1986,0
Svalbard and Jan Mayen,SJM,1987,0
Svalbard and Jan Mayen,SJM,1988,0
Svalbard and Jan Mayen,SJM,1989,0
Svalbard and Jan Mayen,SJM,1990,0
Svalbard and Jan Mayen,SJM,1991,0
Svalbard and Jan Mayen,SJM,1992,0
Svalbard and Jan Mayen,SJM,1993,0
Svalbard and Jan Mayen,SJM,1994,0
Svalbard and Jan Mayen,SJM,1995,0
Svalbard and Jan Mayen,SJM,1996,0
Svalbard and Jan Mayen,SJM,1997,0
Svalbard and Jan Mayen,SJM,1998,0
Svalbard and Jan Mayen,SJM,1999,0
Svalbard and Jan Mayen,SJM,2000,0
Svalbard and Jan Mayen,SJM,2001,0
Svalbard and Jan Mayen,SJM,2002,0
Svalbard and Jan Mayen,SJM,2003,0
Svalbard and Jan Mayen,SJM,2004,0
Svalbard and Jan Mayen,SJM,2005,0
Svalbard and Jan Mayen,SJM,2006,0
Svalbard and Jan Mayen,SJM,2007,0
Svalbard and Jan Mayen,SJM,2008,0
Svalbard and Jan Mayen,SJM,2009,0
Svalbard and Jan Mayen,SJM,2010,0
Svalbard and Jan Mayen,SJM,2011,0
Svalbard and Jan Mayen,SJM,2012,0
Svalbard and Jan Mayen,SJM,2013,0
Svalbard and Jan Mayen,SJM,2014,0
Svalbard and Jan Mayen,SJM,2015,0
Svalbard and Jan Mayen,SJM,2016,0
Svalbard and Jan Mayen,SJM,2017,0
Svalbard and Jan Mayen,SJM,2018,0
Svalbard and Jan Mayen,SJM,2019,0
Svalbard and Jan Mayen,SJM,2020,0
Svalbard and Jan Mayen,SJM,2021,0
Svalbard and Jan Mayen,SJM,2022,0
Svalbard and Jan Mayen,SJM,2023,0
Sweden,SWE,-10000,0
Sweden,SWE,-9000,0
Sweden,SWE,-8000,0
Sweden,SWE,-7000,0
Sweden,SWE,-6000,0
Sweden,SWE,-5000,0
Sweden,SWE,-4000,0
Sweden,SWE,-3000,4439.028
Sweden,SWE,-2000,11392.299
Sweden,SWE,-1000,58968.58
Sweden,SWE,0,217576.83
Sweden,SWE,100,236904.64
Sweden,SWE,200,255677.08
Sweden,SWE,300,273853.8
Sweden,SWE,400,291387.72
Sweden,SWE,500,308223.8
Sweden,SWE,600,324298.47
Sweden,SWE,700,339536.34
Sweden,SWE,800,353846.6
Sweden,SWE,900,367118.2
Sweden,SWE,1000,379215.28
Sweden,SWE,1100,436387
Sweden,SWE,1200,489848
Sweden,SWE,1300,971899.1
Sweden,SWE,1400,371680.03
Sweden,SWE,1500,419943.9
Sweden,SWE,1600,606651.9
Sweden,SWE,1700,1024370.3
Sweden,SWE,1710,1058226.1
Sweden,SWE,1720,1072689
Sweden,SWE,1730,1188320.8
Sweden,SWE,1740,1252524.8
Sweden,SWE,1750,1281424.1
Sweden,SWE,1760,1362021.6
Sweden,SWE,1770,1453674.2
Sweden,SWE,1780,1501118.5
Sweden,SWE,1790,1559313.5
Sweden,SWE,1800,1665676.4
Sweden,SWE,1810,1717419.1
Sweden,SWE,1820,1812370.9
Sweden,SWE,1830,1992262.2
Sweden,SWE,1840,2139719.5
Sweden,SWE,1850,2331756.8
Sweden,SWE,1860,2507478.2
Sweden,SWE,1870,2701633.5
Sweden,SWE,1880,2883380.8
Sweden,SWE,1890,2902047.8
Sweden,SWE,1900,3008694.8
Sweden,SWE,1910,3134724.5
Sweden,SWE,1920,3192723.8
Sweden,SWE,1930,3265199.2
Sweden,SWE,1940,3263822
Sweden,SWE,1950,3418128
Sweden,SWE,1951,3434422.2
Sweden,SWE,1952,3446041.8
Sweden,SWE,1953,3454322.8
Sweden,SWE,1954,3460480.5
Sweden,SWE,1955,3465461.8
Sweden,SWE,1956,3469917.2
Sweden,SWE,1957,3474329
Sweden,SWE,1958,3478913.8
Sweden,SWE,1959,3483736.8
Sweden,SWE,1960,3488788.2
Sweden,SWE,1961,3552922
Sweden,SWE,1962,3487925.5
Sweden,SWE,1963,3296969.2
Sweden,SWE,1964,3258977.2
Sweden,SWE,1965,3164994.5
Sweden,SWE,1966,3112997
Sweden,SWE,1967,3099997
Sweden,SWE,1968,3030997
Sweden,SWE,1969,3054997
Sweden,SWE,1970,3052997
Sweden,SWE,1971,3050997.2
Sweden,SWE,1972,3030997.2
Sweden,SWE,1973,3017997.2
Sweden,SWE,1974,3018997.5
Sweden,SWE,1975,3005997.5
Sweden,SWE,1976,3002998.5
Sweden,SWE,1977,2993998.5
Sweden,SWE,1978,2999998.8
Sweden,SWE,1979,2984999.5
Sweden,SWE,1980,2978999.5
Sweden,SWE,1981,2959999.5
Sweden,SWE,1982,2949999.5
Sweden,SWE,1983,2940999.5
Sweden,SWE,1984,2932999.5
Sweden,SWE,1985,2921999.5
Sweden,SWE,1986,2907999.5
Sweden,SWE,1987,2889999.5
Sweden,SWE,1988,2871999.5
Sweden,SWE,1989,2852999.5
Sweden,SWE,1990,2844999.5
Sweden,SWE,1991,2789999.5
Sweden,SWE,1992,2767999.5
Sweden,SWE,1993,2779999.5
Sweden,SWE,1994,2779999.8
Sweden,SWE,1995,2766999.8
Sweden,SWE,1996,2811997.5
Sweden,SWE,1997,2798997.8
Sweden,SWE,1998,2783997.8
Sweden,SWE,1999,2747000
Sweden,SWE,2000,2706000
Sweden,SWE,2001,2694000
Sweden,SWE,2002,2680000
Sweden,SWE,2003,2669000
Sweden,SWE,2004,2661000
Sweden,SWE,2005,2703000
Sweden,SWE,2006,2660000
Sweden,SWE,2007,2648000
Sweden,SWE,2008,2635000
Sweden,SWE,2009,2642999.8
Sweden,SWE,2010,2634000
Sweden,SWE,2011,2619000
Sweden,SWE,2012,2608000
Sweden,SWE,2013,2605000
Sweden,SWE,2014,2597000
Sweden,SWE,2015,2590000
Sweden,SWE,2016,2579600
Sweden,SWE,2017,2568000
Sweden,SWE,2018,2560500
Sweden,SWE,2019,2551360
Sweden,SWE,2020,2542220
Sweden,SWE,2021,2533080
Sweden,SWE,2022,2523940
Sweden,SWE,2023,2514800
Switzerland,CHE,-10000,0
Switzerland,CHE,-9000,0
Switzerland,CHE,-8000,0
Switzerland,CHE,-7000,0
Switzerland,CHE,-6000,0
Switzerland,CHE,-5000,381.75763
Switzerland,CHE,-4000,1023.5789
Switzerland,CHE,-3000,2016.8708
Switzerland,CHE,-2000,3870.6428
Switzerland,CHE,-1000,10976.333
Switzerland,CHE,0,50624.332
Switzerland,CHE,100,50160.543
Switzerland,CHE,200,49673.74
Switzerland,CHE,300,49161.605
Switzerland,CHE,400,48621.45
Switzerland,CHE,500,48050.08
Switzerland,CHE,600,47443.73
Switzerland,CHE,700,46797.832
Switzerland,CHE,800,46106.844
Switzerland,CHE,900,45318.516
Switzerland,CHE,1000,44471.18
Switzerland,CHE,1100,58071.82
Switzerland,CHE,1200,70920.08
Switzerland,CHE,1300,110522.39
Switzerland,CHE,1400,80414.49
Switzerland,CHE,1500,103450.6
Switzerland,CHE,1600,123795.09
Switzerland,CHE,1700,146367.98
Switzerland,CHE,1710,149555.39
Switzerland,CHE,1720,152778.31
Switzerland,CHE,1730,156033.67
Switzerland,CHE,1740,159317.86
Switzerland,CHE,1750,162626.64
Switzerland,CHE,1760,165955.19
Switzerland,CHE,1770,169297.8
Switzerland,CHE,1780,172647.94
Switzerland,CHE,1790,175998
Switzerland,CHE,1800,179339.16
Switzerland,CHE,1810,182661.12
Switzerland,CHE,1820,201582.61
Switzerland,CHE,1830,217542.55
Switzerland,CHE,1840,232963.33
Switzerland,CHE,1850,247716.7
Switzerland,CHE,1860,255663.5
Switzerland,CHE,1870,267959.47
Switzerland,CHE,1880,276896.2
Switzerland,CHE,1890,281680.88
Switzerland,CHE,1900,307949.06
Switzerland,CHE,1910,339292.44
Switzerland,CHE,1920,340632.53
Switzerland,CHE,1930,344351.16
Switzerland,CHE,1940,348688.7
Switzerland,CHE,1950,367394.22
Switzerland,CHE,1951,369882.44
Switzerland,CHE,1952,372680.88
Switzerland,CHE,1953,375464.3
Switzerland,CHE,1954,378040.38
Switzerland,CHE,1955,380344.47
Switzerland,CHE,1956,382449.5
Switzerland,CHE,1957,384548.06
Switzerland,CHE,1958,386929.25
Switzerland,CHE,1959,389938
Switzerland,CHE,1960,393854.75
Switzerland,CHE,1961,408300
Switzerland,CHE,1962,410200
Switzerland,CHE,1963,400800
Switzerland,CHE,1964,396800
Switzerland,CHE,1965,392800
Switzerland,CHE,1966,386500
Switzerland,CHE,1967,379300
Switzerland,CHE,1968,376100
Switzerland,CHE,1969,377000
Switzerland,CHE,1970,372700
Switzerland,CHE,1971,373500
Switzerland,CHE,1972,380000
Switzerland,CHE,1973,380100
Switzerland,CHE,1974,383000
Switzerland,CHE,1975,388300
Switzerland,CHE,1976,389000
Switzerland,CHE,1977,389600
Switzerland,CHE,1978,395000
Switzerland,CHE,1979,396700
Switzerland,CHE,1980,403100
Switzerland,CHE,1981,406500
Switzerland,CHE,1982,410900
Switzerland,CHE,1983,416500
Switzerland,CHE,1984,424300
Switzerland,CHE,1985,427800
Switzerland,CHE,1986,427000
Switzerland,CHE,1987,421700
Switzerland,CHE,1988,425200
Switzerland,CHE,1989,432100
Switzerland,CHE,1990,427000
Switzerland,CHE,1991,430600
Switzerland,CHE,1992,429400
Switzerland,CHE,1993,433100
Switzerland,CHE,1994,442600
Switzerland,CHE,1995,445700
Switzerland,CHE,1996,444300
Switzerland,CHE,1997,438400
Switzerland,CHE,1998,436700
Switzerland,CHE,1999,433800
Switzerland,CHE,2000,432700
Switzerland,CHE,2001,433300
Switzerland,CHE,2002,432300
Switzerland,CHE,2003,430100
Switzerland,CHE,2004,429800
Switzerland,CHE,2005,429600
Switzerland,CHE,2006,430300
Switzerland,CHE,2007,430000
Switzerland,CHE,2008,429800
Switzerland,CHE,2009,430000
Switzerland,CHE,2010,428500
Switzerland,CHE,2011,428000
Switzerland,CHE,2012,428200
Switzerland,CHE,2013,427502.78
Switzerland,CHE,2014,424983.1
Switzerland,CHE,2015,423212.78
Switzerland,CHE,2016,423743.3
Switzerland,CHE,2017,423088.47
Switzerland,CHE,2018,421485.6
Switzerland,CHE,2019,420478.75
Switzerland,CHE,2020,419471.94
Switzerland,CHE,2021,418465.03
Switzerland,CHE,2022,417458.2
Switzerland,CHE,2023,416451.38
Syria,SYR,-10000,0
Syria,SYR,-9000,19130.58
Syria,SYR,-8000,77492.984
Syria,SYR,-7000,141344.84
Syria,SYR,-6000,270724.5
Syria,SYR,-5000,394952.38
Syria,SYR,-4000,577406
Syria,SYR,-3000,844142.3
Syria,SYR,-2000,1231608.2
Syria,SYR,-1000,1789032.8
Syria,SYR,0,2577503.8
Syria,SYR,100,3474587
Syria,SYR,200,4632244.5
Syria,SYR,300,6191159
Syria,SYR,400,4922394
Syria,SYR,500,3917763.2
Syria,SYR,600,3098490.5
Syria,SYR,700,2441524.5
Syria,SYR,800,1923930.9
Syria,SYR,900,3472245
Syria,SYR,1000,1676503.4
Syria,SYR,1100,1756030.2
Syria,SYR,1200,1833243.4
Syria,SYR,1300,1907808.6
Syria,SYR,1400,1514018.5
Syria,SYR,1500,1604103.2
Syria,SYR,1600,1847492.8
Syria,SYR,1700,1831796.9
Syria,SYR,1710,1839456.5
Syria,SYR,1720,1847023
Syria,SYR,1730,1854492.4
Syria,SYR,1740,1861859.4
Syria,SYR,1750,1869119
Syria,SYR,1760,1876264.2
Syria,SYR,1770,1883289
Syria,SYR,1780,1890185.1
Syria,SYR,1790,1896944.1
Syria,SYR,1800,1903556
Syria,SYR,1810,1910010
Syria,SYR,1820,1916292.8
Syria,SYR,1830,1992059.6
Syria,SYR,1840,2051183.2
Syria,SYR,1850,2111870
Syria,SYR,1860,2174129
Syria,SYR,1870,2237960.5
Syria,SYR,1880,2517787
Syria,SYR,1890,2795591.8
Syria,SYR,1900,2737186
Syria,SYR,1910,2678505.8
Syria,SYR,1920,2619471
Syria,SYR,1930,2559916.8
Syria,SYR,1940,3995040.5
Syria,SYR,1950,4666880.5
Syria,SYR,1951,4780450
Syria,SYR,1952,4903763.5
Syria,SYR,1953,5036745.5
Syria,SYR,1954,5179249
Syria,SYR,1955,5331011
Syria,SYR,1956,5491597.5
Syria,SYR,1957,5660499
Syria,SYR,1958,5837114
Syria,SYR,1959,6020799
Syria,SYR,1960,6206987
Syria,SYR,1961,6380947.5
Syria,SYR,1962,6439934.5
Syria,SYR,1963,6540887
Syria,SYR,1964,6653786
Syria,SYR,1965,6598860
Syria,SYR,1966,6129998
Syria,SYR,1967,6129998
Syria,SYR,1968,5861000
Syria,SYR,1969,5885000
Syria,SYR,1970,5909000
Syria,SYR,1971,5908000
Syria,SYR,1972,6001000
Syria,SYR,1973,5878000
Syria,SYR,1974,6027000
Syria,SYR,1975,5476000
Syria,SYR,1976,5672000
Syria,SYR,1977,5509000
Syria,SYR,1978,5588000
Syria,SYR,1979,5686000
Syria,SYR,1980,5684000
Syria,SYR,1981,5759000
Syria,SYR,1982,5801000
Syria,SYR,1983,5607000
Syria,SYR,1984,5654000
Syria,SYR,1985,5623000
Syria,SYR,1986,5627000
Syria,SYR,1987,5630000
Syria,SYR,1988,5502000
Syria,SYR,1989,5503000
Syria,SYR,1990,5626000
Syria,SYR,1991,5576000
Syria,SYR,1992,5554000
Syria,SYR,1993,5426000
Syria,SYR,1994,5487000
Syria,SYR,1995,5502000
Syria,SYR,1996,5470000
Syria,SYR,1997,5521000
Syria,SYR,1998,5484000
Syria,SYR,1999,5502000
Syria,SYR,2000,5352000
Syria,SYR,2001,5450000
Syria,SYR,2002,5421000
Syria,SYR,2003,5478000
Syria,SYR,2004,5626000
Syria,SYR,2005,5562000
Syria,SYR,2006,5587000
Syria,SYR,2007,5683000
Syria,SYR,2008,5666000
Syria,SYR,2009,5664000
Syria,SYR,2010,5696000
Syria,SYR,2011,5716000
Syria,SYR,2012,5731000
Syria,SYR,2013,5733000
Syria,SYR,2014,5733000
Syria,SYR,2015,5733000
Syria,SYR,2016,5733000
Syria,SYR,2017,5733000
Syria,SYR,2018,5733000
Syria,SYR,2019,5733000
Syria,SYR,2020,5733000
Syria,SYR,2021,5733000
Syria,SYR,2022,5733000
Syria,SYR,2023,5733000
Taiwan,TWN,-10000,0
Taiwan,TWN,-9000,0
Taiwan,TWN,-8000,0
Taiwan,TWN,-7000,0
Taiwan,TWN,-6000,0
Taiwan,TWN,-5000,0
Taiwan,TWN,-4000,3934.1042
Taiwan,TWN,-3000,15736.417
Taiwan,TWN,-2000,19468.018
Taiwan,TWN,-1000,23563.926
Taiwan,TWN,0,27400.174
Taiwan,TWN,100,26928.445
Taiwan,TWN,200,26439.588
Taiwan,TWN,300,25931.95
Taiwan,TWN,400,25403.617
Taiwan,TWN,500,24852.344
Taiwan,TWN,600,24275.469
Taiwan,TWN,700,23669.785
Taiwan,TWN,800,23031.41
Taiwan,TWN,900,22355.54
Taiwan,TWN,1000,21636.123
Taiwan,TWN,1100,25038.469
Taiwan,TWN,1200,28046.312
Taiwan,TWN,1300,30600.305
Taiwan,TWN,1400,32619.234
Taiwan,TWN,1500,33985.93
Taiwan,TWN,1600,31380.305
Taiwan,TWN,1700,141252.81
Taiwan,TWN,1710,158679.5
Taiwan,TWN,1720,164860.58
Taiwan,TWN,1730,171190.9
Taiwan,TWN,1740,177661.3
Taiwan,TWN,1750,184259.86
Taiwan,TWN,1760,190971.66
Taiwan,TWN,1770,197778.05
Taiwan,TWN,1780,204655.98
Taiwan,TWN,1790,211577.16
Taiwan,TWN,1800,218506.78
Taiwan,TWN,1810,225402.47
Taiwan,TWN,1820,232212.14
Taiwan,TWN,1830,233257.2
Taiwan,TWN,1840,235407.67
Taiwan,TWN,1850,237107.55
Taiwan,TWN,1860,237912.47
Taiwan,TWN,1870,237816.97
Taiwan,TWN,1880,237187.62
Taiwan,TWN,1890,235338.67
Taiwan,TWN,1900,257848.53
Taiwan,TWN,1910,280056.75
Taiwan,TWN,1920,300600.66
Taiwan,TWN,1930,344564.44
Taiwan,TWN,1940,398279.3
Taiwan,TWN,1950,451399.16
Taiwan,TWN,1951,459397.25
Taiwan,TWN,1952,466621.16
Taiwan,TWN,1953,473248.5
Taiwan,TWN,1954,479381.88
Taiwan,TWN,1955,485052.62
Taiwan,TWN,1956,490203.38
Taiwan,TWN,1957,494703.47
Taiwan,TWN,1958,498349.75
Taiwan,TWN,1959,500870.22
Taiwan,TWN,1960,501937.94
Taiwan,TWN,1961,501937.94
Taiwan,TWN,1962,501937.94
Taiwan,TWN,1963,501937.94
Taiwan,TWN,1964,501937.94
Taiwan,TWN,1965,501937.94
Taiwan,TWN,1966,501937.94
Taiwan,TWN,1967,501937.94
Taiwan,TWN,1968,501937.94
Taiwan,TWN,1969,501937.94
Taiwan,TWN,1970,501937.94
Taiwan,TWN,1971,501937.94
Taiwan,TWN,1972,501937.94
Taiwan,TWN,1973,501937.94
Taiwan,TWN,1974,501937.94
Taiwan,TWN,1975,501937.94
Taiwan,TWN,1976,501937.94
Taiwan,TWN,1977,501937.94
Taiwan,TWN,1978,501937.94
Taiwan,TWN,1979,501937.94
Taiwan,TWN,1980,501937.94
Taiwan,TWN,1981,501937.94
Taiwan,TWN,1982,501937.94
Taiwan,TWN,1983,501937.94
Taiwan,TWN,1984,501937.94
Taiwan,TWN,1985,501937.94
Taiwan,TWN,1986,501937.94
Taiwan,TWN,1987,501937.94
Taiwan,TWN,1988,501937.94
Taiwan,TWN,1989,501937.94
Taiwan,TWN,1990,501937.94
Taiwan,TWN,1991,501937.94
Taiwan,TWN,1992,501937.94
Taiwan,TWN,1993,501937.94
Taiwan,TWN,1994,501937.94
Taiwan,TWN,1995,501937.94
Taiwan,TWN,1996,501937.94
Taiwan,TWN,1997,501937.94
Taiwan,TWN,1998,501937.94
Taiwan,TWN,1999,501937.94
Taiwan,TWN,2000,501937.94
Taiwan,TWN,2001,501937.94
Taiwan,TWN,2002,501937.94
Taiwan,TWN,2003,501937.94
Taiwan,TWN,2004,501937.94
Taiwan,TWN,2005,501937.94
Taiwan,TWN,2006,501937.94
Taiwan,TWN,2007,501937.94
Taiwan,TWN,2008,501937.94
Taiwan,TWN,2009,501937.94
Taiwan,TWN,2010,501937.94
Taiwan,TWN,2011,501937.94
Taiwan,TWN,2012,501937.94
Taiwan,TWN,2013,501937.94
Taiwan,TWN,2014,501937.94
Taiwan,TWN,2015,501937.94
Taiwan,TWN,2016,501937.94
Taiwan,TWN,2017,501937.94
Taiwan,TWN,2018,501937.94
Taiwan,TWN,2019,501937.94
Taiwan,TWN,2020,501937.94
Taiwan,TWN,2021,501937.94
Taiwan,TWN,2022,501937.94
Taiwan,TWN,2023,501937.94
Tajikistan,TJK,-10000,0
Tajikistan,TJK,-9000,0
Tajikistan,TJK,-8000,0
Tajikistan,TJK,-7000,0
Tajikistan,TJK,-6000,0
Tajikistan,TJK,-5000,0
Tajikistan,TJK,-4000,0
Tajikistan,TJK,-3000,0
Tajikistan,TJK,-2000,118233.38
Tajikistan,TJK,-1000,125793.04
Tajikistan,TJK,0,129161.09
Tajikistan,TJK,100,136197.7
Tajikistan,TJK,200,143502.64
Tajikistan,TJK,300,151065.44
Tajikistan,TJK,400,158870.23
Tajikistan,TJK,500,166894.28
Tajikistan,TJK,600,175106.28
Tajikistan,TJK,700,183463.3
Tajikistan,TJK,800,191908.3
Tajikistan,TJK,900,196363.22
Tajikistan,TJK,1000,200036.53
Tajikistan,TJK,1100,202830.84
Tajikistan,TJK,1200,213168.58
Tajikistan,TJK,1300,221757.94
Tajikistan,TJK,1400,228340.7
Tajikistan,TJK,1500,232570.62
Tajikistan,TJK,1600,248141.97
Tajikistan,TJK,1700,258285.34
Tajikistan,TJK,1710,274969.4
Tajikistan,TJK,1720,287982.2
Tajikistan,TJK,1730,301554.06
Tajikistan,TJK,1740,315703.12
Tajikistan,TJK,1750,330447.5
Tajikistan,TJK,1760,345804.97
Tajikistan,TJK,1770,361793.03
Tajikistan,TJK,1780,378428.44
Tajikistan,TJK,1790,395727.4
Tajikistan,TJK,1800,413705.06
Tajikistan,TJK,1810,432375.28
Tajikistan,TJK,1820,451750.44
Tajikistan,TJK,1830,471840.8
Tajikistan,TJK,1840,492654.62
Tajikistan,TJK,1850,514197.03
Tajikistan,TJK,1860,536469.8
Tajikistan,TJK,1870,559470.7
Tajikistan,TJK,1880,583192.44
Tajikistan,TJK,1890,607621.94
Tajikistan,TJK,1900,632739.2
Tajikistan,TJK,1910,658515.75
Tajikistan,TJK,1920,684913.44
Tajikistan,TJK,1930,711881.94
Tajikistan,TJK,1940,739357
Tajikistan,TJK,1950,767257.3
Tajikistan,TJK,1951,792665.94
Tajikistan,TJK,1952,817709.6
Tajikistan,TJK,1953,842368.9
Tajikistan,TJK,1954,866744.5
Tajikistan,TJK,1955,891051.2
Tajikistan,TJK,1956,915639.94
Tajikistan,TJK,1957,940963.06
Tajikistan,TJK,1958,967583.8
Tajikistan,TJK,1959,996093.75
Tajikistan,TJK,1960,1026979.4
Tajikistan,TJK,1961,1026979.4
Tajikistan,TJK,1962,1029120.7
Tajikistan,TJK,1963,1021411.94
Tajikistan,TJK,1964,1015416.2
Tajikistan,TJK,1965,1013060.75
Tajikistan,TJK,1966,1001711.75
Tajikistan,TJK,1967,1000212.8
Tajikistan,TJK,1968,998285.6
Tajikistan,TJK,1969,999570.44
Tajikistan,TJK,1970,997857.3
Tajikistan,TJK,1971,997000.9
Tajikistan,TJK,1972,996144.3
Tajikistan,TJK,1973,994859.5
Tajikistan,TJK,1974,997429.1
Tajikistan,TJK,1975,995287.8
Tajikistan,TJK,1976,995716
Tajikistan,TJK,1977,996144.3
Tajikistan,TJK,1978,993574.7
Tajikistan,TJK,1979,991005.2
Tajikistan,TJK,1980,991506.25
Tajikistan,TJK,1981,992289.94
Tajikistan,TJK,1982,992504.1
Tajikistan,TJK,1983,993146.5
Tajikistan,TJK,1984,992230
Tajikistan,TJK,1985,992765.3
Tajikistan,TJK,1986,993253.5
Tajikistan,TJK,1987,993840.25
Tajikistan,TJK,1988,991604.7
Tajikistan,TJK,1989,984709.7
Tajikistan,TJK,1990,980384.2
Tajikistan,TJK,1991,980384.2
Tajikistan,TJK,1992,985000
Tajikistan,TJK,1993,998000
Tajikistan,TJK,1994,970000
Tajikistan,TJK,1995,959000
Tajikistan,TJK,1996,919000
Tajikistan,TJK,1997,917000
Tajikistan,TJK,1998,887000
Tajikistan,TJK,1999,886000
Tajikistan,TJK,2000,886000
Tajikistan,TJK,2001,883000
Tajikistan,TJK,2002,881000
Tajikistan,TJK,2003,880000
Tajikistan,TJK,2004,877000
Tajikistan,TJK,2005,874000
Tajikistan,TJK,2006,877000
Tajikistan,TJK,2007,873000
Tajikistan,TJK,2008,871000
Tajikistan,TJK,2009,884400
Tajikistan,TJK,2010,880700
Tajikistan,TJK,2011,877800
Tajikistan,TJK,2012,874000
Tajikistan,TJK,2013,871200
Tajikistan,TJK,2014,866700
Tajikistan,TJK,2015,863700
Tajikistan,TJK,2016,859700
Tajikistan,TJK,2017,867700
Tajikistan,TJK,2018,861600
Tajikistan,TJK,2019,860200
Tajikistan,TJK,2020,858800
Tajikistan,TJK,2021,857400
Tajikistan,TJK,2022,856000
Tajikistan,TJK,2023,854600
Tanzania,TZA,-10000,0
Tanzania,TZA,-9000,0
Tanzania,TZA,-8000,0
Tanzania,TZA,-7000,0
Tanzania,TZA,-6000,0
Tanzania,TZA,-5000,0
Tanzania,TZA,-4000,0
Tanzania,TZA,-3000,0
Tanzania,TZA,-2000,0
Tanzania,TZA,-1000,0
Tanzania,TZA,0,0
Tanzania,TZA,100,0
Tanzania,TZA,200,0
Tanzania,TZA,300,0
Tanzania,TZA,400,0
Tanzania,TZA,500,0
Tanzania,TZA,600,0
Tanzania,TZA,700,0
Tanzania,TZA,800,0
Tanzania,TZA,900,0
Tanzania,TZA,1000,495730.38
Tanzania,TZA,1100,790070.3
Tanzania,TZA,1200,1084410.2
Tanzania,TZA,1300,1378750.1
Tanzania,TZA,1400,1673090
Tanzania,TZA,1500,1084410.2
Tanzania,TZA,1600,1316783.9
Tanzania,TZA,1700,1549157.4
Tanzania,TZA,1710,1570024.1
Tanzania,TZA,1720,1588155.5
Tanzania,TZA,1730,1607303.4
Tanzania,TZA,1740,1627574.1
Tanzania,TZA,1750,1649090.9
Tanzania,TZA,1760,1671997.1
Tanzania,TZA,1770,1696461.9
Tanzania,TZA,1780,1722685
Tanzania,TZA,1790,1750905.5
Tanzania,TZA,1800,1781412.1
Tanzania,TZA,1810,1814558.2
Tanzania,TZA,1820,1850780.5
Tanzania,TZA,1830,1890629.1
Tanzania,TZA,1840,1934807.2
Tanzania,TZA,1850,1984232.6
Tanzania,TZA,1860,2040132.4
Tanzania,TZA,1870,2104193.2
Tanzania,TZA,1880,2178817.8
Tanzania,TZA,1890,2267577.2
Tanzania,TZA,1900,2376085.2
Tanzania,TZA,1910,2513843.8
Tanzania,TZA,1920,2698705
Tanzania,TZA,1930,2969961.5
Tanzania,TZA,1940,3441438.8
Tanzania,TZA,1950,4740274
Tanzania,TZA,1951,4443930
Tanzania,TZA,1952,4562063.5
Tanzania,TZA,1953,4685990
Tanzania,TZA,1954,4815375.5
Tanzania,TZA,1955,4950022
Tanzania,TZA,1956,5089892
Tanzania,TZA,1957,5235078
Tanzania,TZA,1958,5385806
Tanzania,TZA,1959,5542398.5
Tanzania,TZA,1960,5705195
Tanzania,TZA,1961,6000000
Tanzania,TZA,1962,6000000
Tanzania,TZA,1963,7000000
Tanzania,TZA,1964,7000000
Tanzania,TZA,1965,7000000
Tanzania,TZA,1966,7000000
Tanzania,TZA,1967,7000000
Tanzania,TZA,1968,7000000
Tanzania,TZA,1969,7000000
Tanzania,TZA,1970,8000000
Tanzania,TZA,1971,8000000
Tanzania,TZA,1972,8000000
Tanzania,TZA,1973,8000000
Tanzania,TZA,1974,8000000
Tanzania,TZA,1975,8000000
Tanzania,TZA,1976,8000000
Tanzania,TZA,1977,8000000
Tanzania,TZA,1978,9000000
Tanzania,TZA,1979,9000000
Tanzania,TZA,1980,9000000
Tanzania,TZA,1981,9000000
Tanzania,TZA,1982,9000000
Tanzania,TZA,1983,9000000
Tanzania,TZA,1984,9000000
Tanzania,TZA,1985,10000000
Tanzania,TZA,1986,10000000
Tanzania,TZA,1987,10000000
Tanzania,TZA,1988,10000000
Tanzania,TZA,1989,10000000
Tanzania,TZA,1990,10000000
Tanzania,TZA,1991,10003000
Tanzania,TZA,1992,9800000
Tanzania,TZA,1993,9900000
Tanzania,TZA,1994,9900000
Tanzania,TZA,1995,9900000
Tanzania,TZA,1996,10000000
Tanzania,TZA,1997,10003000
Tanzania,TZA,1998,10000000
Tanzania,TZA,1999,10000000
Tanzania,TZA,2000,10000000
Tanzania,TZA,2001,10100000
Tanzania,TZA,2002,10200000
Tanzania,TZA,2003,10270000
Tanzania,TZA,2004,11160000
Tanzania,TZA,2005,11360000
Tanzania,TZA,2006,11360000
Tanzania,TZA,2007,11650000
Tanzania,TZA,2008,12974400
Tanzania,TZA,2009,13300000
Tanzania,TZA,2010,13450000
Tanzania,TZA,2011,14300000
Tanzania,TZA,2012,15700000
Tanzania,TZA,2013,15650000
Tanzania,TZA,2014,15650000
Tanzania,TZA,2015,15650000
Tanzania,TZA,2016,15650000
Tanzania,TZA,2017,15650000
Tanzania,TZA,2018,15650000
Tanzania,TZA,2019,15650000
Tanzania,TZA,2020,15650000
Tanzania,TZA,2021,15650000
Tanzania,TZA,2022,15650000
Tanzania,TZA,2023,15650000
Thailand,THA,-10000,0
Thailand,THA,-9000,0
Thailand,THA,-8000,0
Thailand,THA,-7000,0
Thailand,THA,-6000,0
Thailand,THA,-5000,0
Thailand,THA,-4000,0
Thailand,THA,-3000,0
Thailand,THA,-2000,0
Thailand,THA,-1000,91599.51
Thailand,THA,0,228164.28
Thailand,THA,100,250942.62
Thailand,THA,200,273719.72
Thailand,THA,300,296496.2
Thailand,THA,400,319272.5
Thailand,THA,500,342048.9
Thailand,THA,600,364825.72
Thailand,THA,700,387603.16
Thailand,THA,800,410381.25
Thailand,THA,900,433160.16
Thailand,THA,1000,455939.84
Thailand,THA,1100,547109
Thailand,THA,1200,638274.9
Thailand,THA,1300,729438.44
Thailand,THA,1400,820598.56
Thailand,THA,1500,911760.75
Thailand,THA,1600,1025714.2
Thailand,THA,1700,1139666.4
Thailand,THA,1710,1148704.2
Thailand,THA,1720,1169975
Thailand,THA,1730,1191639.8
Thailand,THA,1740,1213705.6
Thailand,THA,1750,1236180.1
Thailand,THA,1760,1259070.9
Thailand,THA,1770,1282385.5
Thailand,THA,1780,1306131.9
Thailand,THA,1790,1330318
Thailand,THA,1800,1354952
Thailand,THA,1810,1445280.5
Thailand,THA,1820,1535608.8
Thailand,THA,1830,1625937
Thailand,THA,1840,1716265
Thailand,THA,1850,1806592.8
Thailand,THA,1860,2077579.8
Thailand,THA,1870,2348565.8
Thailand,THA,1880,1778443.4
Thailand,THA,1890,2111291
Thailand,THA,1900,2472051.8
Thailand,THA,1910,3126095.8
Thailand,THA,1920,3917588.2
Thailand,THA,1930,5056936.5
Thailand,THA,1940,6460995.5
Thailand,THA,1950,8794073
Thailand,THA,1951,9011858
Thailand,THA,1952,9238041
Thailand,THA,1953,9473342
Thailand,THA,1954,9718371
Thailand,THA,1955,9973643
Thailand,THA,1956,10239573
Thailand,THA,1957,10516488
Thailand,THA,1958,10804607
Thailand,THA,1959,11104058
Thailand,THA,1960,11393000
Thailand,THA,1961,11393000
Thailand,THA,1962,11700000
Thailand,THA,1963,12160000
Thailand,THA,1964,12370000
Thailand,THA,1965,12600000
Thailand,THA,1966,12850000
Thailand,THA,1967,13080000
Thailand,THA,1968,13300000
Thailand,THA,1969,13500000
Thailand,THA,1970,13808000
Thailand,THA,1971,13939000
Thailand,THA,1972,14750000
Thailand,THA,1973,15580000
Thailand,THA,1974,16363000
Thailand,THA,1975,16680000
Thailand,THA,1976,16988000
Thailand,THA,1977,17385000
Thailand,THA,1978,17776000
Thailand,THA,1979,18082000
Thailand,THA,1980,18298000
Thailand,THA,1981,18681000
Thailand,THA,1982,19099000
Thailand,THA,1983,19198000
Thailand,THA,1984,19331000
Thailand,THA,1985,19847000
Thailand,THA,1986,20036000
Thailand,THA,1987,20490000
Thailand,THA,1988,20568000
Thailand,THA,1989,20567000
Thailand,THA,1990,20603000
Thailand,THA,1991,20726000
Thailand,THA,1992,20574000
Thailand,THA,1993,20445000
Thailand,THA,1994,20320000
Thailand,THA,1995,20410000
Thailand,THA,1996,20063000
Thailand,THA,1997,19642000
Thailand,THA,1998,19252000
Thailand,THA,1999,19217000
Thailand,THA,2000,19034000
Thailand,THA,2001,19028000
Thailand,THA,2002,18889000
Thailand,THA,2003,18754000
Thailand,THA,2004,18755000
Thailand,THA,2005,18810000
Thailand,THA,2006,18900000
Thailand,THA,2007,19000000
Thailand,THA,2008,19250000
Thailand,THA,2009,20079000
Thailand,THA,2010,20260000
Thailand,THA,2011,20260000
Thailand,THA,2012,21060000
Thailand,THA,2013,21310000
Thailand,THA,2014,21310000
Thailand,THA,2015,21310000
Thailand,THA,2016,21310000
Thailand,THA,2017,21310000
Thailand,THA,2018,21310000
Thailand,THA,2019,21310000
Thailand,THA,2020,21310000
Thailand,THA,2021,21310000
Thailand,THA,2022,21310000
Thailand,THA,2023,21310000
Togo,TGO,-10000,0
Togo,TGO,-9000,0
Togo,TGO,-8000,0
Togo,TGO,-7000,0
Togo,TGO,-6000,0
Togo,TGO,-5000,0
Togo,TGO,-4000,0
Togo,TGO,-3000,0
Togo,TGO,-2000,0
Togo,TGO,-1000,0
Togo,TGO,0,0
Togo,TGO,100,0
Togo,TGO,200,0
Togo,TGO,300,0
Togo,TGO,400,0
Togo,TGO,500,0
Togo,TGO,600,0
Togo,TGO,700,0
Togo,TGO,800,111096.55
Togo,TGO,900,222193.5
Togo,TGO,1000,254646.17
Togo,TGO,1100,291831.97
Togo,TGO,1200,334440.28
Togo,TGO,1300,383260.97
Togo,TGO,1400,439198.62
Togo,TGO,1500,503289.56
Togo,TGO,1600,576720.75
Togo,TGO,1700,660851.75
Togo,TGO,1710,663236.25
Togo,TGO,1720,665629.25
Togo,TGO,1730,668030.7
Togo,TGO,1740,670440.75
Togo,TGO,1750,672859.3
Togo,TGO,1760,675286.44
Togo,TGO,1770,677722.2
Togo,TGO,1780,680166.6
Togo,TGO,1790,682619.75
Togo,TGO,1800,685081.5
Togo,TGO,1810,687552.06
Togo,TGO,1820,693510.5
Togo,TGO,1830,699520.44
Togo,TGO,1840,705582.3
Togo,TGO,1850,711696.56
Togo,TGO,1860,717863.7
Togo,TGO,1870,732704.1
Togo,TGO,1880,747851.25
Togo,TGO,1890,763311.25
Togo,TGO,1900,779090.8
Togo,TGO,1910,795196.4
Togo,TGO,1920,954482.44
Togo,TGO,1930,1145674.9
Togo,TGO,1940,1375164.9
Togo,TGO,1950,1650623.6
Togo,TGO,1951,1686188.2
Togo,TGO,1952,1705653.9
Togo,TGO,1953,1717742.8
Togo,TGO,1954,1728944.9
Togo,TGO,1955,1743562.9
Togo,TGO,1956,1763591.8
Togo,TGO,1957,1788834.1
Togo,TGO,1958,1817203.8
Togo,TGO,1959,1845296.5
Togo,TGO,1960,1870000
Togo,TGO,1961,1870000
Togo,TGO,1962,1870000
Togo,TGO,1963,1870000
Togo,TGO,1964,1870000
Togo,TGO,1965,1875000
Togo,TGO,1966,1875000
Togo,TGO,1967,1875000
Togo,TGO,1968,1875000
Togo,TGO,1969,1875000
Togo,TGO,1970,1875000
Togo,TGO,1971,1880000
Togo,TGO,1972,1880000
Togo,TGO,1973,1880000
Togo,TGO,1974,1880000
Togo,TGO,1975,1880000
Togo,TGO,1976,1880000
Togo,TGO,1977,1880000
Togo,TGO,1978,1980000
Togo,TGO,1979,2030000
Togo,TGO,1980,2035000
Togo,TGO,1981,2035000
Togo,TGO,1982,2035000
Togo,TGO,1983,2035000
Togo,TGO,1984,2085000
Togo,TGO,1985,2090000
Togo,TGO,1986,2090000
Togo,TGO,1987,2110000
Togo,TGO,1988,2140000
Togo,TGO,1989,2140000
Togo,TGO,1990,2190000
Togo,TGO,1991,2195000
Togo,TGO,1992,2195000
Togo,TGO,1993,2300000
Togo,TGO,1994,2300000
Togo,TGO,1995,2300000
Togo,TGO,1996,2400000
Togo,TGO,1997,2450000
Togo,TGO,1998,2530000
Togo,TGO,1999,2630000
Togo,TGO,2000,2630000
Togo,TGO,2001,2480000
Togo,TGO,2002,2505000
Togo,TGO,2003,2480000
Togo,TGO,2004,2454999.2
Togo,TGO,2005,2250000
Togo,TGO,2006,2280000
Togo,TGO,2007,2494999.5
Togo,TGO,2008,2544999.5
Togo,TGO,2009,2605000
Togo,TGO,2010,2665000
Togo,TGO,2011,2665000
Togo,TGO,2012,2850000
Togo,TGO,2013,2820000
Togo,TGO,2014,2820000
Togo,TGO,2015,2820000
Togo,TGO,2016,2820000
Togo,TGO,2017,2820000
Togo,TGO,2018,2820000
Togo,TGO,2019,2820000
Togo,TGO,2020,2820000
Togo,TGO,2021,2820000
Togo,TGO,2022,2820000
Togo,TGO,2023,2820000
Tonga,TON,-10000,0
Tonga,TON,-9000,0
Tonga,TON,-8000,0
Tonga,TON,-7000,0
Tonga,TON,-6000,0
Tonga,TON,-5000,0
Tonga,TON,-4000,0
Tonga,TON,-3000,0
Tonga,TON,-2000,0
Tonga,TON,-1000,1339.6624
Tonga,TON,0,1236.7866
Tonga,TON,100,1280.6058
Tonga,TON,200,1324.8416
Tonga,TON,300,1369.3025
Tonga,TON,400,1413.754
Tonga,TON,500,1457.909
Tonga,TON,600,1501.4164
Tonga,TON,700,1543.8444
Tonga,TON,800,1584.6614
Tonga,TON,900,1623.2073
Tonga,TON,1000,1658.6562
Tonga,TON,1100,1689.9625
Tonga,TON,1200,1715.7817
Tonga,TON,1300,2471.4504
Tonga,TON,1400,3539.986
Tonga,TON,1500,5032.964
Tonga,TON,1600,7082.3257
Tonga,TON,1700,9815.716
Tonga,TON,1710,10239.278
Tonga,TON,1720,10678.423
Tonga,TON,1730,11133.431
Tonga,TON,1740,11604.545
Tonga,TON,1750,12091.968
Tonga,TON,1760,12595.849
Tonga,TON,1770,13116.275
Tonga,TON,1780,13653.258
Tonga,TON,1790,14206.723
Tonga,TON,1800,14776.489
Tonga,TON,1810,15362.253
Tonga,TON,1820,16007.907
Tonga,TON,1830,16672.04
Tonga,TON,1840,17353.955
Tonga,TON,1850,18052.71
Tonga,TON,1860,18767.059
Tonga,TON,1870,19106.191
Tonga,TON,1880,19435.781
Tonga,TON,1890,19753.432
Tonga,TON,1900,20056.377
Tonga,TON,1910,20341.385
Tonga,TON,1920,20428.572
Tonga,TON,1930,20487.057
Tonga,TON,1940,20512.385
Tonga,TON,1950,20499.246
Tonga,TON,1951,21350.78
Tonga,TON,1952,22093.436
Tonga,TON,1953,22724.879
Tonga,TON,1954,23248.781
Tonga,TON,1955,23679.367
Tonga,TON,1956,24057.836
Tonga,TON,1957,24413.924
Tonga,TON,1958,24820.877
Tonga,TON,1959,25326.576
Tonga,TON,1960,26000
Tonga,TON,1961,26000
Tonga,TON,1962,27000
Tonga,TON,1963,27000
Tonga,TON,1964,27000
Tonga,TON,1965,27993.094
Tonga,TON,1966,29000
Tonga,TON,1967,29000
Tonga,TON,1968,29000
Tonga,TON,1969,30975.223
Tonga,TON,1970,30000
Tonga,TON,1971,30000
Tonga,TON,1972,30000
Tonga,TON,1973,30000
Tonga,TON,1974,30000
Tonga,TON,1975,30000
Tonga,TON,1976,29000
Tonga,TON,1977,29000
Tonga,TON,1978,29000
Tonga,TON,1979,29000
Tonga,TON,1980,30000
Tonga,TON,1981,30000
Tonga,TON,1982,30000
Tonga,TON,1983,29000
Tonga,TON,1984,29000
Tonga,TON,1985,29000
Tonga,TON,1986,29000
Tonga,TON,1987,29000
Tonga,TON,1988,29000
Tonga,TON,1989,27990.203
Tonga,TON,1990,27990.398
Tonga,TON,1991,27990.62
Tonga,TON,1992,27990.863
Tonga,TON,1993,27989.416
Tonga,TON,1994,27988.229
Tonga,TON,1995,29000
Tonga,TON,1996,29000
Tonga,TON,1997,26985.432
Tonga,TON,1998,26986.402
Tonga,TON,1999,26987.387
Tonga,TON,2000,25996.344
Tonga,TON,2001,25996.049
Tonga,TON,2002,25995.783
Tonga,TON,2003,25995.541
Tonga,TON,2004,25995.33
Tonga,TON,2005,25995.15
Tonga,TON,2006,26995.025
Tonga,TON,2007,26996.229
Tonga,TON,2008,27000
Tonga,TON,2009,27998.947
Tonga,TON,2010,28000
Tonga,TON,2011,28000
Tonga,TON,2012,29000
Tonga,TON,2013,29000
Tonga,TON,2014,29000
Tonga,TON,2015,29000
Tonga,TON,2016,29000
Tonga,TON,2017,29000
Tonga,TON,2018,29000
Tonga,TON,2019,29000
Tonga,TON,2020,29000
Tonga,TON,2021,29000
Tonga,TON,2022,29000
Tonga,TON,2023,29000
Trinidad and Tobago,TTO,-10000,0
Trinidad and Tobago,TTO,-9000,0
Trinidad and Tobago,TTO,-8000,0
Trinidad and Tobago,TTO,-7000,0
Trinidad and Tobago,TTO,-6000,0
Trinidad and Tobago,TTO,-5000,0
Trinidad and Tobago,TTO,-4000,0
Trinidad and Tobago,TTO,-3000,0
Trinidad and Tobago,TTO,-2000,0
Trinidad and Tobago,TTO,-1000,0
Trinidad and Tobago,TTO,0,0
Trinidad and Tobago,TTO,100,0
Trinidad and Tobago,TTO,200,0
Trinidad and Tobago,TTO,300,0
Trinidad and Tobago,TTO,400,0
Trinidad and Tobago,TTO,500,0
Trinidad and Tobago,TTO,600,0
Trinidad and Tobago,TTO,700,0
Trinidad and Tobago,TTO,800,0
Trinidad and Tobago,TTO,900,0
Trinidad and Tobago,TTO,1000,0
Trinidad and Tobago,TTO,1100,0
Trinidad and Tobago,TTO,1200,0
Trinidad and Tobago,TTO,1300,0
Trinidad and Tobago,TTO,1400,0
Trinidad and Tobago,TTO,1500,103.47417
Trinidad and Tobago,TTO,1600,190.74287
Trinidad and Tobago,TTO,1700,342.36942
Trinidad and Tobago,TTO,1710,506.9051
Trinidad and Tobago,TTO,1720,750.1153
Trinidad and Tobago,TTO,1730,1109.3779
Trinidad and Tobago,TTO,1740,1639.68
Trinidad and Tobago,TTO,1750,2421.8179
Trinidad and Tobago,TTO,1760,3574.3557
Trinidad and Tobago,TTO,1770,5271.0195
Trinidad and Tobago,TTO,1780,7765.9287
Trinidad and Tobago,TTO,1790,11430.065
Trinidad and Tobago,TTO,1800,16803.783
Trinidad and Tobago,TTO,1810,24672.012
Trinidad and Tobago,TTO,1820,36171.31
Trinidad and Tobago,TTO,1830,37999.88
Trinidad and Tobago,TTO,1840,25844.332
Trinidad and Tobago,TTO,1850,44526.723
Trinidad and Tobago,TTO,1860,55009.84
Trinidad and Tobago,TTO,1870,64586.242
Trinidad and Tobago,TTO,1880,85930.12
Trinidad and Tobago,TTO,1890,102786.086
Trinidad and Tobago,TTO,1900,112856.08
Trinidad and Tobago,TTO,1910,141938.42
Trinidad and Tobago,TTO,1920,155201.94
Trinidad and Tobago,TTO,1930,147001.19
Trinidad and Tobago,TTO,1940,151620.62
Trinidad and Tobago,TTO,1950,165324.33
Trinidad and Tobago,TTO,1951,163348.28
Trinidad and Tobago,TTO,1952,161657.11
Trinidad and Tobago,TTO,1953,159840.7
Trinidad and Tobago,TTO,1954,157485.86
Trinidad and Tobago,TTO,1955,154170.11
Trinidad and Tobago,TTO,1956,149340.47
Trinidad and Tobago,TTO,1957,142393.72
Trinidad and Tobago,TTO,1958,132350.52
Trinidad and Tobago,TTO,1959,117327.11
Trinidad and Tobago,TTO,1960,92000
Trinidad and Tobago,TTO,1961,92000
Trinidad and Tobago,TTO,1962,92000
Trinidad and Tobago,TTO,1963,92000
Trinidad and Tobago,TTO,1964,92000
Trinidad and Tobago,TTO,1965,92000
Trinidad and Tobago,TTO,1966,92000
Trinidad and Tobago,TTO,1967,92000
Trinidad and Tobago,TTO,1968,92000
Trinidad and Tobago,TTO,1969,92000
Trinidad and Tobago,TTO,1970,92000
Trinidad and Tobago,TTO,1971,95000
Trinidad and Tobago,TTO,1972,95000
Trinidad and Tobago,TTO,1973,104000
Trinidad and Tobago,TTO,1974,105000
Trinidad and Tobago,TTO,1975,100000
Trinidad and Tobago,TTO,1976,100000
Trinidad and Tobago,TTO,1977,100000
Trinidad and Tobago,TTO,1978,100000
Trinidad and Tobago,TTO,1979,100000
Trinidad and Tobago,TTO,1980,95000
Trinidad and Tobago,TTO,1981,89000
Trinidad and Tobago,TTO,1982,82000
Trinidad and Tobago,TTO,1983,68000
Trinidad and Tobago,TTO,1984,68000
Trinidad and Tobago,TTO,1985,65000
Trinidad and Tobago,TTO,1986,65000
Trinidad and Tobago,TTO,1987,65000
Trinidad and Tobago,TTO,1988,66000
Trinidad and Tobago,TTO,1989,66000
Trinidad and Tobago,TTO,1990,71000
Trinidad and Tobago,TTO,1991,75000
Trinidad and Tobago,TTO,1992,75000
Trinidad and Tobago,TTO,1993,75000
Trinidad and Tobago,TTO,1994,75000
Trinidad and Tobago,TTO,1995,70000
Trinidad and Tobago,TTO,1996,70000
Trinidad and Tobago,TTO,1997,65000
Trinidad and Tobago,TTO,1998,60000
Trinidad and Tobago,TTO,1999,60000
Trinidad and Tobago,TTO,2000,60000
Trinidad and Tobago,TTO,2001,53000
Trinidad and Tobago,TTO,2002,53000
Trinidad and Tobago,TTO,2003,53000
Trinidad and Tobago,TTO,2004,48000
Trinidad and Tobago,TTO,2005,47000
Trinidad and Tobago,TTO,2006,47000
Trinidad and Tobago,TTO,2007,47000
Trinidad and Tobago,TTO,2008,47000
Trinidad and Tobago,TTO,2009,47000
Trinidad and Tobago,TTO,2010,47000
Trinidad and Tobago,TTO,2011,47000
Trinidad and Tobago,TTO,2012,47000
Trinidad and Tobago,TTO,2013,47000
Trinidad and Tobago,TTO,2014,47000
Trinidad and Tobago,TTO,2015,47000
Trinidad and Tobago,TTO,2016,47000
Trinidad and Tobago,TTO,2017,47000
Trinidad and Tobago,TTO,2018,47000
Trinidad and Tobago,TTO,2019,47000
Trinidad and Tobago,TTO,2020,47000
Trinidad and Tobago,TTO,2021,47000
Trinidad and Tobago,TTO,2022,47000
Trinidad and Tobago,TTO,2023,47000
Tunisia,TUN,-10000,0
Tunisia,TUN,-9000,0
Tunisia,TUN,-8000,0
Tunisia,TUN,-7000,0
Tunisia,TUN,-6000,0
Tunisia,TUN,-5000,0
Tunisia,TUN,-4000,0
Tunisia,TUN,-3000,0
Tunisia,TUN,-2000,576000
Tunisia,TUN,-1000,768000
Tunisia,TUN,0,960000
Tunisia,TUN,100,1071627
Tunisia,TUN,200,1181393.5
Tunisia,TUN,300,1113485.6
Tunisia,TUN,400,1046508.1
Tunisia,TUN,500,980461.06
Tunisia,TUN,600,915344.25
Tunisia,TUN,700,907901.56
Tunisia,TUN,800,1069295
Tunisia,TUN,900,1088363.6
Tunisia,TUN,1000,1106967.1
Tunisia,TUN,1100,1042780.56
Tunisia,TUN,1200,1088360.5
Tunisia,TUN,1300,1079057.2
Tunisia,TUN,1400,855803.1
Tunisia,TUN,1500,848360.56
Tunisia,TUN,1600,1051147.4
Tunisia,TUN,1700,833475.2
Tunisia,TUN,1710,851108.4
Tunisia,TUN,1720,863260.6
Tunisia,TUN,1730,876164.2
Tunisia,TUN,1740,889901.25
Tunisia,TUN,1750,904567.56
Tunisia,TUN,1760,920275.2
Tunisia,TUN,1770,937156.25
Tunisia,TUN,1780,955368.44
Tunisia,TUN,1790,975101.06
Tunisia,TUN,1800,996584.06
Tunisia,TUN,1810,1020100.56
Tunisia,TUN,1820,1046003.1
Tunisia,TUN,1830,1074738.2
Tunisia,TUN,1840,1106881.5
Tunisia,TUN,1850,1143190.2
Tunisia,TUN,1860,1184685.8
Tunisia,TUN,1870,1232787
Tunisia,TUN,1880,1289537.2
Tunisia,TUN,1890,1358013.6
Tunisia,TUN,1900,1443127
Tunisia,TUN,1910,1553345.2
Tunisia,TUN,1920,1704951
Tunisia,TUN,1930,1934946.5
Tunisia,TUN,1940,2356103
Tunisia,TUN,1950,3672313.8
Tunisia,TUN,1951,3764807.8
Tunisia,TUN,1952,3842783.5
Tunisia,TUN,1953,3908777.2
Tunisia,TUN,1954,3965318
Tunisia,TUN,1955,4014987
Tunisia,TUN,1956,4060380.8
Tunisia,TUN,1957,4104093.2
Tunisia,TUN,1958,4148684.5
Tunisia,TUN,1959,4196624
Tunisia,TUN,1960,4250000
Tunisia,TUN,1961,4250000
Tunisia,TUN,1962,4250000
Tunisia,TUN,1963,4250000
Tunisia,TUN,1964,4334000
Tunisia,TUN,1965,4334000
Tunisia,TUN,1966,4334000
Tunisia,TUN,1967,4334000
Tunisia,TUN,1968,4334000
Tunisia,TUN,1969,4486000
Tunisia,TUN,1970,4673000
Tunisia,TUN,1971,4680000
Tunisia,TUN,1972,4780000
Tunisia,TUN,1973,4870000
Tunisia,TUN,1974,4920000
Tunisia,TUN,1975,4990000
Tunisia,TUN,1976,5060000
Tunisia,TUN,1977,5107000
Tunisia,TUN,1978,4993000
Tunisia,TUN,1979,4931000
Tunisia,TUN,1980,4701000
Tunisia,TUN,1981,4770000
Tunisia,TUN,1982,4860000
Tunisia,TUN,1983,4967000
Tunisia,TUN,1984,4990000
Tunisia,TUN,1985,4938000
Tunisia,TUN,1986,4846000
Tunisia,TUN,1987,4860000
Tunisia,TUN,1988,4826000
Tunisia,TUN,1989,4877000
Tunisia,TUN,1990,4851000
Tunisia,TUN,1991,4875000
Tunisia,TUN,1992,4881000
Tunisia,TUN,1993,4952000
Tunisia,TUN,1994,4813000
Tunisia,TUN,1995,4878000
Tunisia,TUN,1996,4928000
Tunisia,TUN,1997,4917000
Tunisia,TUN,1998,4950000
Tunisia,TUN,1999,5014000
Tunisia,TUN,2000,4990000
Tunisia,TUN,2001,4909000
Tunisia,TUN,2002,4908000
Tunisia,TUN,2003,4930000
Tunisia,TUN,2004,4945000
Tunisia,TUN,2005,4896000
Tunisia,TUN,2006,4945000
Tunisia,TUN,2007,4935000
Tunisia,TUN,2008,5041000
Tunisia,TUN,2009,4936000
Tunisia,TUN,2010,5186000
Tunisia,TUN,2011,5233000
Tunisia,TUN,2012,5123000
Tunisia,TUN,2013,5129000
Tunisia,TUN,2014,4920000
Tunisia,TUN,2015,4917000
Tunisia,TUN,2016,4935000
Tunisia,TUN,2017,4993000
Tunisia,TUN,2018,4901700
Tunisia,TUN,2019,4876000
Tunisia,TUN,2020,4850300
Tunisia,TUN,2021,4824600
Tunisia,TUN,2022,4798900
Tunisia,TUN,2023,4773200
Turkey,TUR,-10000,0
Turkey,TUR,-9000,751.26306
Turkey,TUR,-8000,4408.0454
Turkey,TUR,-7000,28352.621
Turkey,TUR,-6000,154298.97
Turkey,TUR,-5000,1086017
Turkey,TUR,-4000,1789994.4
Turkey,TUR,-3000,2453093.2
Turkey,TUR,-2000,4753852.5
Turkey,TUR,-1000,6849918
Turkey,TUR,0,8644475
Turkey,TUR,100,9301514
Turkey,TUR,200,9946032
Turkey,TUR,300,9166870
Turkey,TUR,400,8395453
Turkey,TUR,500,7632201.5
Turkey,TUR,600,6877464
Turkey,TUR,700,7494769.5
Turkey,TUR,800,8094726.5
Turkey,TUR,900,8842572
Turkey,TUR,1000,9565105
Turkey,TUR,1100,6904511.5
Turkey,TUR,1200,8030023.5
Turkey,TUR,1300,9109010
Turkey,TUR,1400,7211324
Turkey,TUR,1500,7616962.5
Turkey,TUR,1600,9521881
Turkey,TUR,1700,9825420
Turkey,TUR,1710,9906884
Turkey,TUR,1720,10015768
Turkey,TUR,1730,10124772
Turkey,TUR,1740,10233796
Turkey,TUR,1750,10342725
Turkey,TUR,1760,10451430
Turkey,TUR,1770,10559764
Turkey,TUR,1780,10667558
Turkey,TUR,1790,10774618
Turkey,TUR,1800,10880720
Turkey,TUR,1810,10985604
Turkey,TUR,1820,11088962
Turkey,TUR,1830,11447375
Turkey,TUR,1840,11776362
Turkey,TUR,1850,12110841
Turkey,TUR,1860,12450138
Turkey,TUR,1870,12793343
Turkey,TUR,1880,12979709
Turkey,TUR,1890,13141081
Turkey,TUR,1900,13294270
Turkey,TUR,1910,13436158
Turkey,TUR,1920,14604469
Turkey,TUR,1930,16022492
Turkey,TUR,1940,18730616
Turkey,TUR,1950,20758436
Turkey,TUR,1951,21129960
Turkey,TUR,1952,21575656
Turkey,TUR,1953,22028760
Turkey,TUR,1954,22503218
Turkey,TUR,1955,22966804
Turkey,TUR,1956,23431670
Turkey,TUR,1957,23893076
Turkey,TUR,1958,24344906
Turkey,TUR,1959,24771466
Turkey,TUR,1960,25167000
Turkey,TUR,1961,25167000
Turkey,TUR,1962,25348000
Turkey,TUR,1963,26120000
Turkey,TUR,1964,26092000
Turkey,TUR,1965,26146000
Turkey,TUR,1966,26384000
Turkey,TUR,1967,26250000
Turkey,TUR,1968,26601000
Turkey,TUR,1969,27743000
Turkey,TUR,1970,27378000
Turkey,TUR,1971,27614000
Turkey,TUR,1972,28226000
Turkey,TUR,1973,28287000
Turkey,TUR,1974,27928000
Turkey,TUR,1975,27662000
Turkey,TUR,1976,27703000
Turkey,TUR,1977,27929000
Turkey,TUR,1978,28045000
Turkey,TUR,1979,28792000
Turkey,TUR,1980,28479000
Turkey,TUR,1981,28513000
Turkey,TUR,1982,27091000
Turkey,TUR,1983,26618000
Turkey,TUR,1984,27413000
Turkey,TUR,1985,27530000
Turkey,TUR,1986,27483000
Turkey,TUR,1987,27927000
Turkey,TUR,1988,27763000
Turkey,TUR,1989,27897000
Turkey,TUR,1990,27677000
Turkey,TUR,1991,27689000
Turkey,TUR,1992,27526134
Turkey,TUR,1993,27535096
Turkey,TUR,1994,27771060
Turkey,TUR,1995,27115068
Turkey,TUR,1996,26986172
Turkey,TUR,1997,26864096
Turkey,TUR,1998,26969000
Turkey,TUR,1999,26802034
Turkey,TUR,2000,26379160
Turkey,TUR,2001,26351054
Turkey,TUR,2002,26579084
Turkey,TUR,2003,26027156
Turkey,TUR,2004,26593018
Turkey,TUR,2005,26606034
Turkey,TUR,2006,25876174
Turkey,TUR,2007,24888228
Turkey,TUR,2008,24505138
Turkey,TUR,2009,24294228
Turkey,TUR,2010,24395144
Turkey,TUR,2011,23630190
Turkey,TUR,2012,23790212
Turkey,TUR,2013,23806096
Turkey,TUR,2014,23944048
Turkey,TUR,2015,23929176
Turkey,TUR,2016,24045568
Turkey,TUR,2017,24093116
Turkey,TUR,2018,24166350
Turkey,TUR,2019,23326400
Turkey,TUR,2020,23219400
Turkey,TUR,2021,23112400
Turkey,TUR,2022,23005400
Turkey,TUR,2023,22898400
Turkmenistan,TKM,-10000,0
Turkmenistan,TKM,-9000,0
Turkmenistan,TKM,-8000,0
Turkmenistan,TKM,-7000,0
Turkmenistan,TKM,-6000,0
Turkmenistan,TKM,-5000,0
Turkmenistan,TKM,-4000,0
Turkmenistan,TKM,-3000,0
Turkmenistan,TKM,-2000,0
Turkmenistan,TKM,-1000,110648.05
Turkmenistan,TKM,0,119231.29
Turkmenistan,TKM,100,126591.41
Turkmenistan,TKM,200,134371.6
Turkmenistan,TKM,300,142591.47
Turkmenistan,TKM,400,151270.94
Turkmenistan,TKM,500,160430.05
Turkmenistan,TKM,600,170088.88
Turkmenistan,TKM,700,180267.28
Turkmenistan,TKM,800,190984.73
Turkmenistan,TKM,900,194675.28
Turkmenistan,TKM,1000,198171.52
Turkmenistan,TKM,1100,209523.53
Turkmenistan,TKM,1200,220455.3
Turkmenistan,TKM,1300,230948.14
Turkmenistan,TKM,1400,243192.5
Turkmenistan,TKM,1500,261426.03
Turkmenistan,TKM,1600,300338.16
Turkmenistan,TKM,1700,327194.06
Turkmenistan,TKM,1710,348593.7
Turkmenistan,TKM,1720,367347.5
Turkmenistan,TKM,1730,387107
Turkmenistan,TKM,1740,407925.94
Turkmenistan,TKM,1750,429860.84
Turkmenistan,TKM,1760,452971.34
Turkmenistan,TKM,1770,477320.16
Turkmenistan,TKM,1780,502973.38
Turkmenistan,TKM,1790,530000.56
Turkmenistan,TKM,1800,558475.1
Turkmenistan,TKM,1810,588474.06
Turkmenistan,TKM,1820,620078.75
Turkmenistan,TKM,1830,653374.75
Turkmenistan,TKM,1840,688452.2
Turkmenistan,TKM,1850,725405.94
Turkmenistan,TKM,1860,764335.9
Turkmenistan,TKM,1870,805347.3
Turkmenistan,TKM,1880,848551
Turkmenistan,TKM,1890,894063.4
Turkmenistan,TKM,1900,942007.6
Turkmenistan,TKM,1910,992512.7
Turkmenistan,TKM,1920,1045714.94
Turkmenistan,TKM,1930,1101757.6
Turkmenistan,TKM,1940,1160791.6
Turkmenistan,TKM,1950,1222975.9
Turkmenistan,TKM,1951,1243782.1
Turkmenistan,TKM,1952,1270358.9
Turkmenistan,TKM,1953,1301849.8
Turkmenistan,TKM,1954,1337536.8
Turkmenistan,TKM,1955,1376834.1
Turkmenistan,TKM,1956,1419290.9
Turkmenistan,TKM,1957,1464600.8
Turkmenistan,TKM,1958,1512567.5
Turkmenistan,TKM,1959,1563086.6
Turkmenistan,TKM,1960,1616059
Turkmenistan,TKM,1961,1616059
Turkmenistan,TKM,1962,1619428.5
Turkmenistan,TKM,1963,1607298
Turkmenistan,TKM,1964,1597863.1
Turkmenistan,TKM,1965,1594156.5
Turkmenistan,TKM,1966,1576297.6
Turkmenistan,TKM,1967,1573939
Turkmenistan,TKM,1968,1570906.4
Turkmenistan,TKM,1969,1572928.1
Turkmenistan,TKM,1970,1570232.4
Turkmenistan,TKM,1971,1568884.6
Turkmenistan,TKM,1972,1567536.8
Turkmenistan,TKM,1973,1565515
Turkmenistan,TKM,1974,1569558.5
Turkmenistan,TKM,1975,1566188.9
Turkmenistan,TKM,1976,1566862.8
Turkmenistan,TKM,1977,1567536.8
Turkmenistan,TKM,1978,1563493.2
Turkmenistan,TKM,1979,1559449.8
Turkmenistan,TKM,1980,1560238.1
Turkmenistan,TKM,1981,1561471.5
Turkmenistan,TKM,1982,1561808.4
Turkmenistan,TKM,1983,1562819.4
Turkmenistan,TKM,1984,1561377.1
Turkmenistan,TKM,1985,1562219.5
Turkmenistan,TKM,1986,1562987.8
Turkmenistan,TKM,1987,1563911
Turkmenistan,TKM,1988,1560393.1
Turkmenistan,TKM,1989,1549543.1
Turkmenistan,TKM,1990,1542736.5
Turkmenistan,TKM,1991,1542736.5
Turkmenistan,TKM,1992,1550000
Turkmenistan,TKM,1993,1650000
Turkmenistan,TKM,1994,1750000
Turkmenistan,TKM,1995,1800000
Turkmenistan,TKM,1996,1800000
Turkmenistan,TKM,1997,1800000
Turkmenistan,TKM,1998,1800000
Turkmenistan,TKM,1999,1890000
Turkmenistan,TKM,2000,2000000
Turkmenistan,TKM,2001,2100000
Turkmenistan,TKM,2002,2100000
Turkmenistan,TKM,2003,2100000
Turkmenistan,TKM,2004,2100000
Turkmenistan,TKM,2005,2100000
Turkmenistan,TKM,2006,2100000
Turkmenistan,TKM,2007,2100000
Turkmenistan,TKM,2008,2050000
Turkmenistan,TKM,2009,2050000
Turkmenistan,TKM,2010,2000000
Turkmenistan,TKM,2011,2000000
Turkmenistan,TKM,2012,2000000
Turkmenistan,TKM,2013,2000000
Turkmenistan,TKM,2014,2000000
Turkmenistan,TKM,2015,2000000
Turkmenistan,TKM,2016,2000000
Turkmenistan,TKM,2017,2000000
Turkmenistan,TKM,2018,2000000
Turkmenistan,TKM,2019,2000000
Turkmenistan,TKM,2020,2000000
Turkmenistan,TKM,2021,2000000
Turkmenistan,TKM,2022,2000000
Turkmenistan,TKM,2023,2000000
Turks and Caicos Islands,TCA,-10000,0
Turks and Caicos Islands,TCA,-9000,0
Turks and Caicos Islands,TCA,-8000,0
Turks and Caicos Islands,TCA,-7000,0
Turks and Caicos Islands,TCA,-6000,0
Turks and Caicos Islands,TCA,-5000,0
Turks and Caicos Islands,TCA,-4000,0
Turks and Caicos Islands,TCA,-3000,0
Turks and Caicos Islands,TCA,-2000,0
Turks and Caicos Islands,TCA,-1000,0
Turks and Caicos Islands,TCA,0,0
Turks and Caicos Islands,TCA,100,0
Turks and Caicos Islands,TCA,200,0
Turks and Caicos Islands,TCA,300,0
Turks and Caicos Islands,TCA,400,0
Turks and Caicos Islands,TCA,500,0
Turks and Caicos Islands,TCA,600,0
Turks and Caicos Islands,TCA,700,0
Turks and Caicos Islands,TCA,800,0
Turks and Caicos Islands,TCA,900,0
Turks and Caicos Islands,TCA,1000,0
Turks and Caicos Islands,TCA,1100,0
Turks and Caicos Islands,TCA,1200,0
Turks and Caicos Islands,TCA,1300,0
Turks and Caicos Islands,TCA,1400,0
Turks and Caicos Islands,TCA,1500,33.45546
Turks and Caicos Islands,TCA,1600,64.583275
Turks and Caicos Islands,TCA,1700,124.14909
Turks and Caicos Islands,TCA,1710,133.75775
Turks and Caicos Islands,TCA,1720,144.10223
Turks and Caicos Islands,TCA,1730,155.23804
Turks and Caicos Islands,TCA,1740,167.22481
Turks and Caicos Islands,TCA,1750,180.12653
Turks and Caicos Islands,TCA,1760,194.0119
Turks and Caicos Islands,TCA,1770,208.95467
Turks and Caicos Islands,TCA,1780,225.03395
Turks and Caicos Islands,TCA,1790,242.33461
Turks and Caicos Islands,TCA,1800,260.94772
Turks and Caicos Islands,TCA,1810,280.97092
Turks and Caicos Islands,TCA,1820,288.9113
Turks and Caicos Islands,TCA,1830,297.05414
Turks and Caicos Islands,TCA,1840,305.40326
Turks and Caicos Islands,TCA,1850,313.96243
Turks and Caicos Islands,TCA,1860,322.73544
Turks and Caicos Islands,TCA,1870,332.0949
Turks and Caicos Islands,TCA,1880,341.6964
Turks and Caicos Islands,TCA,1890,351.54425
Turks and Caicos Islands,TCA,1900,361.64264
Turks and Caicos Islands,TCA,1910,371.9958
Turks and Caicos Islands,TCA,1920,462.31766
Turks and Caicos Islands,TCA,1930,574.51154
Turks and Caicos Islands,TCA,1940,713.85693
Turks and Caicos Islands,TCA,1950,887.6061
Turks and Caicos Islands,TCA,1951,875.82043
Turks and Caicos Islands,TCA,1952,874.2277
Turks and Caicos Islands,TCA,1953,879.47644
Turks and Caicos Islands,TCA,1954,892.7809
Turks and Caicos Islands,TCA,1955,910.4472
Turks and Caicos Islands,TCA,1956,930.5413
Turks and Caicos Islands,TCA,1957,952.8836
Turks and Caicos Islands,TCA,1958,972.04913
Turks and Caicos Islands,TCA,1959,988.3932
Turks and Caicos Islands,TCA,1960,1000
Turks and Caicos Islands,TCA,1961,1000
Turks and Caicos Islands,TCA,1962,1000
Turks and Caicos Islands,TCA,1963,1000
Turks and Caicos Islands,TCA,1964,1000
Turks and Caicos Islands,TCA,1965,1000
Turks and Caicos Islands,TCA,1966,1000
Turks and Caicos Islands,TCA,1967,1000
Turks and Caicos Islands,TCA,1968,1000
Turks and Caicos Islands,TCA,1969,1000
Turks and Caicos Islands,TCA,1970,1000
Turks and Caicos Islands,TCA,1971,1000
Turks and Caicos Islands,TCA,1972,1000
Turks and Caicos Islands,TCA,1973,1000
Turks and Caicos Islands,TCA,1974,1000
Turks and Caicos Islands,TCA,1975,1000
Turks and Caicos Islands,TCA,1976,1000
Turks and Caicos Islands,TCA,1977,1000
Turks and Caicos Islands,TCA,1978,1000
Turks and Caicos Islands,TCA,1979,1000
Turks and Caicos Islands,TCA,1980,1000
Turks and Caicos Islands,TCA,1981,1000
Turks and Caicos Islands,TCA,1982,1000
Turks and Caicos Islands,TCA,1983,1000
Turks and Caicos Islands,TCA,1984,1000
Turks and Caicos Islands,TCA,1985,1000
Turks and Caicos Islands,TCA,1986,1000
Turks and Caicos Islands,TCA,1987,1000
Turks and Caicos Islands,TCA,1988,1000
Turks and Caicos Islands,TCA,1989,1000
Turks and Caicos Islands,TCA,1990,1000
Turks and Caicos Islands,TCA,1991,1000
Turks and Caicos Islands,TCA,1992,1000
Turks and Caicos Islands,TCA,1993,1000
Turks and Caicos Islands,TCA,1994,1000
Turks and Caicos Islands,TCA,1995,1000
Turks and Caicos Islands,TCA,1996,1000
Turks and Caicos Islands,TCA,1997,1000
Turks and Caicos Islands,TCA,1998,1000
Turks and Caicos Islands,TCA,1999,1000
Turks and Caicos Islands,TCA,2000,1000
Turks and Caicos Islands,TCA,2001,1000
Turks and Caicos Islands,TCA,2002,1000
Turks and Caicos Islands,TCA,2003,1000
Turks and Caicos Islands,TCA,2004,1000
Turks and Caicos Islands,TCA,2005,1000
Turks and Caicos Islands,TCA,2006,1000
Turks and Caicos Islands,TCA,2007,1000
Turks and Caicos Islands,TCA,2008,1000
Turks and Caicos Islands,TCA,2009,1000
Turks and Caicos Islands,TCA,2010,1000
Turks and Caicos Islands,TCA,2011,1000
Turks and Caicos Islands,TCA,2012,1000
Turks and Caicos Islands,TCA,2013,1000
Turks and Caicos Islands,TCA,2014,1000
Turks and Caicos Islands,TCA,2015,1000
Turks and Caicos Islands,TCA,2016,1000
Turks and Caicos Islands,TCA,2017,1000
Turks and Caicos Islands,TCA,2018,1000
Turks and Caicos Islands,TCA,2019,1000
Turks and Caicos Islands,TCA,2020,1000
Turks and Caicos Islands,TCA,2021,1000
Turks and Caicos Islands,TCA,2022,1000
Turks and Caicos Islands,TCA,2023,1000
Uganda,UGA,-10000,0
Uganda,UGA,-9000,0
Uganda,UGA,-8000,0
Uganda,UGA,-7000,0
Uganda,UGA,-6000,0
Uganda,UGA,-5000,0
Uganda,UGA,-4000,0
Uganda,UGA,-3000,0
Uganda,UGA,-2000,0
Uganda,UGA,-1000,0
Uganda,UGA,0,58261.375
Uganda,UGA,100,72912.87
Uganda,UGA,200,91248.51
Uganda,UGA,300,114194.59
Uganda,UGA,400,142910.3
Uganda,UGA,500,178846.22
Uganda,UGA,600,223817.58
Uganda,UGA,700,280096
Uganda,UGA,800,350524.1
Uganda,UGA,900,409415.12
Uganda,UGA,1000,468439.3
Uganda,UGA,1100,551044.94
Uganda,UGA,1200,633836.2
Uganda,UGA,1300,716812.44
Uganda,UGA,1400,799973.1
Uganda,UGA,1500,883317.5
Uganda,UGA,1600,1031694.44
Uganda,UGA,1700,1180399
Uganda,UGA,1710,1191904.8
Uganda,UGA,1720,1203825.2
Uganda,UGA,1730,1216388
Uganda,UGA,1740,1229658.8
Uganda,UGA,1750,1243713.6
Uganda,UGA,1760,1258641.2
Uganda,UGA,1770,1274545.6
Uganda,UGA,1780,1291549.5
Uganda,UGA,1790,1309799.4
Uganda,UGA,1800,1329471.8
Uganda,UGA,1810,1350782
Uganda,UGA,1820,1373995.8
Uganda,UGA,1830,1399446.2
Uganda,UGA,1840,1427558.2
Uganda,UGA,1850,1458884
Uganda,UGA,1860,1494158.8
Uganda,UGA,1870,1534389.4
Uganda,UGA,1880,1581001.6
Uganda,UGA,1890,1636103.4
Uganda,UGA,1900,1702985.1
Uganda,UGA,1910,1787171.1
Uganda,UGA,1920,1898931.6
Uganda,UGA,1930,2060552
Uganda,UGA,1940,2335162
Uganda,UGA,1950,3052837.2
Uganda,UGA,1951,3141931.5
Uganda,UGA,1952,3228893.2
Uganda,UGA,1953,3315163
Uganda,UGA,1954,3402186
Uganda,UGA,1955,3491375.8
Uganda,UGA,1956,3584152
Uganda,UGA,1957,3681919.5
Uganda,UGA,1958,3786035.5
Uganda,UGA,1959,3897734.8
Uganda,UGA,1960,4018000
Uganda,UGA,1961,4018000
Uganda,UGA,1962,4114000
Uganda,UGA,1963,4258000
Uganda,UGA,1964,4873000
Uganda,UGA,1965,4871000
Uganda,UGA,1966,4885000
Uganda,UGA,1967,4888000
Uganda,UGA,1968,4925000
Uganda,UGA,1969,4950000
Uganda,UGA,1970,4980000
Uganda,UGA,1971,5030000
Uganda,UGA,1972,5100000
Uganda,UGA,1973,5180000
Uganda,UGA,1974,5264000
Uganda,UGA,1975,5407000
Uganda,UGA,1976,5538000
Uganda,UGA,1977,5538000
Uganda,UGA,1978,5610000
Uganda,UGA,1979,5610000
Uganda,UGA,1980,5680000
Uganda,UGA,1981,6850000
Uganda,UGA,1982,6850000
Uganda,UGA,1983,6850000
Uganda,UGA,1984,6850000
Uganda,UGA,1985,6850000
Uganda,UGA,1986,6850000
Uganda,UGA,1987,6850000
Uganda,UGA,1988,6850000
Uganda,UGA,1989,6850000
Uganda,UGA,1990,6850000
Uganda,UGA,1991,6849999
Uganda,UGA,1992,6939996
Uganda,UGA,1993,6969996
Uganda,UGA,1994,6989996
Uganda,UGA,1995,7009996
Uganda,UGA,1996,7059997
Uganda,UGA,1997,7059997
Uganda,UGA,1998,7129997
Uganda,UGA,1999,7149997
Uganda,UGA,2000,7399997.5
Uganda,UGA,2001,7499998.5
Uganda,UGA,2002,7699998.5
Uganda,UGA,2003,7999999
Uganda,UGA,2004,8150000
Uganda,UGA,2005,8150000
Uganda,UGA,2006,8299999
Uganda,UGA,2007,8449999
Uganda,UGA,2008,8650000
Uganda,UGA,2009,8800000
Uganda,UGA,2010,8950000
Uganda,UGA,2011,9050000
Uganda,UGA,2012,9099999
Uganda,UGA,2013,9099999
Uganda,UGA,2014,9099999
Uganda,UGA,2015,9099999
Uganda,UGA,2016,9100000
Uganda,UGA,2017,9100000
Uganda,UGA,2018,9100000
Uganda,UGA,2019,9100000
Uganda,UGA,2020,9100000
Uganda,UGA,2021,9100000
Uganda,UGA,2022,9100000
Uganda,UGA,2023,9100000
Ukraine,UKR,-10000,0
Ukraine,UKR,-9000,0
Ukraine,UKR,-8000,0
Ukraine,UKR,-7000,0
Ukraine,UKR,-6000,0
Ukraine,UKR,-5000,23608.096
Ukraine,UKR,-4000,205184.86
Ukraine,UKR,-3000,310788.38
Ukraine,UKR,-2000,361862.56
Ukraine,UKR,-1000,421330.53
Ukraine,UKR,0,490571.1
Ukraine,UKR,100,524562.8
Ukraine,UKR,200,560909.7
Ukraine,UKR,300,599775.1
Ukraine,UKR,400,641333.6
Ukraine,UKR,500,685771.56
Ukraine,UKR,600,733288.7
Ukraine,UKR,700,784098.25
Ukraine,UKR,800,838428.44
Ukraine,UKR,900,896522.94
Ukraine,UKR,1000,954382.1
Ukraine,UKR,1100,1428716.4
Ukraine,UKR,1200,2138796
Ukraine,UKR,1300,2134527
Ukraine,UKR,1400,2130266.5
Ukraine,UKR,1500,2834686.8
Ukraine,UKR,1600,3536286.2
Ukraine,UKR,1700,4705637
Ukraine,UKR,1710,5244658
Ukraine,UKR,1720,5524977.5
Ukraine,UKR,1730,5820280.5
Ukraine,UKR,1740,6131367
Ukraine,UKR,1750,6459080
Ukraine,UKR,1760,6804309.5
Ukraine,UKR,1770,7167990.5
Ukraine,UKR,1780,7551110
Ukraine,UKR,1790,7954706
Ukraine,UKR,1800,8379875
Ukraine,UKR,1810,8827768
Ukraine,UKR,1820,9435742
Ukraine,UKR,1830,10110626
Ukraine,UKR,1840,10984002
Ukraine,UKR,1850,11489143
Ukraine,UKR,1860,13092811
Ukraine,UKR,1870,14697430
Ukraine,UKR,1880,17285242
Ukraine,UKR,1890,20302660
Ukraine,UKR,1900,24679624
Ukraine,UKR,1910,30381060
Ukraine,UKR,1920,30851654
Ukraine,UKR,1930,29062550
Ukraine,UKR,1940,30854338
Ukraine,UKR,1950,36453680
Ukraine,UKR,1951,36348664
Ukraine,UKR,1952,36262380
Ukraine,UKR,1953,36179444
Ukraine,UKR,1954,36089164
Ukraine,UKR,1955,35985256
Ukraine,UKR,1956,35865590
Ukraine,UKR,1957,35731816
Ukraine,UKR,1958,35588390
Ukraine,UKR,1959,35441520
Ukraine,UKR,1960,35296364
Ukraine,UKR,1961,35924468
Ukraine,UKR,1962,35999376
Ukraine,UKR,1963,35729716
Ukraine,UKR,1964,35519980
Ukraine,UKR,1965,35437584
Ukraine,UKR,1966,35040590
Ukraine,UKR,1967,34988156
Ukraine,UKR,1968,34920740
Ukraine,UKR,1969,34965684
Ukraine,UKR,1970,34905760
Ukraine,UKR,1971,34875796
Ukraine,UKR,1972,34845836
Ukraine,UKR,1973,34800892
Ukraine,UKR,1974,34890780
Ukraine,UKR,1975,34815876
Ukraine,UKR,1976,34830856
Ukraine,UKR,1977,34845836
Ukraine,UKR,1978,34755950
Ukraine,UKR,1979,34666064
Ukraine,UKR,1980,34683590
Ukraine,UKR,1981,34711010
Ukraine,UKR,1982,34718496
Ukraine,UKR,1983,34740970
Ukraine,UKR,1984,34708908
Ukraine,UKR,1985,34727636
Ukraine,UKR,1986,34744716
Ukraine,UKR,1987,34765236
Ukraine,UKR,1988,34687036
Ukraine,UKR,1989,34445844
Ukraine,UKR,1990,34294536
Ukraine,UKR,1991,34294536
Ukraine,UKR,1992,34456000
Ukraine,UKR,1993,34417000
Ukraine,UKR,1994,34357000
Ukraine,UKR,1995,34329000
Ukraine,UKR,1996,34211000
Ukraine,UKR,1997,34081000
Ukraine,UKR,1998,33821000
Ukraine,UKR,1999,33615000
Ukraine,UKR,2000,33496000
Ukraine,UKR,2001,33461000
Ukraine,UKR,2002,33457000
Ukraine,UKR,2003,33387000
Ukraine,UKR,2004,33386000
Ukraine,UKR,2005,33353000
Ukraine,UKR,2006,33345000
Ukraine,UKR,2007,33333000
Ukraine,UKR,2008,33374000
Ukraine,UKR,2009,33376000
Ukraine,UKR,2010,33374000
Ukraine,UKR,2011,33395000
Ukraine,UKR,2012,33412000
Ukraine,UKR,2013,33671000
Ukraine,UKR,2014,33663000
Ukraine,UKR,2015,33667000
Ukraine,UKR,2016,33673000
Ukraine,UKR,2017,33669000
Ukraine,UKR,2018,33670400
Ukraine,UKR,2019,33671000
Ukraine,UKR,2020,33671600
Ukraine,UKR,2021,33672200
Ukraine,UKR,2022,33672800
Ukraine,UKR,2023,33673400
United Arab Emirates,ARE,-10000,0
United Arab Emirates,ARE,-9000,0
United Arab Emirates,ARE,-8000,0
United Arab Emirates,ARE,-7000,0
United Arab Emirates,ARE,-6000,0
United Arab Emirates,ARE,-5000,0
United Arab Emirates,ARE,-4000,0
United Arab Emirates,ARE,-3000,0
United Arab Emirates,ARE,-2000,14535.656
United Arab Emirates,ARE,-1000,19788.064
United Arab Emirates,ARE,0,25872.598
United Arab Emirates,ARE,100,26301.838
United Arab Emirates,ARE,200,26712.436
United Arab Emirates,ARE,300,27100.254
United Arab Emirates,ARE,400,27460.44
United Arab Emirates,ARE,500,27787.295
United Arab Emirates,ARE,600,28074.06
United Arab Emirates,ARE,700,28312.65
United Arab Emirates,ARE,800,28493.28
United Arab Emirates,ARE,900,27650.504
United Arab Emirates,ARE,1000,26752.96
United Arab Emirates,ARE,1100,25790.781
United Arab Emirates,ARE,1200,24750.889
United Arab Emirates,ARE,1300,23615.402
United Arab Emirates,ARE,1400,22358.76
United Arab Emirates,ARE,1500,20942.33
United Arab Emirates,ARE,1600,26152.396
United Arab Emirates,ARE,1700,29619.438
United Arab Emirates,ARE,1710,26770.236
United Arab Emirates,ARE,1720,25676.232
United Arab Emirates,ARE,1730,24612.79
United Arab Emirates,ARE,1740,23578.64
United Arab Emirates,ARE,1750,22572.514
United Arab Emirates,ARE,1760,21593.12
United Arab Emirates,ARE,1770,20639.156
United Arab Emirates,ARE,1780,19709.293
United Arab Emirates,ARE,1790,18802.145
United Arab Emirates,ARE,1800,17916.268
United Arab Emirates,ARE,1810,17050.139
United Arab Emirates,ARE,1820,17519.646
United Arab Emirates,ARE,1830,17971.836
United Arab Emirates,ARE,1840,18399.795
United Arab Emirates,ARE,1850,18794.934
United Arab Emirates,ARE,1860,19146.441
United Arab Emirates,ARE,1870,19465.488
United Arab Emirates,ARE,1880,19709.805
United Arab Emirates,ARE,1890,19855.18
United Arab Emirates,ARE,1900,19868.346
United Arab Emirates,ARE,1910,19701.576
United Arab Emirates,ARE,1920,18949.738
United Arab Emirates,ARE,1930,17857.07
United Arab Emirates,ARE,1940,16220.728
United Arab Emirates,ARE,1950,13519.243
United Arab Emirates,ARE,1951,12668.224
United Arab Emirates,ARE,1952,12545.987
United Arab Emirates,ARE,1953,12683.815
United Arab Emirates,ARE,1954,12768.546
United Arab Emirates,ARE,1955,12619.913
United Arab Emirates,ARE,1956,12184.74
United Arab Emirates,ARE,1957,11496.097
United Arab Emirates,ARE,1958,10621.339
United Arab Emirates,ARE,1959,9566.183
United Arab Emirates,ARE,1960,8000
United Arab Emirates,ARE,1961,8000
United Arab Emirates,ARE,1962,8000
United Arab Emirates,ARE,1963,8000
United Arab Emirates,ARE,1964,8000
United Arab Emirates,ARE,1965,9000
United Arab Emirates,ARE,1966,10000
United Arab Emirates,ARE,1967,10000
United Arab Emirates,ARE,1968,10000
United Arab Emirates,ARE,1969,10000
United Arab Emirates,ARE,1970,12000
United Arab Emirates,ARE,1971,12000
United Arab Emirates,ARE,1972,12000
United Arab Emirates,ARE,1973,13000
United Arab Emirates,ARE,1974,14000
United Arab Emirates,ARE,1975,15000
United Arab Emirates,ARE,1976,16000
United Arab Emirates,ARE,1977,17000
United Arab Emirates,ARE,1978,18000
United Arab Emirates,ARE,1979,19000
United Arab Emirates,ARE,1980,23000
United Arab Emirates,ARE,1981,27000
United Arab Emirates,ARE,1982,27000
United Arab Emirates,ARE,1983,32000
United Arab Emirates,ARE,1984,32000
United Arab Emirates,ARE,1985,35000
United Arab Emirates,ARE,1986,38000
United Arab Emirates,ARE,1987,38000
United Arab Emirates,ARE,1988,39000
United Arab Emirates,ARE,1989,39000
United Arab Emirates,ARE,1990,55000
United Arab Emirates,ARE,1991,60000
United Arab Emirates,ARE,1992,69000
United Arab Emirates,ARE,1993,75000
United Arab Emirates,ARE,1994,82000
United Arab Emirates,ARE,1995,83000
United Arab Emirates,ARE,1996,87000
United Arab Emirates,ARE,1997,95000
United Arab Emirates,ARE,1998,98000
United Arab Emirates,ARE,1999,216000
United Arab Emirates,ARE,2000,247000
United Arab Emirates,ARE,2001,262000
United Arab Emirates,ARE,2002,266000
United Arab Emirates,ARE,2003,254000
United Arab Emirates,ARE,2004,254000
United Arab Emirates,ARE,2005,257000
United Arab Emirates,ARE,2006,238600
United Arab Emirates,ARE,2007,232600
United Arab Emirates,ARE,2008,239600
United Arab Emirates,ARE,2009,87899.98
United Arab Emirates,ARE,2010,92300
United Arab Emirates,ARE,2011,88500
United Arab Emirates,ARE,2012,76700
United Arab Emirates,ARE,2013,76700
United Arab Emirates,ARE,2014,76700
United Arab Emirates,ARE,2015,76700
United Arab Emirates,ARE,2016,76700
United Arab Emirates,ARE,2017,76700
United Arab Emirates,ARE,2018,47000
United Arab Emirates,ARE,2019,47000
United Arab Emirates,ARE,2020,47000
United Arab Emirates,ARE,2021,76700
United Arab Emirates,ARE,2022,76700
United Arab Emirates,ARE,2023,76700
United Kingdom,GBR,-10000,0
United Kingdom,GBR,-9000,0
United Kingdom,GBR,-8000,0
United Kingdom,GBR,-7000,0
United Kingdom,GBR,-6000,0
United Kingdom,GBR,-5000,0
United Kingdom,GBR,-4000,20653.092
United Kingdom,GBR,-3000,93017.17
United Kingdom,GBR,-2000,279051.38
United Kingdom,GBR,-1000,730354.3
United Kingdom,GBR,0,2687161.2
United Kingdom,GBR,100,2913352.8
United Kingdom,GBR,200,3080785.8
United Kingdom,GBR,300,3257839.8
United Kingdom,GBR,400,3445072
United Kingdom,GBR,500,2583809.5
United Kingdom,GBR,600,1722497.9
United Kingdom,GBR,700,1722497.9
United Kingdom,GBR,800,2514908
United Kingdom,GBR,900,4185761.8
United Kingdom,GBR,1000,5856296
United Kingdom,GBR,1100,8814929
United Kingdom,GBR,1200,8814904
United Kingdom,GBR,1300,9630454
United Kingdom,GBR,1400,6221475.5
United Kingdom,GBR,1500,6209538
United Kingdom,GBR,1600,7934079
United Kingdom,GBR,1700,8682889
United Kingdom,GBR,1710,8670227
United Kingdom,GBR,1720,8600877
United Kingdom,GBR,1730,8373169
United Kingdom,GBR,1740,8433438
United Kingdom,GBR,1750,8407755
United Kingdom,GBR,1760,8344269
United Kingdom,GBR,1770,8226224
United Kingdom,GBR,1780,8250296
United Kingdom,GBR,1790,8128365.5
United Kingdom,GBR,1800,8018816.5
United Kingdom,GBR,1810,7800060
United Kingdom,GBR,1820,7880619
United Kingdom,GBR,1830,7829893
United Kingdom,GBR,1840,8166576
United Kingdom,GBR,1850,7952042
United Kingdom,GBR,1860,7102089
United Kingdom,GBR,1870,8234699
United Kingdom,GBR,1880,8130339
United Kingdom,GBR,1890,8025445.5
United Kingdom,GBR,1900,7919669
United Kingdom,GBR,1910,7816527.5
United Kingdom,GBR,1920,7712490.5
United Kingdom,GBR,1930,7608153
United Kingdom,GBR,1940,7503725
United Kingdom,GBR,1950,7399285
United Kingdom,GBR,1951,7388840.5
United Kingdom,GBR,1952,7378396
United Kingdom,GBR,1953,7367951.5
United Kingdom,GBR,1954,7357506
United Kingdom,GBR,1955,7347061.5
United Kingdom,GBR,1956,7336617
United Kingdom,GBR,1957,7326172.5
United Kingdom,GBR,1958,7315728
United Kingdom,GBR,1959,7305283.5
United Kingdom,GBR,1960,7295000
United Kingdom,GBR,1961,7295000
United Kingdom,GBR,1962,7351000
United Kingdom,GBR,1963,7399000
United Kingdom,GBR,1964,7468000
United Kingdom,GBR,1965,7448000
United Kingdom,GBR,1966,7432000
United Kingdom,GBR,1967,7416000
United Kingdom,GBR,1968,7382000
United Kingdom,GBR,1969,7261000
United Kingdom,GBR,1970,7199000
United Kingdom,GBR,1971,7226000
United Kingdom,GBR,1972,7220000
United Kingdom,GBR,1973,7164000
United Kingdom,GBR,1974,7154000
United Kingdom,GBR,1975,6954000
United Kingdom,GBR,1976,6975000
United Kingdom,GBR,1977,7000000
United Kingdom,GBR,1978,7014000
United Kingdom,GBR,1979,6909000
United Kingdom,GBR,1980,6996000
United Kingdom,GBR,1981,6982000
United Kingdom,GBR,1982,6986000
United Kingdom,GBR,1983,6970000
United Kingdom,GBR,1984,6990000
United Kingdom,GBR,1985,7061000
United Kingdom,GBR,1986,7008000
United Kingdom,GBR,1987,7003000
United Kingdom,GBR,1988,6954000
United Kingdom,GBR,1989,6770000
United Kingdom,GBR,1990,6686000
United Kingdom,GBR,1991,6633000
United Kingdom,GBR,1992,6618000
United Kingdom,GBR,1993,6152000
United Kingdom,GBR,1994,5972000
United Kingdom,GBR,1995,5993000
United Kingdom,GBR,1996,6154000
United Kingdom,GBR,1997,6425000
United Kingdom,GBR,1998,6306000
United Kingdom,GBR,1999,5968000
United Kingdom,GBR,2000,5928000
United Kingdom,GBR,2001,5702000
United Kingdom,GBR,2002,5836000
United Kingdom,GBR,2003,5708000
United Kingdom,GBR,2004,5868000
United Kingdom,GBR,2005,5776000
United Kingdom,GBR,2006,6139000
United Kingdom,GBR,2007,6131000
United Kingdom,GBR,2008,6051000
United Kingdom,GBR,2009,6092000
United Kingdom,GBR,2010,6016000
United Kingdom,GBR,2011,6107000
United Kingdom,GBR,2012,6258000
United Kingdom,GBR,2013,6310300
United Kingdom,GBR,2014,6278300
United Kingdom,GBR,2015,6060000
United Kingdom,GBR,2016,6072652.5
United Kingdom,GBR,2017,6130586.5
United Kingdom,GBR,2018,6000845.5
United Kingdom,GBR,2019,5944338
United Kingdom,GBR,2020,5887830.5
United Kingdom,GBR,2021,5831323
United Kingdom,GBR,2022,5774815.5
United Kingdom,GBR,2023,5718308
United States,USA,-10000,0
United States,USA,-9000,0
United States,USA,-8000,0
United States,USA,-7000,0
United States,USA,-6000,0
United States,USA,-5000,0
United States,USA,-4000,0
United States,USA,-3000,0
United States,USA,-2000,0
United States,USA,-1000,0
United States,USA,0,17629.668
United States,USA,100,18469.176
United States,USA,200,19348.66
United States,USA,300,20270.023
United States,USA,400,21235.264
United States,USA,500,22246.467
United States,USA,600,23305.822
United States,USA,700,24415.623
United States,USA,800,383905.94
United States,USA,900,745430.94
United States,USA,1000,1465283.5
United States,USA,1100,1577997.6
United States,USA,1200,1747790
United States,USA,1300,1889403.9
United States,USA,1400,2090932.2
United States,USA,1500,2264306.2
United States,USA,1600,1042193.94
United States,USA,1700,1282738.2
United States,USA,1710,1871794.8
United States,USA,1720,2487808
United States,USA,1730,3142917.5
United States,USA,1740,3858836.8
United States,USA,1750,4662696
United States,USA,1760,5468300.5
United States,USA,1770,6364353.5
United States,USA,1780,7380260
United States,USA,1790,8551566
United States,USA,1800,11398098
United States,USA,1810,15083872
United States,USA,1820,19764808
United States,USA,1830,26020928
United States,USA,1840,33774476
United States,USA,1850,41656160
United States,USA,1860,59154280
United States,USA,1870,67319736
United States,USA,1880,100889816
United States,USA,1890,125820310
United States,USA,1900,144421840
United States,USA,1910,167069200
United States,USA,1920,178558670
United States,USA,1930,184453470
United States,USA,1940,178966320
United States,USA,1950,189787340
United States,USA,1951,189232540
United States,USA,1952,188677580
United States,USA,1953,188122660
United States,USA,1954,187567680
United States,USA,1955,187012720
United States,USA,1956,186457760
United States,USA,1957,185902770
United States,USA,1958,185347800
United States,USA,1959,184792830
United States,USA,1960,182508850
United States,USA,1961,182508860
United States,USA,1962,178990900
United States,USA,1963,181442900
United States,USA,1964,179838900
United States,USA,1965,178872940
United States,USA,1966,177549970
United States,USA,1967,176306960
United States,USA,1968,182794910
United States,USA,1969,191013860
United States,USA,1970,190499860
United States,USA,1971,189899860
United States,USA,1972,189299860
United States,USA,1973,188799860
United States,USA,1974,188217870
United States,USA,1975,188217870
United States,USA,1976,188217870
United States,USA,1977,188292880
United States,USA,1978,190623870
United States,USA,1979,190623870
United States,USA,1980,190623870
United States,USA,1981,190623870
United States,USA,1982,189798880
United States,USA,1983,189798880
United States,USA,1984,189798900
United States,USA,1985,189798880
United States,USA,1986,189798880
United States,USA,1987,187775900
United States,USA,1988,187775900
United States,USA,1989,187775920
United States,USA,1990,187775920
United States,USA,1991,187775920
United States,USA,1992,186179920
United States,USA,1993,184947920
United States,USA,1994,184138340
United States,USA,1995,184138350
United States,USA,1996,181305360
United States,USA,1997,180091380
United States,USA,1998,179281360
United States,USA,1999,178067400
United States,USA,2000,178067400
United States,USA,2001,178099420
United States,USA,2002,175706450
United States,USA,2003,173460770
United States,USA,2004,171215400
United States,USA,2005,168970100
United States,USA,2006,166724820
United States,USA,2007,164479520
United States,USA,2008,163125040
United States,USA,2009,161770540
United States,USA,2010,160416060
United States,USA,2011,159061570
United States,USA,2012,157707060
United States,USA,2013,158252960
United States,USA,2014,158798860
United States,USA,2015,159344660
United States,USA,2016,159890560
United States,USA,2017,160436370
United States,USA,2018,160982220
United States,USA,2019,161528080
United States,USA,2020,162073920
United States,USA,2021,162619780
United States,USA,2022,163165630
United States,USA,2023,163711460
United States Virgin Islands,VIR,-10000,0
United States Virgin Islands,VIR,-9000,0
United States Virgin Islands,VIR,-8000,0
United States Virgin Islands,VIR,-7000,0
United States Virgin Islands,VIR,-6000,0
United States Virgin Islands,VIR,-5000,0
United States Virgin Islands,VIR,-4000,0
United States Virgin Islands,VIR,-3000,0
United States Virgin Islands,VIR,-2000,0
United States Virgin Islands,VIR,-1000,0
United States Virgin Islands,VIR,0,0
United States Virgin Islands,VIR,100,0
United States Virgin Islands,VIR,200,0
United States Virgin Islands,VIR,300,0
United States Virgin Islands,VIR,400,0
United States Virgin Islands,VIR,500,0
United States Virgin Islands,VIR,600,0
United States Virgin Islands,VIR,700,0
United States Virgin Islands,VIR,800,0
United States Virgin Islands,VIR,900,0
United States Virgin Islands,VIR,1000,0
United States Virgin Islands,VIR,1100,0
United States Virgin Islands,VIR,1200,0
United States Virgin Islands,VIR,1300,0
United States Virgin Islands,VIR,1400,0
United States Virgin Islands,VIR,1500,565.85645
United States Virgin Islands,VIR,1600,1082.3182
United States Virgin Islands,VIR,1700,2055.899
United States Virgin Islands,VIR,1710,2299.9226
United States Virgin Islands,VIR,1720,2572.662
United States Virgin Islands,VIR,1730,2877.458
United States Virgin Islands,VIR,1740,3218.032
United States Virgin Islands,VIR,1750,3598.5305
United States Virgin Islands,VIR,1760,4023.573
United States Virgin Islands,VIR,1770,4498.301
United States Virgin Islands,VIR,1780,5028.4395
United States Virgin Islands,VIR,1790,5620.358
United States Virgin Islands,VIR,1800,6281.142
United States Virgin Islands,VIR,1810,7018.6714
United States Virgin Islands,VIR,1820,6984.372
United States Virgin Islands,VIR,1830,6949.2256
United States Virgin Islands,VIR,1840,6913.204
United States Virgin Islands,VIR,1850,6876.2764
United States Virgin Islands,VIR,1860,6838.41
United States Virgin Islands,VIR,1870,6462.8306
United States Virgin Islands,VIR,1880,6106.767
United States Virgin Islands,VIR,1890,5769.2197
United States Virgin Islands,VIR,1900,5449.2383
United States Virgin Islands,VIR,1910,5145.9214
United States Virgin Islands,VIR,1920,4858.4116
United States Virgin Islands,VIR,1930,4585.8955
United States Virgin Islands,VIR,1940,4327.6
United States Virgin Islands,VIR,1950,4083.0952
United States Virgin Islands,VIR,1951,4167.0146
United States Virgin Islands,VIR,1952,4276.7637
United States Virgin Islands,VIR,1953,4378.9927
United States Virgin Islands,VIR,1954,4454.749
United States Virgin Islands,VIR,1955,4500.9243
United States Virgin Islands,VIR,1956,4522.9062
United States Virgin Islands,VIR,1957,4548.611
United States Virgin Islands,VIR,1958,4610.082
United States Virgin Islands,VIR,1959,4748.7505
United States Virgin Islands,VIR,1960,5000
United States Virgin Islands,VIR,1961,5000
United States Virgin Islands,VIR,1962,5000
United States Virgin Islands,VIR,1963,7000
United States Virgin Islands,VIR,1964,7000
United States Virgin Islands,VIR,1965,7000
United States Virgin Islands,VIR,1966,7000
United States Virgin Islands,VIR,1967,6000
United States Virgin Islands,VIR,1968,6000
United States Virgin Islands,VIR,1969,6000
United States Virgin Islands,VIR,1970,6000
United States Virgin Islands,VIR,1971,6000
United States Virgin Islands,VIR,1972,6000
United States Virgin Islands,VIR,1973,6000
United States Virgin Islands,VIR,1974,6000
United States Virgin Islands,VIR,1975,6000
United States Virgin Islands,VIR,1976,6000
United States Virgin Islands,VIR,1977,6000
United States Virgin Islands,VIR,1978,6000
United States Virgin Islands,VIR,1979,6000
United States Virgin Islands,VIR,1980,7000
United States Virgin Islands,VIR,1981,7000
United States Virgin Islands,VIR,1982,6000
United States Virgin Islands,VIR,1983,6000
United States Virgin Islands,VIR,1984,6000
United States Virgin Islands,VIR,1985,5000
United States Virgin Islands,VIR,1986,5000
United States Virgin Islands,VIR,1987,5000
United States Virgin Islands,VIR,1988,5000
United States Virgin Islands,VIR,1989,5000
United States Virgin Islands,VIR,1990,5000
United States Virgin Islands,VIR,1991,5000
United States Virgin Islands,VIR,1992,5000
United States Virgin Islands,VIR,1993,5000
United States Virgin Islands,VIR,1994,4000
United States Virgin Islands,VIR,1995,4000
United States Virgin Islands,VIR,1996,4000
United States Virgin Islands,VIR,1997,4000
United States Virgin Islands,VIR,1998,4000
United States Virgin Islands,VIR,1999,3000
United States Virgin Islands,VIR,2000,3000
United States Virgin Islands,VIR,2001,3000
United States Virgin Islands,VIR,2002,3000
United States Virgin Islands,VIR,2003,3000
United States Virgin Islands,VIR,2004,3000
United States Virgin Islands,VIR,2005,3000
United States Virgin Islands,VIR,2006,2000
United States Virgin Islands,VIR,2007,2000
United States Virgin Islands,VIR,2008,2000
United States Virgin Islands,VIR,2009,2000
United States Virgin Islands,VIR,2010,2000
United States Virgin Islands,VIR,2011,2000
United States Virgin Islands,VIR,2012,2000
United States Virgin Islands,VIR,2013,2000
United States Virgin Islands,VIR,2014,2000
United States Virgin Islands,VIR,2015,2000
United States Virgin Islands,VIR,2016,2000
United States Virgin Islands,VIR,2017,2000
United States Virgin Islands,VIR,2018,15929.483
United States Virgin Islands,VIR,2019,15935.392
United States Virgin Islands,VIR,2020,15638.078
United States Virgin Islands,VIR,2021,2000
United States Virgin Islands,VIR,2022,2000
United States Virgin Islands,VIR,2023,2000
Uruguay,URY,-10000,0
Uruguay,URY,-9000,0
Uruguay,URY,-8000,0
Uruguay,URY,-7000,0
Uruguay,URY,-6000,0
Uruguay,URY,-5000,0
Uruguay,URY,-4000,0
Uruguay,URY,-3000,0
Uruguay,URY,-2000,0
Uruguay,URY,-1000,0
Uruguay,URY,0,0
Uruguay,URY,100,0
Uruguay,URY,200,0
Uruguay,URY,300,0
Uruguay,URY,400,0
Uruguay,URY,500,0
Uruguay,URY,600,0
Uruguay,URY,700,0
Uruguay,URY,800,0
Uruguay,URY,900,0
Uruguay,URY,1000,0
Uruguay,URY,1100,0
Uruguay,URY,1200,0
Uruguay,URY,1300,0
Uruguay,URY,1400,0
Uruguay,URY,1500,0
Uruguay,URY,1600,0
Uruguay,URY,1700,12524.644
Uruguay,URY,1710,16479.795
Uruguay,URY,1720,21683.94
Uruguay,URY,1730,28531.5
Uruguay,URY,1740,37541.445
Uruguay,URY,1750,49396.64
Uruguay,URY,1760,51984.215
Uruguay,URY,1770,54706.434
Uruguay,URY,1780,57570.164
Uruguay,URY,1790,60582.605
Uruguay,URY,1800,63751.293
Uruguay,URY,1810,67084.1
Uruguay,URY,1820,70589.25
Uruguay,URY,1830,95258.09
Uruguay,URY,1840,126956.625
Uruguay,URY,1850,169196.77
Uruguay,URY,1860,304270.7
Uruguay,URY,1870,439183.6
Uruguay,URY,1880,593742.56
Uruguay,URY,1890,877201.25
Uruguay,URY,1900,1169094.1
Uruguay,URY,1910,1331009.6
Uruguay,URY,1920,1571954.2
Uruguay,URY,1930,1810593
Uruguay,URY,1940,2043399
Uruguay,URY,1950,2272745
Uruguay,URY,1951,2288217.5
Uruguay,URY,1952,2305779.2
Uruguay,URY,1953,2325355.8
Uruguay,URY,1954,2345766.5
Uruguay,URY,1955,2367431.8
Uruguay,URY,1956,2390060.2
Uruguay,URY,1957,2413198.8
Uruguay,URY,1958,2436047.8
Uruguay,URY,1959,2457338.8
Uruguay,URY,1960,2471451
Uruguay,URY,1961,2507000
Uruguay,URY,1962,2449000
Uruguay,URY,1963,2391000
Uruguay,URY,1964,2334000
Uruguay,URY,1965,2276000
Uruguay,URY,1966,2218000
Uruguay,URY,1967,2145000
Uruguay,URY,1968,2072000
Uruguay,URY,1969,1998000
Uruguay,URY,1970,1852000
Uruguay,URY,1971,1812000
Uruguay,URY,1972,1771000
Uruguay,URY,1973,1731000
Uruguay,URY,1974,1691000
Uruguay,URY,1975,1651000
Uruguay,URY,1976,1610000
Uruguay,URY,1977,1570000
Uruguay,URY,1978,1530000
Uruguay,URY,1979,1489000
Uruguay,URY,1980,1449000
Uruguay,URY,1981,1433000
Uruguay,URY,1982,1416000
Uruguay,URY,1983,1400000
Uruguay,URY,1984,1384000
Uruguay,URY,1985,1368000
Uruguay,URY,1986,1351000
Uruguay,URY,1987,1335000
Uruguay,URY,1988,1319000
Uruguay,URY,1989,1302000
Uruguay,URY,1990,1286000
Uruguay,URY,1991,1299000
Uruguay,URY,1992,1312000
Uruguay,URY,1993,1325000
Uruguay,URY,1994,1338000
Uruguay,URY,1995,1351000
Uruguay,URY,1996,1363000
Uruguay,URY,1997,1376000
Uruguay,URY,1998,1389000
Uruguay,URY,1999,1402000
Uruguay,URY,2000,1415000
Uruguay,URY,2001,1419000
Uruguay,URY,2002,1423000
Uruguay,URY,2003,1427000
Uruguay,URY,2004,1429000
Uruguay,URY,2005,1432000
Uruguay,URY,2006,1427000
Uruguay,URY,2007,1509000
Uruguay,URY,2008,1859000
Uruguay,URY,2009,2226000
Uruguay,URY,2010,2071000
Uruguay,URY,2011,2391000
Uruguay,URY,2012,2192000
Uruguay,URY,2013,2463000
Uruguay,URY,2014,2449600
Uruguay,URY,2015,2449600
Uruguay,URY,2016,2449600
Uruguay,URY,2017,2469000
Uruguay,URY,2018,2459760
Uruguay,URY,2019,2460960
Uruguay,URY,2020,2462160
Uruguay,URY,2021,2463360
Uruguay,URY,2022,2464560
Uruguay,URY,2023,2465760
Uzbekistan,UZB,-10000,0
Uzbekistan,UZB,-9000,0
Uzbekistan,UZB,-8000,0
Uzbekistan,UZB,-7000,0
Uzbekistan,UZB,-6000,0
Uzbekistan,UZB,-5000,0
Uzbekistan,UZB,-4000,0
Uzbekistan,UZB,-3000,0
Uzbekistan,UZB,-2000,181926.1
Uzbekistan,UZB,-1000,220687.06
Uzbekistan,UZB,0,266614.34
Uzbekistan,UZB,100,286601.84
Uzbekistan,UZB,200,308077.78
Uzbekistan,UZB,300,331152.47
Uzbekistan,UZB,400,355944.38
Uzbekistan,UZB,500,382580.7
Uzbekistan,UZB,600,411198
Uzbekistan,UZB,700,441942.88
Uzbekistan,UZB,800,474972.84
Uzbekistan,UZB,900,496516.84
Uzbekistan,UZB,1000,518173.8
Uzbekistan,UZB,1100,560154.7
Uzbekistan,UZB,1200,602367.06
Uzbekistan,UZB,1300,644809
Uzbekistan,UZB,1400,687478.44
Uzbekistan,UZB,1500,736216.44
Uzbekistan,UZB,1600,843809.94
Uzbekistan,UZB,1700,951992.75
Uzbekistan,UZB,1710,1005891.3
Uzbekistan,UZB,1720,1062074.8
Uzbekistan,UZB,1730,1121396.2
Uzbekistan,UZB,1740,1184030.6
Uzbekistan,UZB,1750,1250163.1
Uzbekistan,UZB,1760,1319989
Uzbekistan,UZB,1770,1393714.5
Uzbekistan,UZB,1780,1471557.6
Uzbekistan,UZB,1790,1553748.1
Uzbekistan,UZB,1800,1640528.8
Uzbekistan,UZB,1810,1732155.9
Uzbekistan,UZB,1820,1828900.2
Uzbekistan,UZB,1830,1931047.2
Uzbekistan,UZB,1840,2038899
Uzbekistan,UZB,1850,2152774
Uzbekistan,UZB,1860,2273008.5
Uzbekistan,UZB,1870,2399957.5
Uzbekistan,UZB,1880,2533996.2
Uzbekistan,UZB,1890,2675520.5
Uzbekistan,UZB,1900,2824948.2
Uzbekistan,UZB,1910,2982721
Uzbekistan,UZB,1920,3149304.2
Uzbekistan,UZB,1930,3325190.5
Uzbekistan,UZB,1940,3510898.8
Uzbekistan,UZB,1950,3706978
Uzbekistan,UZB,1951,3832604.8
Uzbekistan,UZB,1952,3952748.8
Uzbekistan,UZB,1953,4071683.5
Uzbekistan,UZB,1954,4192898.5
Uzbekistan,UZB,1955,4319034
Uzbekistan,UZB,1956,4451907.5
Uzbekistan,UZB,1957,4592514
Uzbekistan,UZB,1958,4741119
Uzbekistan,UZB,1959,4897394
Uzbekistan,UZB,1960,5060871
Uzbekistan,UZB,1961,5060871
Uzbekistan,UZB,1962,5071423.5
Uzbekistan,UZB,1963,5033435
Uzbekistan,UZB,1964,5003888.5
Uzbekistan,UZB,1965,4992281
Uzbekistan,UZB,1966,4936354.5
Uzbekistan,UZB,1967,4928967.5
Uzbekistan,UZB,1968,4919470.5
Uzbekistan,UZB,1969,4925802
Uzbekistan,UZB,1970,4917360
Uzbekistan,UZB,1971,4913139
Uzbekistan,UZB,1972,4908918.5
Uzbekistan,UZB,1973,4902586.5
Uzbekistan,UZB,1974,4915249.5
Uzbekistan,UZB,1975,4904697.5
Uzbekistan,UZB,1976,4906808
Uzbekistan,UZB,1977,4908918.5
Uzbekistan,UZB,1978,4896255.5
Uzbekistan,UZB,1979,4883593
Uzbekistan,UZB,1980,4886062
Uzbekistan,UZB,1981,4889924
Uzbekistan,UZB,1982,4890979.5
Uzbekistan,UZB,1983,4894145
Uzbekistan,UZB,1984,4889628.5
Uzbekistan,UZB,1985,4892267
Uzbekistan,UZB,1986,4894672
Uzbekistan,UZB,1987,4897563.5
Uzbekistan,UZB,1988,4886547.5
Uzbekistan,UZB,1989,4852569
Uzbekistan,UZB,1990,4831253.5
Uzbekistan,UZB,1991,4831253.5
Uzbekistan,UZB,1992,4853999
Uzbekistan,UZB,1993,4846999
Uzbekistan,UZB,1994,4839999
Uzbekistan,UZB,1995,4842999
Uzbekistan,UZB,1996,4839998.5
Uzbekistan,UZB,1997,4836999
Uzbekistan,UZB,1998,4833998.5
Uzbekistan,UZB,1999,4830998.5
Uzbekistan,UZB,2000,4827999
Uzbekistan,UZB,2001,4824999
Uzbekistan,UZB,2002,4826999
Uzbekistan,UZB,2003,4789999
Uzbekistan,UZB,2004,4752997.5
Uzbekistan,UZB,2005,4715997.5
Uzbekistan,UZB,2006,4678997.5
Uzbekistan,UZB,2007,4641998
Uzbekistan,UZB,2008,4604999
Uzbekistan,UZB,2009,4567999
Uzbekistan,UZB,2010,4531000
Uzbekistan,UZB,2011,4494000
Uzbekistan,UZB,2012,4457000
Uzbekistan,UZB,2013,4423000
Uzbekistan,UZB,2014,4416000
Uzbekistan,UZB,2015,4422000
Uzbekistan,UZB,2016,4421000
Uzbekistan,UZB,2017,4418000
Uzbekistan,UZB,2018,4418500
Uzbekistan,UZB,2019,4418000
Uzbekistan,UZB,2020,4417500
Uzbekistan,UZB,2021,4417000
Uzbekistan,UZB,2022,4416500
Uzbekistan,UZB,2023,4416000
Vanuatu,VUT,-10000,0
Vanuatu,VUT,-9000,0
Vanuatu,VUT,-8000,0
Vanuatu,VUT,-7000,0
Vanuatu,VUT,-6000,0
Vanuatu,VUT,-5000,0
Vanuatu,VUT,-4000,0
Vanuatu,VUT,-3000,0
Vanuatu,VUT,-2000,0
Vanuatu,VUT,-1000,0
Vanuatu,VUT,0,0
Vanuatu,VUT,100,0
Vanuatu,VUT,200,0
Vanuatu,VUT,300,0
Vanuatu,VUT,400,0
Vanuatu,VUT,500,0
Vanuatu,VUT,600,0
Vanuatu,VUT,700,0
Vanuatu,VUT,800,0
Vanuatu,VUT,900,0
Vanuatu,VUT,1000,0
Vanuatu,VUT,1100,0
Vanuatu,VUT,1200,84.016266
Vanuatu,VUT,1300,126.37333
Vanuatu,VUT,1400,190.08054
Vanuatu,VUT,1500,285.89734
Vanuatu,VUT,1600,430.00455
Vanuatu,VUT,1700,646.7353
Vanuatu,VUT,1710,680.9554
Vanuatu,VUT,1720,716.986
Vanuatu,VUT,1730,754.9229
Vanuatu,VUT,1740,794.867
Vanuatu,VUT,1750,836.9244
Vanuatu,VUT,1760,881.2068
Vanuatu,VUT,1770,927.83215
Vanuatu,VUT,1780,976.92426
Vanuatu,VUT,1790,1028.6135
Vanuatu,VUT,1800,1083.0376
Vanuatu,VUT,1810,1140.341
Vanuatu,VUT,1820,1204.0111
Vanuatu,VUT,1830,1271.2361
Vanuatu,VUT,1840,1342.2142
Vanuatu,VUT,1850,1417.155
Vanuatu,VUT,1860,1496.2798
Vanuatu,VUT,1870,1548.283
Vanuatu,VUT,1880,1602.0931
Vanuatu,VUT,1890,1657.7731
Vanuatu,VUT,1900,1715.3877
Vanuatu,VUT,1910,1775.0046
Vanuatu,VUT,1920,1820.9946
Vanuatu,VUT,1930,1868.1759
Vanuatu,VUT,1940,1916.5792
Vanuatu,VUT,1950,59887.336
Vanuatu,VUT,1951,61428.277
Vanuatu,VUT,1952,63155.14
Vanuatu,VUT,1953,65007.66
Vanuatu,VUT,1954,66967.01
Vanuatu,VUT,1955,68970.41
Vanuatu,VUT,1956,71032.94
Vanuatu,VUT,1957,73144.555
Vanuatu,VUT,1958,75329.12
Vanuatu,VUT,1959,77605.47
Vanuatu,VUT,1960,80000
Vanuatu,VUT,1961,80000
Vanuatu,VUT,1962,80000
Vanuatu,VUT,1963,80000
Vanuatu,VUT,1964,80000
Vanuatu,VUT,1965,88000
Vanuatu,VUT,1966,88000
Vanuatu,VUT,1967,88000
Vanuatu,VUT,1968,88000
Vanuatu,VUT,1969,88000
Vanuatu,VUT,1970,95000
Vanuatu,VUT,1971,95000
Vanuatu,VUT,1972,95000
Vanuatu,VUT,1973,95000
Vanuatu,VUT,1974,95000
Vanuatu,VUT,1975,101000
Vanuatu,VUT,1976,101000
Vanuatu,VUT,1977,102000
Vanuatu,VUT,1978,102000
Vanuatu,VUT,1979,103000
Vanuatu,VUT,1980,103000
Vanuatu,VUT,1981,104000
Vanuatu,VUT,1982,104000
Vanuatu,VUT,1983,105000
Vanuatu,VUT,1984,105000
Vanuatu,VUT,1985,107000
Vanuatu,VUT,1986,109000
Vanuatu,VUT,1987,111000
Vanuatu,VUT,1988,113000
Vanuatu,VUT,1989,115000
Vanuatu,VUT,1990,117000
Vanuatu,VUT,1991,119000
Vanuatu,VUT,1992,120000
Vanuatu,VUT,1993,122000
Vanuatu,VUT,1994,123000
Vanuatu,VUT,1995,125000
Vanuatu,VUT,1996,127000
Vanuatu,VUT,1997,128000
Vanuatu,VUT,1998,130000
Vanuatu,VUT,1999,131000
Vanuatu,VUT,2000,133000
Vanuatu,VUT,2001,135000
Vanuatu,VUT,2002,136000
Vanuatu,VUT,2003,138000
Vanuatu,VUT,2004,138987.22
Vanuatu,VUT,2005,140988.69
Vanuatu,VUT,2006,142989.88
Vanuatu,VUT,2007,144992.11
Vanuatu,VUT,2008,144994.75
Vanuatu,VUT,2009,144997.53
Vanuatu,VUT,2010,145000
Vanuatu,VUT,2011,145000
Vanuatu,VUT,2012,145000
Vanuatu,VUT,2013,145000
Vanuatu,VUT,2014,145000
Vanuatu,VUT,2015,145000
Vanuatu,VUT,2016,145000
Vanuatu,VUT,2017,145000
Vanuatu,VUT,2018,145000
Vanuatu,VUT,2019,145000
Vanuatu,VUT,2020,145000
Vanuatu,VUT,2021,145000
Vanuatu,VUT,2022,145000
Vanuatu,VUT,2023,145000
Venezuela,VEN,-10000,0
Venezuela,VEN,-9000,0
Venezuela,VEN,-8000,0
Venezuela,VEN,-7000,0
Venezuela,VEN,-6000,0
Venezuela,VEN,-5000,0
Venezuela,VEN,-4000,0
Venezuela,VEN,-3000,0
Venezuela,VEN,-2000,0
Venezuela,VEN,-1000,114808.22
Venezuela,VEN,0,126539.16
Venezuela,VEN,100,133026.06
Venezuela,VEN,200,139829.62
Venezuela,VEN,300,146963.14
Venezuela,VEN,400,154440.1
Venezuela,VEN,500,162273.97
Venezuela,VEN,600,170478.12
Venezuela,VEN,700,179065.64
Venezuela,VEN,800,188048.92
Venezuela,VEN,900,187567.38
Venezuela,VEN,1000,187040.1
Venezuela,VEN,1100,198890.83
Venezuela,VEN,1200,210594.45
Venezuela,VEN,1300,222124.25
Venezuela,VEN,1400,233444.28
Venezuela,VEN,1500,244503.64
Venezuela,VEN,1600,243071.1
Venezuela,VEN,1700,301865.9
Venezuela,VEN,1710,305439.75
Venezuela,VEN,1720,309049.34
Venezuela,VEN,1730,312694.5
Venezuela,VEN,1740,316375.06
Venezuela,VEN,1750,320090.7
Venezuela,VEN,1760,323841
Venezuela,VEN,1770,327625.6
Venezuela,VEN,1780,331443.8
Venezuela,VEN,1790,335294.9
Venezuela,VEN,1800,339177.97
Venezuela,VEN,1810,343091.88
Venezuela,VEN,1820,420583.06
Venezuela,VEN,1830,515550.62
Venezuela,VEN,1840,631926.7
Venezuela,VEN,1850,774523.94
Venezuela,VEN,1860,949231.44
Venezuela,VEN,1870,1066314.9
Venezuela,VEN,1880,1197726.5
Venezuela,VEN,1890,1302838.1
Venezuela,VEN,1900,1266343
Venezuela,VEN,1910,1214557.4
Venezuela,VEN,1920,1162061
Venezuela,VEN,1930,1430786.9
Venezuela,VEN,1940,1676899.2
Venezuela,VEN,1950,2251103.2
Venezuela,VEN,1951,2343028.8
Venezuela,VEN,1952,2442427.2
Venezuela,VEN,1953,2547542.5
Venezuela,VEN,1954,2656937.5
Venezuela,VEN,1955,2769504
Venezuela,VEN,1956,2884453.5
Venezuela,VEN,1957,3001265.5
Venezuela,VEN,1958,3119505
Venezuela,VEN,1959,3238226.8
Venezuela,VEN,1960,3341163
Venezuela,VEN,1961,3482000
Venezuela,VEN,1962,3482000
Venezuela,VEN,1963,3482000
Venezuela,VEN,1964,3484000
Venezuela,VEN,1965,3484000
Venezuela,VEN,1966,3484000
Venezuela,VEN,1967,3496000
Venezuela,VEN,1968,3498000
Venezuela,VEN,1969,3500000
Venezuela,VEN,1970,3503000
Venezuela,VEN,1971,3506000
Venezuela,VEN,1972,3465000
Venezuela,VEN,1973,3490000
Venezuela,VEN,1974,3510000
Venezuela,VEN,1975,3530000
Venezuela,VEN,1976,3550000
Venezuela,VEN,1977,3620000
Venezuela,VEN,1978,3640000
Venezuela,VEN,1979,3650000
Venezuela,VEN,1980,3670000
Venezuela,VEN,1981,3540000
Venezuela,VEN,1982,3560000
Venezuela,VEN,1983,3480000
Venezuela,VEN,1984,3490000
Venezuela,VEN,1985,3690000
Venezuela,VEN,1986,3850000
Venezuela,VEN,1987,3860000
Venezuela,VEN,1988,3860000
Venezuela,VEN,1989,3610000
Venezuela,VEN,1990,3610000
Venezuela,VEN,1991,3612000
Venezuela,VEN,1992,3362000
Venezuela,VEN,1993,3362000
Venezuela,VEN,1994,3370000
Venezuela,VEN,1995,3380000
Venezuela,VEN,1996,3392000
Venezuela,VEN,1997,3396000
Venezuela,VEN,1998,3402000
Venezuela,VEN,1999,3393000
Venezuela,VEN,2000,3395000
Venezuela,VEN,2001,3398000
Venezuela,VEN,2002,3300000
Venezuela,VEN,2003,3300000
Venezuela,VEN,2004,3350000
Venezuela,VEN,2005,3355000
Venezuela,VEN,2006,3355000
Venezuela,VEN,2007,3359000
Venezuela,VEN,2008,3400000
Venezuela,VEN,2009,3300000
Venezuela,VEN,2010,3300000
Venezuela,VEN,2011,3300000
Venezuela,VEN,2012,3300000
Venezuela,VEN,2013,3300000
Venezuela,VEN,2014,3300000
Venezuela,VEN,2015,3300000
Venezuela,VEN,2016,3300000
Venezuela,VEN,2017,3300000
Venezuela,VEN,2018,3300000
Venezuela,VEN,2019,3300000
Venezuela,VEN,2020,3300000
Venezuela,VEN,2021,3300000
Venezuela,VEN,2022,3300000
Venezuela,VEN,2023,3300000
Vietnam,VNM,-10000,0
Vietnam,VNM,-9000,0
Vietnam,VNM,-8000,0
Vietnam,VNM,-7000,0
Vietnam,VNM,-6000,0
Vietnam,VNM,-5000,0
Vietnam,VNM,-4000,0
Vietnam,VNM,-3000,0
Vietnam,VNM,-2000,0
Vietnam,VNM,-1000,0
Vietnam,VNM,0,91033.11
Vietnam,VNM,100,97790.875
Vietnam,VNM,200,105078.1
Vietnam,VNM,300,112934.33
Vietnam,VNM,400,121401.95
Vietnam,VNM,500,130527.195
Vietnam,VNM,600,140359.25
Vietnam,VNM,700,150951.39
Vietnam,VNM,800,162360.97
Vietnam,VNM,900,171277.88
Vietnam,VNM,1000,180198.97
Vietnam,VNM,1100,234153.72
Vietnam,VNM,1200,288078.28
Vietnam,VNM,1300,341979.53
Vietnam,VNM,1400,395863.2
Vietnam,VNM,1500,449732.44
Vietnam,VNM,1600,562048.3
Vietnam,VNM,1700,674334.9
Vietnam,VNM,1710,740838.06
Vietnam,VNM,1720,807339.2
Vietnam,VNM,1730,873838.4
Vietnam,VNM,1740,940335.6
Vietnam,VNM,1750,1006830.94
Vietnam,VNM,1760,1073324.4
Vietnam,VNM,1770,1139816.1
Vietnam,VNM,1780,1206306
Vietnam,VNM,1790,1272794.1
Vietnam,VNM,1800,1339280.6
Vietnam,VNM,1810,1405765.5
Vietnam,VNM,1820,1472248.8
Vietnam,VNM,1830,1650981
Vietnam,VNM,1840,1829708.6
Vietnam,VNM,1850,2008431.6
Vietnam,VNM,1860,2187150.2
Vietnam,VNM,1870,2365864.5
Vietnam,VNM,1880,2858139.5
Vietnam,VNM,1890,3519254
Vietnam,VNM,1900,4229550
Vietnam,VNM,1910,4989028.5
Vietnam,VNM,1920,5573439
Vietnam,VNM,1930,5233211
Vietnam,VNM,1940,4805090
Vietnam,VNM,1950,4289077.5
Vietnam,VNM,1951,4411200
Vietnam,VNM,1952,4544589.5
Vietnam,VNM,1953,4689268.5
Vietnam,VNM,1954,4845104
Vietnam,VNM,1955,5011796.5
Vietnam,VNM,1956,5188874
Vietnam,VNM,1957,5375689
Vietnam,VNM,1958,5571448
Vietnam,VNM,1959,5775239.5
Vietnam,VNM,1960,6020000
Vietnam,VNM,1961,6020000
Vietnam,VNM,1962,6025000
Vietnam,VNM,1963,6030000
Vietnam,VNM,1964,6035000
Vietnam,VNM,1965,6040000
Vietnam,VNM,1966,6045000
Vietnam,VNM,1967,6070000
Vietnam,VNM,1968,6095000
Vietnam,VNM,1969,6110000
Vietnam,VNM,1970,6145000
Vietnam,VNM,1971,6150000
Vietnam,VNM,1972,6175000
Vietnam,VNM,1973,6210000
Vietnam,VNM,1974,6235000
Vietnam,VNM,1975,6240000
Vietnam,VNM,1976,6450000
Vietnam,VNM,1977,6540000
Vietnam,VNM,1978,6564000
Vietnam,VNM,1979,6570000
Vietnam,VNM,1980,6570000
Vietnam,VNM,1981,6580000
Vietnam,VNM,1982,6580000
Vietnam,VNM,1983,6590000
Vietnam,VNM,1984,6590000
Vietnam,VNM,1985,6421000
Vietnam,VNM,1986,6400000
Vietnam,VNM,1987,6387000
Vietnam,VNM,1988,6380000
Vietnam,VNM,1989,6380000
Vietnam,VNM,1990,6384000
Vietnam,VNM,1991,6425000
Vietnam,VNM,1992,6697000
Vietnam,VNM,1993,6759000
Vietnam,VNM,1994,6812000
Vietnam,VNM,1995,6750999
Vietnam,VNM,1996,7004000
Vietnam,VNM,1997,7202000
Vietnam,VNM,1998,7413000
Vietnam,VNM,1999,7771000
Vietnam,VNM,2000,8138000
Vietnam,VNM,2001,8841000
Vietnam,VNM,2002,8813000
Vietnam,VNM,2003,8895000
Vietnam,VNM,2004,9153600
Vietnam,VNM,2005,9412100
Vietnam,VNM,2006,9436000
Vietnam,VNM,2007,9420600
Vietnam,VNM,2008,9598800
Vietnam,VNM,2009,9650000
Vietnam,VNM,2010,10118100
Vietnam,VNM,2011,10126600
Vietnam,VNM,2012,10151300
Vietnam,VNM,2013,10210800
Vietnam,VNM,2014,10231700
Vietnam,VNM,2015,11505800
Vietnam,VNM,2016,11530200
Vietnam,VNM,2017,11526800
Vietnam,VNM,2018,12180210
Vietnam,VNM,2019,12573260
Vietnam,VNM,2020,12966310
Vietnam,VNM,2021,13359359
Vietnam,VNM,2022,13752409
Vietnam,VNM,2023,14145459
Western Sahara,ESH,-10000,0
Western Sahara,ESH,-9000,0
Western Sahara,ESH,-8000,0
Western Sahara,ESH,-7000,0
Western Sahara,ESH,-6000,0
Western Sahara,ESH,-5000,0
Western Sahara,ESH,-4000,0
Western Sahara,ESH,-3000,0
Western Sahara,ESH,-2000,0
Western Sahara,ESH,-1000,0
Western Sahara,ESH,0,0
Western Sahara,ESH,100,0
Western Sahara,ESH,200,0
Western Sahara,ESH,300,0
Western Sahara,ESH,400,0
Western Sahara,ESH,500,0
Western Sahara,ESH,600,0
Western Sahara,ESH,700,0
Western Sahara,ESH,800,0
Western Sahara,ESH,900,0
Western Sahara,ESH,1000,0
Western Sahara,ESH,1100,0
Western Sahara,ESH,1200,0
Western Sahara,ESH,1300,0
Western Sahara,ESH,1400,0
Western Sahara,ESH,1500,0
Western Sahara,ESH,1600,0
Western Sahara,ESH,1700,0
Western Sahara,ESH,1710,0
Western Sahara,ESH,1720,0
Western Sahara,ESH,1730,0
Western Sahara,ESH,1740,0
Western Sahara,ESH,1750,0
Western Sahara,ESH,1760,0
Western Sahara,ESH,1770,0
Western Sahara,ESH,1780,0
Western Sahara,ESH,1790,0
Western Sahara,ESH,1800,0
Western Sahara,ESH,1810,0
Western Sahara,ESH,1820,0
Western Sahara,ESH,1830,0
Western Sahara,ESH,1840,0
Western Sahara,ESH,1850,0
Western Sahara,ESH,1860,0
Western Sahara,ESH,1870,0
Western Sahara,ESH,1880,0
Western Sahara,ESH,1890,0
Western Sahara,ESH,1900,0
Western Sahara,ESH,1910,0
Western Sahara,ESH,1920,0
Western Sahara,ESH,1930,0
Western Sahara,ESH,1940,0
Western Sahara,ESH,1950,0
Western Sahara,ESH,1951,0
Western Sahara,ESH,1952,0
Western Sahara,ESH,1953,0
Western Sahara,ESH,1954,0
Western Sahara,ESH,1955,0
Western Sahara,ESH,1956,0
Western Sahara,ESH,1957,0
Western Sahara,ESH,1958,0
Western Sahara,ESH,1959,0
Western Sahara,ESH,1960,0
Western Sahara,ESH,1961,0
Western Sahara,ESH,1962,0
Western Sahara,ESH,1963,0
Western Sahara,ESH,1964,0
Western Sahara,ESH,1965,0
Western Sahara,ESH,1966,0
Western Sahara,ESH,1967,0
Western Sahara,ESH,1968,0
Western Sahara,ESH,1969,0
Western Sahara,ESH,1970,0
Western Sahara,ESH,1971,0
Western Sahara,ESH,1972,0
Western Sahara,ESH,1973,0
Western Sahara,ESH,1974,0
Western Sahara,ESH,1975,0
Western Sahara,ESH,1976,0
Western Sahara,ESH,1977,0
Western Sahara,ESH,1978,0
Western Sahara,ESH,1979,0
Western Sahara,ESH,1980,0
Western Sahara,ESH,1981,0
Western Sahara,ESH,1982,0
Western Sahara,ESH,1983,0
Western Sahara,ESH,1984,0
Western Sahara,ESH,1985,0
Western Sahara,ESH,1986,0
Western Sahara,ESH,1987,0
Western Sahara,ESH,1988,0
Western Sahara,ESH,1989,0
Western Sahara,ESH,1990,0
Western Sahara,ESH,1991,0
Western Sahara,ESH,1992,0
Western Sahara,ESH,1993,0
Western Sahara,ESH,1994,0
Western Sahara,ESH,1995,0
Western Sahara,ESH,1996,0
Western Sahara,ESH,1997,0
Western Sahara,ESH,1998,0
Western Sahara,ESH,1999,0
Western Sahara,ESH,2000,0
Western Sahara,ESH,2001,0
Western Sahara,ESH,2002,0
Western Sahara,ESH,2003,0
Western Sahara,ESH,2004,0
Western Sahara,ESH,2005,0
Western Sahara,ESH,2006,0
Western Sahara,ESH,2007,0
Western Sahara,ESH,2008,0
Western Sahara,ESH,2009,0
Western Sahara,ESH,2010,0
Western Sahara,ESH,2011,0
Western Sahara,ESH,2012,0
Western Sahara,ESH,2013,0
Western Sahara,ESH,2014,0
Western Sahara,ESH,2015,0
Western Sahara,ESH,2016,0
Western Sahara,ESH,2017,0
Western Sahara,ESH,2018,0
Western Sahara,ESH,2019,0
Western Sahara,ESH,2020,0
Western Sahara,ESH,2021,0
Western Sahara,ESH,2022,0
Western Sahara,ESH,2023,0
World,OWID_WRL,-10000,0
World,OWID_WRL,-9000,19881.844
World,OWID_WRL,-8000,156845.81
World,OWID_WRL,-7000,447238.03
World,OWID_WRL,-6000,1315639.4
World,OWID_WRL,-5000,4145181.2
World,OWID_WRL,-4000,9766368
World,OWID_WRL,-3000,18472852
World,OWID_WRL,-2000,40265680
World,OWID_WRL,-1000,65436490
World,OWID_WRL,0,149599890
World,OWID_WRL,100,151479980
World,OWID_WRL,200,150772980
World,OWID_WRL,300,136301060
World,OWID_WRL,400,141214640
World,OWID_WRL,500,143058200
World,OWID_WRL,600,150360020
World,OWID_WRL,700,151319520
World,OWID_WRL,800,156549940
World,OWID_WRL,900,174992720
World,OWID_WRL,1000,184437920
World,OWID_WRL,1100,234346080
World,OWID_WRL,1200,266852830
World,OWID_WRL,1300,269893440
World,OWID_WRL,1400,246333300
World,OWID_WRL,1500,282555070
World,OWID_WRL,1600,299027460
World,OWID_WRL,1700,328529730
World,OWID_WRL,1710,342531360
World,OWID_WRL,1720,357249660
World,OWID_WRL,1730,370749280
World,OWID_WRL,1740,384003840
World,OWID_WRL,1750,397677020
World,OWID_WRL,1760,411042000
World,OWID_WRL,1770,425083460
World,OWID_WRL,1780,440863000
World,OWID_WRL,1790,457880900
World,OWID_WRL,1800,477082560
World,OWID_WRL,1810,499989250
World,OWID_WRL,1820,524989060
World,OWID_WRL,1830,553355460
World,OWID_WRL,1840,590128960
World,OWID_WRL,1850,623590500
World,OWID_WRL,1860,669015200
World,OWID_WRL,1870,702655700
World,OWID_WRL,1880,771087500
World,OWID_WRL,1890,837496800
World,OWID_WRL,1900,900337500
World,OWID_WRL,1910,994398600
World,OWID_WRL,1920,1034337200
World,OWID_WRL,1930,1111718700
World,OWID_WRL,1940,1176703400
World,OWID_WRL,1950,1204338200
World,OWID_WRL,1951,1215514800
World,OWID_WRL,1952,1228210300
World,OWID_WRL,1953,1241651000
World,OWID_WRL,1954,1255268200
World,OWID_WRL,1955,1269315100
World,OWID_WRL,1956,1283703600
World,OWID_WRL,1957,1298455400
World,OWID_WRL,1958,1313543200
World,OWID_WRL,1959,1327842000
World,OWID_WRL,1960,1337319200
World,OWID_WRL,1961,1345820900
World,OWID_WRL,1962,1347590000
World,OWID_WRL,1963,1354976300
World,OWID_WRL,1964,1357249300
World,OWID_WRL,1965,1362772000
World,OWID_WRL,1966,1359699500
World,OWID_WRL,1967,1363387000
World,OWID_WRL,1968,1375179600
World,OWID_WRL,1969,1390539600
World,OWID_WRL,1970,1386271900
World,OWID_WRL,1971,1381450400
World,OWID_WRL,1972,1380604300
World,OWID_WRL,1973,1386693400
World,OWID_WRL,1974,1383968900
World,OWID_WRL,1975,1382351100
World,OWID_WRL,1976,1386230900
World,OWID_WRL,1977,1383928400
World,OWID_WRL,1978,1389991000
World,OWID_WRL,1979,1391992800
World,OWID_WRL,1980,1394078000
World,OWID_WRL,1981,1394528900
World,OWID_WRL,1982,1405574900
World,OWID_WRL,1983,1410561700
World,OWID_WRL,1984,1428643100
World,OWID_WRL,1985,1445059000
World,OWID_WRL,1986,1454480000
World,OWID_WRL,1987,1461097900
World,OWID_WRL,1988,1463447900
World,OWID_WRL,1989,1466558800
World,OWID_WRL,1990,1471521400
World,OWID_WRL,1991,1477166200
World,OWID_WRL,1992,1474671100
World,OWID_WRL,1993,1477388000
World,OWID_WRL,1994,1478465200
World,OWID_WRL,1995,1480673800
World,OWID_WRL,1996,1480940200
World,OWID_WRL,1997,1486931800
World,OWID_WRL,1998,1486750200
World,OWID_WRL,1999,1490307500
World,OWID_WRL,2000,1490009600
World,OWID_WRL,2001,1486652200
World,OWID_WRL,2002,1482911900
World,OWID_WRL,2003,1484779100
World,OWID_WRL,2004,1491103700
World,OWID_WRL,2005,1499999900
World,OWID_WRL,2006,1496398000
World,OWID_WRL,2007,1497603800
World,OWID_WRL,2008,1501064400
World,OWID_WRL,2009,1504368800
World,OWID_WRL,2010,1510034800
World,OWID_WRL,2011,1522325200
World,OWID_WRL,2012,1534957700
World,OWID_WRL,2013,1539630500
World,OWID_WRL,2014,1543740500
World,OWID_WRL,2015,1562512600
World,OWID_WRL,2016,1568776700
World,OWID_WRL,2017,1576177500
World,OWID_WRL,2018,1586399700
World,OWID_WRL,2019,1589761700
World,OWID_WRL,2020,1598440000
World,OWID_WRL,2021,1608321400
World,OWID_WRL,2022,1617392600
World,OWID_WRL,2023,1626663600
Yemen,YEM,-10000,0
Yemen,YEM,-9000,0
Yemen,YEM,-8000,0
Yemen,YEM,-7000,0
Yemen,YEM,-6000,0
Yemen,YEM,-5000,0
Yemen,YEM,-4000,0
Yemen,YEM,-3000,0
Yemen,YEM,-2000,316576
Yemen,YEM,-1000,633151.9
Yemen,YEM,0,1105921.1
Yemen,YEM,100,1265344.4
Yemen,YEM,200,1446403.5
Yemen,YEM,300,1651660.1
Yemen,YEM,400,1883855.2
Yemen,YEM,500,2145873
Yemen,YEM,600,2440681.8
Yemen,YEM,700,2428536.8
Yemen,YEM,800,2410713.8
Yemen,YEM,900,2183912.5
Yemen,YEM,1000,1962659.4
Yemen,YEM,1100,1684076.1
Yemen,YEM,1200,1699819.9
Yemen,YEM,1300,1702748.5
Yemen,YEM,1400,1506604.2
Yemen,YEM,1500,1555248.6
Yemen,YEM,1600,1602769.5
Yemen,YEM,1700,1308911.4
Yemen,YEM,1710,1298521.8
Yemen,YEM,1720,1299406.1
Yemen,YEM,1730,1299718.5
Yemen,YEM,1740,1299414.4
Yemen,YEM,1750,1298445
Yemen,YEM,1760,1296756.6
Yemen,YEM,1770,1294289.5
Yemen,YEM,1780,1290977.4
Yemen,YEM,1790,1286746.1
Yemen,YEM,1800,1281512.5
Yemen,YEM,1810,1275182.5
Yemen,YEM,1820,1267649.4
Yemen,YEM,1830,1255771.8
Yemen,YEM,1840,1255002.5
Yemen,YEM,1850,1252495.2
Yemen,YEM,1860,1248013.4
Yemen,YEM,1870,1241275.2
Yemen,YEM,1880,1254065
Yemen,YEM,1890,1262038.5
Yemen,YEM,1900,1264588.6
Yemen,YEM,1910,1260944.9
Yemen,YEM,1920,1313005.6
Yemen,YEM,1930,1350667
Yemen,YEM,1940,1371068.8
Yemen,YEM,1950,1369999.4
Yemen,YEM,1951,1381881.6
Yemen,YEM,1952,1393446.4
Yemen,YEM,1953,1404753.1
Yemen,YEM,1954,1415853.4
Yemen,YEM,1955,1426797.1
Yemen,YEM,1956,1437636.9
Yemen,YEM,1957,1448417.5
Yemen,YEM,1958,1459182.1
Yemen,YEM,1959,1469972.9
Yemen,YEM,1960,1337000
Yemen,YEM,1961,1337000
Yemen,YEM,1962,1347998.2
Yemen,YEM,1963,1360000
Yemen,YEM,1964,1370000
Yemen,YEM,1965,1380000
Yemen,YEM,1966,1391000
Yemen,YEM,1967,1398000
Yemen,YEM,1968,1403000
Yemen,YEM,1969,1413000
Yemen,YEM,1970,1418000
Yemen,YEM,1971,1426000
Yemen,YEM,1972,1437000
Yemen,YEM,1973,1442000
Yemen,YEM,1974,1447000
Yemen,YEM,1975,1460000
Yemen,YEM,1976,1460000
Yemen,YEM,1977,1460000
Yemen,YEM,1978,1462000
Yemen,YEM,1979,1463000
Yemen,YEM,1980,1463000
Yemen,YEM,1981,1465000
Yemen,YEM,1982,1465000
Yemen,YEM,1983,1465000
Yemen,YEM,1984,1465000
Yemen,YEM,1985,1470000
Yemen,YEM,1986,1470000
Yemen,YEM,1987,1479000
Yemen,YEM,1988,1479000
Yemen,YEM,1989,1481000
Yemen,YEM,1990,1626000
Yemen,YEM,1991,1631000
Yemen,YEM,1992,1481000
Yemen,YEM,1993,1725000
Yemen,YEM,1994,1730000
Yemen,YEM,1995,1736000
Yemen,YEM,1996,1755000
Yemen,YEM,1997,1720000
Yemen,YEM,1998,1680000
Yemen,YEM,1999,1668000
Yemen,YEM,2000,1669000
Yemen,YEM,2001,1595000
Yemen,YEM,2002,1656000
Yemen,YEM,2003,1495000
Yemen,YEM,2004,1557000
Yemen,YEM,2005,1523000
Yemen,YEM,2006,1627000
Yemen,YEM,2007,1627000
Yemen,YEM,2008,1517000
Yemen,YEM,2009,1452000
Yemen,YEM,2010,1579000
Yemen,YEM,2011,1452000
Yemen,YEM,2012,1501000
Yemen,YEM,2013,1499000
Yemen,YEM,2014,1451600
Yemen,YEM,2015,1432600
Yemen,YEM,2016,1385800
Yemen,YEM,2017,1387700
Yemen,YEM,2018,1344820
Yemen,YEM,2019,1315980
Yemen,YEM,2020,1287140
Yemen,YEM,2021,1258300
Yemen,YEM,2022,1229460
Yemen,YEM,2023,1200620
Zambia,ZMB,-10000,0
Zambia,ZMB,-9000,0
Zambia,ZMB,-8000,0
Zambia,ZMB,-7000,0
Zambia,ZMB,-6000,0
Zambia,ZMB,-5000,0
Zambia,ZMB,-4000,0
Zambia,ZMB,-3000,0
Zambia,ZMB,-2000,0
Zambia,ZMB,-1000,0
Zambia,ZMB,0,0
Zambia,ZMB,100,0
Zambia,ZMB,200,0
Zambia,ZMB,300,0
Zambia,ZMB,400,0
Zambia,ZMB,500,0
Zambia,ZMB,600,0
Zambia,ZMB,700,0
Zambia,ZMB,800,0
Zambia,ZMB,900,0
Zambia,ZMB,1000,131450.6
Zambia,ZMB,1100,157740.7
Zambia,ZMB,1200,184030.83
Zambia,ZMB,1300,210320.95
Zambia,ZMB,1400,236611.06
Zambia,ZMB,1500,262901.2
Zambia,ZMB,1600,285247.78
Zambia,ZMB,1700,307594.38
Zambia,ZMB,1710,295282.4
Zambia,ZMB,1720,300924.72
Zambia,ZMB,1730,306929.88
Zambia,ZMB,1740,313339.1
Zambia,ZMB,1750,320200.53
Zambia,ZMB,1760,327570.88
Zambia,ZMB,1770,335517.34
Zambia,ZMB,1780,344120.38
Zambia,ZMB,1790,353477.1
Zambia,ZMB,1800,363706.34
Zambia,ZMB,1810,374954.97
Zambia,ZMB,1820,387407.38
Zambia,ZMB,1830,401298.47
Zambia,ZMB,1840,416933.5
Zambia,ZMB,1850,434717.38
Zambia,ZMB,1860,455201.4
Zambia,ZMB,1870,479159.44
Zambia,ZMB,1880,507718.56
Zambia,ZMB,1890,542600
Zambia,ZMB,1900,586594.56
Zambia,ZMB,1910,644609.44
Zambia,ZMB,1920,726320.5
Zambia,ZMB,1930,854494.75
Zambia,ZMB,1940,1102573.9
Zambia,ZMB,1950,2004679.8
Zambia,ZMB,1951,1927057
Zambia,ZMB,1952,1977022.6
Zambia,ZMB,1953,2030374.8
Zambia,ZMB,1954,2086534.4
Zambia,ZMB,1955,2145146
Zambia,ZMB,1956,2206130
Zambia,ZMB,1957,2269624.5
Zambia,ZMB,1958,2335990.5
Zambia,ZMB,1959,2405725.5
Zambia,ZMB,1960,2479304.8
Zambia,ZMB,1961,2557000
Zambia,ZMB,1962,2560000
Zambia,ZMB,1963,2584000
Zambia,ZMB,1964,2609000
Zambia,ZMB,1965,2613000
Zambia,ZMB,1966,2667000
Zambia,ZMB,1967,2681000
Zambia,ZMB,1968,2715000
Zambia,ZMB,1969,2744000
Zambia,ZMB,1970,2774000
Zambia,ZMB,1971,2903000
Zambia,ZMB,1972,3071000
Zambia,ZMB,1973,2924000
Zambia,ZMB,1974,2952000
Zambia,ZMB,1975,2937000
Zambia,ZMB,1976,3060000
Zambia,ZMB,1977,2894000
Zambia,ZMB,1978,2735000
Zambia,ZMB,1979,2320000
Zambia,ZMB,1980,2346000
Zambia,ZMB,1981,2286000
Zambia,ZMB,1982,2228000
Zambia,ZMB,1983,2341000
Zambia,ZMB,1984,2332000
Zambia,ZMB,1985,2425000
Zambia,ZMB,1986,2485000
Zambia,ZMB,1987,2586000
Zambia,ZMB,1988,2709000
Zambia,ZMB,1989,3047000
Zambia,ZMB,1990,2911000
Zambia,ZMB,1991,2776000
Zambia,ZMB,1992,2800000
Zambia,ZMB,1993,2802000
Zambia,ZMB,1994,2873000
Zambia,ZMB,1995,2673000
Zambia,ZMB,1996,2900000
Zambia,ZMB,1997,2836000
Zambia,ZMB,1998,2725000
Zambia,ZMB,1999,2925000
Zambia,ZMB,2000,2848000
Zambia,ZMB,2001,2755000
Zambia,ZMB,2002,2616000
Zambia,ZMB,2003,2909000
Zambia,ZMB,2004,2897000
Zambia,ZMB,2005,2762000
Zambia,ZMB,2006,3048000
Zambia,ZMB,2007,2984000
Zambia,ZMB,2008,3087000
Zambia,ZMB,2009,3586000
Zambia,ZMB,2010,3436000
Zambia,ZMB,2011,3636000
Zambia,ZMB,2012,3836000
Zambia,ZMB,2013,3736000
Zambia,ZMB,2014,3836000
Zambia,ZMB,2015,3836000
Zambia,ZMB,2016,3836000
Zambia,ZMB,2017,3836000
Zambia,ZMB,2018,3876000
Zambia,ZMB,2019,3896000
Zambia,ZMB,2020,3916000
Zambia,ZMB,2021,3936000
Zambia,ZMB,2022,3956000
Zambia,ZMB,2023,3976000
Zimbabwe,ZWE,-10000,0
Zimbabwe,ZWE,-9000,0
Zimbabwe,ZWE,-8000,0
Zimbabwe,ZWE,-7000,0
Zimbabwe,ZWE,-6000,0
Zimbabwe,ZWE,-5000,0
Zimbabwe,ZWE,-4000,0
Zimbabwe,ZWE,-3000,0
Zimbabwe,ZWE,-2000,0
Zimbabwe,ZWE,-1000,0
Zimbabwe,ZWE,0,0
Zimbabwe,ZWE,100,0
Zimbabwe,ZWE,200,0
Zimbabwe,ZWE,300,0
Zimbabwe,ZWE,400,0
Zimbabwe,ZWE,500,0
Zimbabwe,ZWE,600,0
Zimbabwe,ZWE,700,0
Zimbabwe,ZWE,800,0
Zimbabwe,ZWE,900,0
Zimbabwe,ZWE,1000,77320.72
Zimbabwe,ZWE,1100,77320.72
Zimbabwe,ZWE,1200,77320.72
Zimbabwe,ZWE,1300,77320.72
Zimbabwe,ZWE,1400,77320.72
Zimbabwe,ZWE,1500,154641.44
Zimbabwe,ZWE,1600,167785.95
Zimbabwe,ZWE,1700,180930.48
Zimbabwe,ZWE,1710,184024.14
Zimbabwe,ZWE,1720,187540.52
Zimbabwe,ZWE,1730,191283
Zimbabwe,ZWE,1740,195277.31
Zimbabwe,ZWE,1750,199553.47
Zimbabwe,ZWE,1760,204146.77
Zimbabwe,ZWE,1770,209099.12
Zimbabwe,ZWE,1780,214460.64
Zimbabwe,ZWE,1790,220291.89
Zimbabwe,ZWE,1800,226666.89
Zimbabwe,ZWE,1810,233677.22
Zimbabwe,ZWE,1820,241437.72
Zimbabwe,ZWE,1830,250094.84
Zimbabwe,ZWE,1840,259838.8
Zimbabwe,ZWE,1850,270921.97
Zimbabwe,ZWE,1860,283687.9
Zimbabwe,ZWE,1870,298618.88
Zimbabwe,ZWE,1880,316417.34
Zimbabwe,ZWE,1890,338155.94
Zimbabwe,ZWE,1900,365573.97
Zimbabwe,ZWE,1910,401729.66
Zimbabwe,ZWE,1920,452653.12
Zimbabwe,ZWE,1930,532533.1
Zimbabwe,ZWE,1940,687139.44
Zimbabwe,ZWE,1950,1249344.5
Zimbabwe,ZWE,1951,1487704.5
Zimbabwe,ZWE,1952,1533768.5
Zimbabwe,ZWE,1953,1581903.5
Zimbabwe,ZWE,1954,1631834.9
Zimbabwe,ZWE,1955,1683418
Zimbabwe,ZWE,1956,1736649
Zimbabwe,ZWE,1957,1791663.6
Zimbabwe,ZWE,1958,1848701.4
Zimbabwe,ZWE,1959,1908087.1
Zimbabwe,ZWE,1960,1970130.9
Zimbabwe,ZWE,1961,2035000
Zimbabwe,ZWE,1962,2035000
Zimbabwe,ZWE,1963,2085000
Zimbabwe,ZWE,1964,2135000
Zimbabwe,ZWE,1965,2165000
Zimbabwe,ZWE,1966,2235000
Zimbabwe,ZWE,1967,2285000
Zimbabwe,ZWE,1968,2335000
Zimbabwe,ZWE,1969,2385000
Zimbabwe,ZWE,1970,2435000
Zimbabwe,ZWE,1971,2485000
Zimbabwe,ZWE,1972,2515000
Zimbabwe,ZWE,1973,2515000
Zimbabwe,ZWE,1974,2565000
Zimbabwe,ZWE,1975,2565000
Zimbabwe,ZWE,1976,2565000
Zimbabwe,ZWE,1977,2565000
Zimbabwe,ZWE,1978,2565000
Zimbabwe,ZWE,1979,2565000
Zimbabwe,ZWE,1980,2605000
Zimbabwe,ZWE,1981,2645000
Zimbabwe,ZWE,1982,2685000
Zimbabwe,ZWE,1983,2725000
Zimbabwe,ZWE,1984,2765000
Zimbabwe,ZWE,1985,2805000
Zimbabwe,ZWE,1986,2845000
Zimbabwe,ZWE,1987,2890000
Zimbabwe,ZWE,1988,2930000
Zimbabwe,ZWE,1989,2970000
Zimbabwe,ZWE,1990,3010000
Zimbabwe,ZWE,1991,3050000
Zimbabwe,ZWE,1992,3090000
Zimbabwe,ZWE,1993,3130000
Zimbabwe,ZWE,1994,3200000
Zimbabwe,ZWE,1995,3210000
Zimbabwe,ZWE,1996,3500000
Zimbabwe,ZWE,1997,3600000
Zimbabwe,ZWE,1998,3500000
Zimbabwe,ZWE,1999,3650000
Zimbabwe,ZWE,2000,3700000
Zimbabwe,ZWE,2001,3700000
Zimbabwe,ZWE,2002,3750000
Zimbabwe,ZWE,2003,3750000
Zimbabwe,ZWE,2004,3900000
Zimbabwe,ZWE,2005,4000000
Zimbabwe,ZWE,2006,4200000
Zimbabwe,ZWE,2007,4100000
Zimbabwe,ZWE,2008,4350000
Zimbabwe,ZWE,2009,4200000
Zimbabwe,ZWE,2010,4100000
Zimbabwe,ZWE,2011,4300000
Zimbabwe,ZWE,2012,4100000
Zimbabwe,ZWE,2013,4100000
Zimbabwe,ZWE,2014,4100000
Zimbabwe,ZWE,2015,4100000
Zimbabwe,ZWE,2016,4100000
Zimbabwe,ZWE,2017,4100000
Zimbabwe,ZWE,2018,4100000
Zimbabwe,ZWE,2019,4100000
Zimbabwe,ZWE,2020,4100000
Zimbabwe,ZWE,2021,4100000
Zimbabwe,ZWE,2022,4100000
Zimbabwe,ZWE,2023,4100000
